[0.948s] DEBUG:colcon:Command line arguments: ['/usr/bin/colcon', 'build', '--packages-up-to', 'diablo_ctrl', 'diablo_body', '--executor', 'sequential', '--symlink-install']
[0.948s] DEBUG:colcon:Parsed command line arguments: Namespace(log_base=None, log_level=None, verb_name='build', build_base='build', install_base='install', merge_install=False, symlink_install=True, test_result_base=None, continue_on_error=False, executor='sequential', parallel_workers=4, event_handlers=None, ignore_user_meta=False, metas=['./colcon.meta'], base_paths=['.'], packages_ignore=None, packages_ignore_regex=None, paths=None, packages_up_to=['diablo_ctrl', 'diablo_body'], packages_up_to_regex=None, packages_above=None, packages_above_and_dependencies=None, packages_above_depth=None, packages_select_by_dep=None, packages_skip_by_dep=None, packages_skip_up_to=None, packages_select_build_failed=False, packages_skip_build_finished=False, packages_select_test_failures=False, packages_skip_test_passed=False, packages_select=None, packages_skip=None, packages_select_regex=None, packages_skip_regex=None, packages_start=None, packages_end=None, allow_overriding=[], cmake_args=None, cmake_target=None, cmake_target_skip_unavailable=False, cmake_clean_cache=False, cmake_clean_first=False, cmake_force_configure=False, ament_cmake_args=None, catkin_cmake_args=None, catkin_skip_building_tests=False, mixin_files=None, mixin=None, verb_parser=<colcon_mixin.mixin.mixin_argument.MixinArgumentDecorator object at 0xffff8b4f3e20>, verb_extension=<colcon_core.verb.build.BuildVerb object at 0xffff8b648e50>, main=<bound method BuildVerb.main of <colcon_core.verb.build.BuildVerb object at 0xffff8b648e50>>, mixin_verb=('build',))
[1.943s] Level 1:colcon.colcon_core.package_discovery:discover_packages(colcon_meta) check parameters
[1.944s] Level 1:colcon.colcon_core.package_discovery:discover_packages(recursive) check parameters
[1.944s] Level 1:colcon.colcon_core.package_discovery:discover_packages(ignore) check parameters
[1.944s] Level 1:colcon.colcon_core.package_discovery:discover_packages(path) check parameters
[1.944s] Level 1:colcon.colcon_core.package_discovery:discover_packages(colcon_meta) discover
[1.944s] Level 1:colcon.colcon_core.package_discovery:discover_packages(recursive) discover
[1.944s] INFO:colcon.colcon_core.package_discovery:Crawling recursively for packages in '/home/diablo/diablo_ws'
[1.945s] Level 1:colcon.colcon_core.package_identification:_identify(.) by extensions ['ignore', 'ignore_ament_install']
[1.945s] Level 1:colcon.colcon_core.package_identification:_identify(.) by extension 'ignore'
[1.946s] Level 1:colcon.colcon_core.package_identification:_identify(.) by extension 'ignore_ament_install'
[1.946s] Level 1:colcon.colcon_core.package_identification:_identify(.) by extensions ['colcon_pkg']
[1.946s] Level 1:colcon.colcon_core.package_identification:_identify(.) by extension 'colcon_pkg'
[1.946s] Level 1:colcon.colcon_core.package_identification:_identify(.) by extensions ['colcon_meta']
[1.946s] Level 1:colcon.colcon_core.package_identification:_identify(.) by extension 'colcon_meta'
[1.947s] Level 1:colcon.colcon_core.package_identification:_identify(.) by extensions ['ros']
[1.947s] Level 1:colcon.colcon_core.package_identification:_identify(.) by extension 'ros'
[2.024s] Level 1:colcon.colcon_core.package_identification:_identify(.) by extensions ['cmake', 'python']
[2.024s] Level 1:colcon.colcon_core.package_identification:_identify(.) by extension 'cmake'
[2.024s] Level 1:colcon.colcon_core.package_identification:_identify(.) by extension 'python'
[2.024s] Level 1:colcon.colcon_core.package_identification:_identify(.) by extensions ['python_setup_py']
[2.024s] Level 1:colcon.colcon_core.package_identification:_identify(.) by extension 'python_setup_py'
[2.025s] Level 1:colcon.colcon_core.package_identification:_identify(build) by extensions ['ignore', 'ignore_ament_install']
[2.025s] Level 1:colcon.colcon_core.package_identification:_identify(build) by extension 'ignore'
[2.026s] Level 1:colcon.colcon_core.package_identification:_identify(build) ignored
[2.026s] Level 1:colcon.colcon_core.package_identification:_identify(install) by extensions ['ignore', 'ignore_ament_install']
[2.027s] Level 1:colcon.colcon_core.package_identification:_identify(install) by extension 'ignore'
[2.027s] Level 1:colcon.colcon_core.package_identification:_identify(install) ignored
[2.027s] Level 1:colcon.colcon_core.package_identification:_identify(log) by extensions ['ignore', 'ignore_ament_install']
[2.027s] Level 1:colcon.colcon_core.package_identification:_identify(log) by extension 'ignore'
[2.028s] Level 1:colcon.colcon_core.package_identification:_identify(log) ignored
[2.029s] Level 1:colcon.colcon_core.package_identification:_identify(src) by extensions ['ignore', 'ignore_ament_install']
[2.029s] Level 1:colcon.colcon_core.package_identification:_identify(src) by extension 'ignore'
[2.030s] Level 1:colcon.colcon_core.package_identification:_identify(src) by extension 'ignore_ament_install'
[2.030s] Level 1:colcon.colcon_core.package_identification:_identify(src) by extensions ['colcon_pkg']
[2.030s] Level 1:colcon.colcon_core.package_identification:_identify(src) by extension 'colcon_pkg'
[2.030s] Level 1:colcon.colcon_core.package_identification:_identify(src) by extensions ['colcon_meta']
[2.030s] Level 1:colcon.colcon_core.package_identification:_identify(src) by extension 'colcon_meta'
[2.030s] Level 1:colcon.colcon_core.package_identification:_identify(src) by extensions ['ros']
[2.030s] Level 1:colcon.colcon_core.package_identification:_identify(src) by extension 'ros'
[2.031s] Level 1:colcon.colcon_core.package_identification:_identify(src) by extensions ['cmake', 'python']
[2.031s] Level 1:colcon.colcon_core.package_identification:_identify(src) by extension 'cmake'
[2.031s] Level 1:colcon.colcon_core.package_identification:_identify(src) by extension 'python'
[2.031s] Level 1:colcon.colcon_core.package_identification:_identify(src) by extensions ['python_setup_py']
[2.031s] Level 1:colcon.colcon_core.package_identification:_identify(src) by extension 'python_setup_py'
[2.032s] Level 1:colcon.colcon_core.package_identification:_identify(src/EasyNavigation) by extensions ['ignore', 'ignore_ament_install']
[2.033s] Level 1:colcon.colcon_core.package_identification:_identify(src/EasyNavigation) by extension 'ignore'
[2.033s] Level 1:colcon.colcon_core.package_identification:_identify(src/EasyNavigation) by extension 'ignore_ament_install'
[2.033s] Level 1:colcon.colcon_core.package_identification:_identify(src/EasyNavigation) by extensions ['colcon_pkg']
[2.033s] Level 1:colcon.colcon_core.package_identification:_identify(src/EasyNavigation) by extension 'colcon_pkg'
[2.033s] Level 1:colcon.colcon_core.package_identification:_identify(src/EasyNavigation) by extensions ['colcon_meta']
[2.034s] Level 1:colcon.colcon_core.package_identification:_identify(src/EasyNavigation) by extension 'colcon_meta'
[2.034s] Level 1:colcon.colcon_core.package_identification:_identify(src/EasyNavigation) by extensions ['ros']
[2.034s] Level 1:colcon.colcon_core.package_identification:_identify(src/EasyNavigation) by extension 'ros'
[2.034s] Level 1:colcon.colcon_core.package_identification:_identify(src/EasyNavigation) by extensions ['cmake', 'python']
[2.034s] Level 1:colcon.colcon_core.package_identification:_identify(src/EasyNavigation) by extension 'cmake'
[2.035s] Level 1:colcon.colcon_core.package_identification:_identify(src/EasyNavigation) by extension 'python'
[2.035s] Level 1:colcon.colcon_core.package_identification:_identify(src/EasyNavigation) by extensions ['python_setup_py']
[2.035s] Level 1:colcon.colcon_core.package_identification:_identify(src/EasyNavigation) by extension 'python_setup_py'
[2.036s] Level 1:colcon.colcon_core.package_identification:_identify(src/NavMap) by extensions ['ignore', 'ignore_ament_install']
[2.036s] Level 1:colcon.colcon_core.package_identification:_identify(src/NavMap) by extension 'ignore'
[2.036s] Level 1:colcon.colcon_core.package_identification:_identify(src/NavMap) by extension 'ignore_ament_install'
[2.037s] Level 1:colcon.colcon_core.package_identification:_identify(src/NavMap) by extensions ['colcon_pkg']
[2.037s] Level 1:colcon.colcon_core.package_identification:_identify(src/NavMap) by extension 'colcon_pkg'
[2.037s] Level 1:colcon.colcon_core.package_identification:_identify(src/NavMap) by extensions ['colcon_meta']
[2.037s] Level 1:colcon.colcon_core.package_identification:_identify(src/NavMap) by extension 'colcon_meta'
[2.037s] Level 1:colcon.colcon_core.package_identification:_identify(src/NavMap) by extensions ['ros']
[2.037s] Level 1:colcon.colcon_core.package_identification:_identify(src/NavMap) by extension 'ros'
[2.038s] Level 1:colcon.colcon_core.package_identification:_identify(src/NavMap) by extensions ['cmake', 'python']
[2.038s] Level 1:colcon.colcon_core.package_identification:_identify(src/NavMap) by extension 'cmake'
[2.038s] Level 1:colcon.colcon_core.package_identification:_identify(src/NavMap) by extension 'python'
[2.038s] Level 1:colcon.colcon_core.package_identification:_identify(src/NavMap) by extensions ['python_setup_py']
[2.038s] Level 1:colcon.colcon_core.package_identification:_identify(src/NavMap) by extension 'python_setup_py'
[2.039s] Level 1:colcon.colcon_core.package_identification:_identify(src/diablo_ros2) by extensions ['ignore', 'ignore_ament_install']
[2.040s] Level 1:colcon.colcon_core.package_identification:_identify(src/diablo_ros2) by extension 'ignore'
[2.040s] Level 1:colcon.colcon_core.package_identification:_identify(src/diablo_ros2) by extension 'ignore_ament_install'
[2.040s] Level 1:colcon.colcon_core.package_identification:_identify(src/diablo_ros2) by extensions ['colcon_pkg']
[2.040s] Level 1:colcon.colcon_core.package_identification:_identify(src/diablo_ros2) by extension 'colcon_pkg'
[2.041s] Level 1:colcon.colcon_core.package_identification:_identify(src/diablo_ros2) by extensions ['colcon_meta']
[2.041s] Level 1:colcon.colcon_core.package_identification:_identify(src/diablo_ros2) by extension 'colcon_meta'
[2.041s] Level 1:colcon.colcon_core.package_identification:_identify(src/diablo_ros2) by extensions ['ros']
[2.041s] Level 1:colcon.colcon_core.package_identification:_identify(src/diablo_ros2) by extension 'ros'
[2.041s] Level 1:colcon.colcon_core.package_identification:_identify(src/diablo_ros2) by extensions ['cmake', 'python']
[2.042s] Level 1:colcon.colcon_core.package_identification:_identify(src/diablo_ros2) by extension 'cmake'
[2.042s] Level 1:colcon.colcon_core.package_identification:_identify(src/diablo_ros2) by extension 'python'
[2.042s] Level 1:colcon.colcon_core.package_identification:_identify(src/diablo_ros2) by extensions ['python_setup_py']
[2.042s] Level 1:colcon.colcon_core.package_identification:_identify(src/diablo_ros2) by extension 'python_setup_py'
[2.043s] Level 1:colcon.colcon_core.package_identification:_identify(src/diablo_ros2/diablo_ception) by extensions ['ignore', 'ignore_ament_install']
[2.043s] Level 1:colcon.colcon_core.package_identification:_identify(src/diablo_ros2/diablo_ception) by extension 'ignore'
[2.044s] Level 1:colcon.colcon_core.package_identification:_identify(src/diablo_ros2/diablo_ception) by extension 'ignore_ament_install'
[2.044s] Level 1:colcon.colcon_core.package_identification:_identify(src/diablo_ros2/diablo_ception) by extensions ['colcon_pkg']
[2.044s] Level 1:colcon.colcon_core.package_identification:_identify(src/diablo_ros2/diablo_ception) by extension 'colcon_pkg'
[2.044s] Level 1:colcon.colcon_core.package_identification:_identify(src/diablo_ros2/diablo_ception) by extensions ['colcon_meta']
[2.044s] Level 1:colcon.colcon_core.package_identification:_identify(src/diablo_ros2/diablo_ception) by extension 'colcon_meta'
[2.044s] Level 1:colcon.colcon_core.package_identification:_identify(src/diablo_ros2/diablo_ception) by extensions ['ros']
[2.045s] Level 1:colcon.colcon_core.package_identification:_identify(src/diablo_ros2/diablo_ception) by extension 'ros'
[2.045s] Level 1:colcon.colcon_core.package_identification:_identify(src/diablo_ros2/diablo_ception) by extensions ['cmake', 'python']
[2.045s] Level 1:colcon.colcon_core.package_identification:_identify(src/diablo_ros2/diablo_ception) by extension 'cmake'
[2.045s] Level 1:colcon.colcon_core.package_identification:_identify(src/diablo_ros2/diablo_ception) by extension 'python'
[2.046s] Level 1:colcon.colcon_core.package_identification:_identify(src/diablo_ros2/diablo_ception) by extensions ['python_setup_py']
[2.046s] Level 1:colcon.colcon_core.package_identification:_identify(src/diablo_ros2/diablo_ception) by extension 'python_setup_py'
[2.047s] Level 1:colcon.colcon_core.package_identification:_identify(src/diablo_ros2/diablo_ception/diablo_body) by extensions ['ignore', 'ignore_ament_install']
[2.047s] Level 1:colcon.colcon_core.package_identification:_identify(src/diablo_ros2/diablo_ception/diablo_body) by extension 'ignore'
[2.047s] Level 1:colcon.colcon_core.package_identification:_identify(src/diablo_ros2/diablo_ception/diablo_body) by extension 'ignore_ament_install'
[2.047s] Level 1:colcon.colcon_core.package_identification:_identify(src/diablo_ros2/diablo_ception/diablo_body) by extensions ['colcon_pkg']
[2.048s] Level 1:colcon.colcon_core.package_identification:_identify(src/diablo_ros2/diablo_ception/diablo_body) by extension 'colcon_pkg'
[2.048s] Level 1:colcon.colcon_core.package_identification:_identify(src/diablo_ros2/diablo_ception/diablo_body) by extensions ['colcon_meta']
[2.048s] Level 1:colcon.colcon_core.package_identification:_identify(src/diablo_ros2/diablo_ception/diablo_body) by extension 'colcon_meta'
[2.048s] Level 1:colcon.colcon_core.package_identification:_identify(src/diablo_ros2/diablo_ception/diablo_body) by extensions ['ros']
[2.048s] Level 1:colcon.colcon_core.package_identification:_identify(src/diablo_ros2/diablo_ception/diablo_body) by extension 'ros'
[2.062s] DEBUG:colcon.colcon_core.package_identification:Package 'src/diablo_ros2/diablo_ception/diablo_body' with type 'ros.ament_cmake' and name 'diablo_body'
[2.063s] Level 1:colcon.colcon_core.package_identification:_identify(src/diablo_ros2/diablo_common) by extensions ['ignore', 'ignore_ament_install']
[2.064s] Level 1:colcon.colcon_core.package_identification:_identify(src/diablo_ros2/diablo_common) by extension 'ignore'
[2.064s] Level 1:colcon.colcon_core.package_identification:_identify(src/diablo_ros2/diablo_common) by extension 'ignore_ament_install'
[2.064s] Level 1:colcon.colcon_core.package_identification:_identify(src/diablo_ros2/diablo_common) by extensions ['colcon_pkg']
[2.064s] Level 1:colcon.colcon_core.package_identification:_identify(src/diablo_ros2/diablo_common) by extension 'colcon_pkg'
[2.065s] Level 1:colcon.colcon_core.package_identification:_identify(src/diablo_ros2/diablo_common) by extensions ['colcon_meta']
[2.065s] Level 1:colcon.colcon_core.package_identification:_identify(src/diablo_ros2/diablo_common) by extension 'colcon_meta'
[2.065s] Level 1:colcon.colcon_core.package_identification:_identify(src/diablo_ros2/diablo_common) by extensions ['ros']
[2.065s] Level 1:colcon.colcon_core.package_identification:_identify(src/diablo_ros2/diablo_common) by extension 'ros'
[2.066s] Level 1:colcon.colcon_core.package_identification:_identify(src/diablo_ros2/diablo_common) by extensions ['cmake', 'python']
[2.066s] Level 1:colcon.colcon_core.package_identification:_identify(src/diablo_ros2/diablo_common) by extension 'cmake'
[2.066s] Level 1:colcon.colcon_core.package_identification:_identify(src/diablo_ros2/diablo_common) by extension 'python'
[2.066s] Level 1:colcon.colcon_core.package_identification:_identify(src/diablo_ros2/diablo_common) by extensions ['python_setup_py']
[2.066s] Level 1:colcon.colcon_core.package_identification:_identify(src/diablo_ros2/diablo_common) by extension 'python_setup_py'
[2.067s] Level 1:colcon.colcon_core.package_identification:_identify(src/diablo_ros2/diablo_common/diablo_utils) by extensions ['ignore', 'ignore_ament_install']
[2.068s] Level 1:colcon.colcon_core.package_identification:_identify(src/diablo_ros2/diablo_common/diablo_utils) by extension 'ignore'
[2.068s] Level 1:colcon.colcon_core.package_identification:_identify(src/diablo_ros2/diablo_common/diablo_utils) by extension 'ignore_ament_install'
[2.068s] Level 1:colcon.colcon_core.package_identification:_identify(src/diablo_ros2/diablo_common/diablo_utils) by extensions ['colcon_pkg']
[2.068s] Level 1:colcon.colcon_core.package_identification:_identify(src/diablo_ros2/diablo_common/diablo_utils) by extension 'colcon_pkg'
[2.068s] Level 1:colcon.colcon_core.package_identification:_identify(src/diablo_ros2/diablo_common/diablo_utils) by extensions ['colcon_meta']
[2.069s] Level 1:colcon.colcon_core.package_identification:_identify(src/diablo_ros2/diablo_common/diablo_utils) by extension 'colcon_meta'
[2.069s] Level 1:colcon.colcon_core.package_identification:_identify(src/diablo_ros2/diablo_common/diablo_utils) by extensions ['ros']
[2.069s] Level 1:colcon.colcon_core.package_identification:_identify(src/diablo_ros2/diablo_common/diablo_utils) by extension 'ros'
[2.072s] DEBUG:colcon.colcon_core.package_identification:Package 'src/diablo_ros2/diablo_common/diablo_utils' with type 'ros.ament_cmake' and name 'diablo_utils'
[2.073s] Level 1:colcon.colcon_core.package_identification:_identify(src/diablo_ros2/diablo_interaction) by extensions ['ignore', 'ignore_ament_install']
[2.074s] Level 1:colcon.colcon_core.package_identification:_identify(src/diablo_ros2/diablo_interaction) by extension 'ignore'
[2.074s] Level 1:colcon.colcon_core.package_identification:_identify(src/diablo_ros2/diablo_interaction) by extension 'ignore_ament_install'
[2.074s] Level 1:colcon.colcon_core.package_identification:_identify(src/diablo_ros2/diablo_interaction) by extensions ['colcon_pkg']
[2.074s] Level 1:colcon.colcon_core.package_identification:_identify(src/diablo_ros2/diablo_interaction) by extension 'colcon_pkg'
[2.074s] Level 1:colcon.colcon_core.package_identification:_identify(src/diablo_ros2/diablo_interaction) by extensions ['colcon_meta']
[2.075s] Level 1:colcon.colcon_core.package_identification:_identify(src/diablo_ros2/diablo_interaction) by extension 'colcon_meta'
[2.075s] Level 1:colcon.colcon_core.package_identification:_identify(src/diablo_ros2/diablo_interaction) by extensions ['ros']
[2.075s] Level 1:colcon.colcon_core.package_identification:_identify(src/diablo_ros2/diablo_interaction) by extension 'ros'
[2.075s] Level 1:colcon.colcon_core.package_identification:_identify(src/diablo_ros2/diablo_interaction) by extensions ['cmake', 'python']
[2.075s] Level 1:colcon.colcon_core.package_identification:_identify(src/diablo_ros2/diablo_interaction) by extension 'cmake'
[2.076s] Level 1:colcon.colcon_core.package_identification:_identify(src/diablo_ros2/diablo_interaction) by extension 'python'
[2.076s] Level 1:colcon.colcon_core.package_identification:_identify(src/diablo_ros2/diablo_interaction) by extensions ['python_setup_py']
[2.076s] Level 1:colcon.colcon_core.package_identification:_identify(src/diablo_ros2/diablo_interaction) by extension 'python_setup_py'
[2.077s] Level 1:colcon.colcon_core.package_identification:_identify(src/diablo_ros2/diablo_interaction/diablo_ctrl) by extensions ['ignore', 'ignore_ament_install']
[2.077s] Level 1:colcon.colcon_core.package_identification:_identify(src/diablo_ros2/diablo_interaction/diablo_ctrl) by extension 'ignore'
[2.078s] Level 1:colcon.colcon_core.package_identification:_identify(src/diablo_ros2/diablo_interaction/diablo_ctrl) by extension 'ignore_ament_install'
[2.078s] Level 1:colcon.colcon_core.package_identification:_identify(src/diablo_ros2/diablo_interaction/diablo_ctrl) by extensions ['colcon_pkg']
[2.078s] Level 1:colcon.colcon_core.package_identification:_identify(src/diablo_ros2/diablo_interaction/diablo_ctrl) by extension 'colcon_pkg'
[2.078s] Level 1:colcon.colcon_core.package_identification:_identify(src/diablo_ros2/diablo_interaction/diablo_ctrl) by extensions ['colcon_meta']
[2.078s] Level 1:colcon.colcon_core.package_identification:_identify(src/diablo_ros2/diablo_interaction/diablo_ctrl) by extension 'colcon_meta'
[2.079s] Level 1:colcon.colcon_core.package_identification:_identify(src/diablo_ros2/diablo_interaction/diablo_ctrl) by extensions ['ros']
[2.079s] Level 1:colcon.colcon_core.package_identification:_identify(src/diablo_ros2/diablo_interaction/diablo_ctrl) by extension 'ros'
[2.083s] DEBUG:colcon.colcon_core.package_identification:Package 'src/diablo_ros2/diablo_interaction/diablo_ctrl' with type 'ros.ament_cmake' and name 'diablo_ctrl'
[2.084s] Level 1:colcon.colcon_core.package_identification:_identify(src/diablo_ros2/diablo_interaction/diablo_teleop) by extensions ['ignore', 'ignore_ament_install']
[2.084s] Level 1:colcon.colcon_core.package_identification:_identify(src/diablo_ros2/diablo_interaction/diablo_teleop) by extension 'ignore'
[2.085s] Level 1:colcon.colcon_core.package_identification:_identify(src/diablo_ros2/diablo_interaction/diablo_teleop) by extension 'ignore_ament_install'
[2.085s] Level 1:colcon.colcon_core.package_identification:_identify(src/diablo_ros2/diablo_interaction/diablo_teleop) by extensions ['colcon_pkg']
[2.085s] Level 1:colcon.colcon_core.package_identification:_identify(src/diablo_ros2/diablo_interaction/diablo_teleop) by extension 'colcon_pkg'
[2.085s] Level 1:colcon.colcon_core.package_identification:_identify(src/diablo_ros2/diablo_interaction/diablo_teleop) by extensions ['colcon_meta']
[2.085s] Level 1:colcon.colcon_core.package_identification:_identify(src/diablo_ros2/diablo_interaction/diablo_teleop) by extension 'colcon_meta'
[2.086s] Level 1:colcon.colcon_core.package_identification:_identify(src/diablo_ros2/diablo_interaction/diablo_teleop) by extensions ['ros']
[2.086s] Level 1:colcon.colcon_core.package_identification:_identify(src/diablo_ros2/diablo_interaction/diablo_teleop) by extension 'ros'
[2.089s] DEBUG:colcon.colcon_core.package_identification:Package 'src/diablo_ros2/diablo_interaction/diablo_teleop' with type 'ros.ament_python' and name 'diablo_teleop'
[2.090s] Level 1:colcon.colcon_core.package_identification:_identify(src/diablo_ros2/diablo_interfaces) by extensions ['ignore', 'ignore_ament_install']
[2.090s] Level 1:colcon.colcon_core.package_identification:_identify(src/diablo_ros2/diablo_interfaces) by extension 'ignore'
[2.091s] Level 1:colcon.colcon_core.package_identification:_identify(src/diablo_ros2/diablo_interfaces) by extension 'ignore_ament_install'
[2.091s] Level 1:colcon.colcon_core.package_identification:_identify(src/diablo_ros2/diablo_interfaces) by extensions ['colcon_pkg']
[2.091s] Level 1:colcon.colcon_core.package_identification:_identify(src/diablo_ros2/diablo_interfaces) by extension 'colcon_pkg'
[2.091s] Level 1:colcon.colcon_core.package_identification:_identify(src/diablo_ros2/diablo_interfaces) by extensions ['colcon_meta']
[2.091s] Level 1:colcon.colcon_core.package_identification:_identify(src/diablo_ros2/diablo_interfaces) by extension 'colcon_meta'
[2.092s] Level 1:colcon.colcon_core.package_identification:_identify(src/diablo_ros2/diablo_interfaces) by extensions ['ros']
[2.092s] Level 1:colcon.colcon_core.package_identification:_identify(src/diablo_ros2/diablo_interfaces) by extension 'ros'
[2.092s] Level 1:colcon.colcon_core.package_identification:_identify(src/diablo_ros2/diablo_interfaces) by extensions ['cmake', 'python']
[2.092s] Level 1:colcon.colcon_core.package_identification:_identify(src/diablo_ros2/diablo_interfaces) by extension 'cmake'
[2.092s] Level 1:colcon.colcon_core.package_identification:_identify(src/diablo_ros2/diablo_interfaces) by extension 'python'
[2.093s] Level 1:colcon.colcon_core.package_identification:_identify(src/diablo_ros2/diablo_interfaces) by extensions ['python_setup_py']
[2.093s] Level 1:colcon.colcon_core.package_identification:_identify(src/diablo_ros2/diablo_interfaces) by extension 'python_setup_py'
[2.094s] Level 1:colcon.colcon_core.package_identification:_identify(src/diablo_ros2/diablo_interfaces/ception_msgs) by extensions ['ignore', 'ignore_ament_install']
[2.094s] Level 1:colcon.colcon_core.package_identification:_identify(src/diablo_ros2/diablo_interfaces/ception_msgs) by extension 'ignore'
[2.095s] Level 1:colcon.colcon_core.package_identification:_identify(src/diablo_ros2/diablo_interfaces/ception_msgs) by extension 'ignore_ament_install'
[2.095s] Level 1:colcon.colcon_core.package_identification:_identify(src/diablo_ros2/diablo_interfaces/ception_msgs) by extensions ['colcon_pkg']
[2.095s] Level 1:colcon.colcon_core.package_identification:_identify(src/diablo_ros2/diablo_interfaces/ception_msgs) by extension 'colcon_pkg'
[2.095s] Level 1:colcon.colcon_core.package_identification:_identify(src/diablo_ros2/diablo_interfaces/ception_msgs) by extensions ['colcon_meta']
[2.095s] Level 1:colcon.colcon_core.package_identification:_identify(src/diablo_ros2/diablo_interfaces/ception_msgs) by extension 'colcon_meta'
[2.096s] Level 1:colcon.colcon_core.package_identification:_identify(src/diablo_ros2/diablo_interfaces/ception_msgs) by extensions ['ros']
[2.096s] Level 1:colcon.colcon_core.package_identification:_identify(src/diablo_ros2/diablo_interfaces/ception_msgs) by extension 'ros'
[2.099s] DEBUG:colcon.colcon_core.package_identification:Package 'src/diablo_ros2/diablo_interfaces/ception_msgs' with type 'ros.ament_cmake' and name 'ception_msgs'
[2.100s] Level 1:colcon.colcon_core.package_identification:_identify(src/diablo_ros2/diablo_interfaces/motion_msgs) by extensions ['ignore', 'ignore_ament_install']
[2.100s] Level 1:colcon.colcon_core.package_identification:_identify(src/diablo_ros2/diablo_interfaces/motion_msgs) by extension 'ignore'
[2.100s] Level 1:colcon.colcon_core.package_identification:_identify(src/diablo_ros2/diablo_interfaces/motion_msgs) by extension 'ignore_ament_install'
[2.101s] Level 1:colcon.colcon_core.package_identification:_identify(src/diablo_ros2/diablo_interfaces/motion_msgs) by extensions ['colcon_pkg']
[2.101s] Level 1:colcon.colcon_core.package_identification:_identify(src/diablo_ros2/diablo_interfaces/motion_msgs) by extension 'colcon_pkg'
[2.101s] Level 1:colcon.colcon_core.package_identification:_identify(src/diablo_ros2/diablo_interfaces/motion_msgs) by extensions ['colcon_meta']
[2.101s] Level 1:colcon.colcon_core.package_identification:_identify(src/diablo_ros2/diablo_interfaces/motion_msgs) by extension 'colcon_meta'
[2.101s] Level 1:colcon.colcon_core.package_identification:_identify(src/diablo_ros2/diablo_interfaces/motion_msgs) by extensions ['ros']
[2.102s] Level 1:colcon.colcon_core.package_identification:_identify(src/diablo_ros2/diablo_interfaces/motion_msgs) by extension 'ros'
[2.105s] DEBUG:colcon.colcon_core.package_identification:Package 'src/diablo_ros2/diablo_interfaces/motion_msgs' with type 'ros.ament_cmake' and name 'motion_msgs'
[2.106s] Level 1:colcon.colcon_core.package_identification:_identify(src/diablo_ros2/diablo_visualise) by extensions ['ignore', 'ignore_ament_install']
[2.106s] Level 1:colcon.colcon_core.package_identification:_identify(src/diablo_ros2/diablo_visualise) by extension 'ignore'
[2.106s] Level 1:colcon.colcon_core.package_identification:_identify(src/diablo_ros2/diablo_visualise) by extension 'ignore_ament_install'
[2.107s] Level 1:colcon.colcon_core.package_identification:_identify(src/diablo_ros2/diablo_visualise) by extensions ['colcon_pkg']
[2.107s] Level 1:colcon.colcon_core.package_identification:_identify(src/diablo_ros2/diablo_visualise) by extension 'colcon_pkg'
[2.107s] Level 1:colcon.colcon_core.package_identification:_identify(src/diablo_ros2/diablo_visualise) by extensions ['colcon_meta']
[2.107s] Level 1:colcon.colcon_core.package_identification:_identify(src/diablo_ros2/diablo_visualise) by extension 'colcon_meta'
[2.107s] Level 1:colcon.colcon_core.package_identification:_identify(src/diablo_ros2/diablo_visualise) by extensions ['ros']
[2.108s] Level 1:colcon.colcon_core.package_identification:_identify(src/diablo_ros2/diablo_visualise) by extension 'ros'
[2.108s] Level 1:colcon.colcon_core.package_identification:_identify(src/diablo_ros2/diablo_visualise) by extensions ['cmake', 'python']
[2.108s] Level 1:colcon.colcon_core.package_identification:_identify(src/diablo_ros2/diablo_visualise) by extension 'cmake'
[2.108s] Level 1:colcon.colcon_core.package_identification:_identify(src/diablo_ros2/diablo_visualise) by extension 'python'
[2.108s] Level 1:colcon.colcon_core.package_identification:_identify(src/diablo_ros2/diablo_visualise) by extensions ['python_setup_py']
[2.109s] Level 1:colcon.colcon_core.package_identification:_identify(src/diablo_ros2/diablo_visualise) by extension 'python_setup_py'
[2.110s] Level 1:colcon.colcon_core.package_identification:_identify(src/diablo_ros2/diablo_visualise/diablo_rviz2_plugin) by extensions ['ignore', 'ignore_ament_install']
[2.110s] Level 1:colcon.colcon_core.package_identification:_identify(src/diablo_ros2/diablo_visualise/diablo_rviz2_plugin) by extension 'ignore'
[2.110s] Level 1:colcon.colcon_core.package_identification:_identify(src/diablo_ros2/diablo_visualise/diablo_rviz2_plugin) by extension 'ignore_ament_install'
[2.110s] Level 1:colcon.colcon_core.package_identification:_identify(src/diablo_ros2/diablo_visualise/diablo_rviz2_plugin) by extensions ['colcon_pkg']
[2.111s] Level 1:colcon.colcon_core.package_identification:_identify(src/diablo_ros2/diablo_visualise/diablo_rviz2_plugin) by extension 'colcon_pkg'
[2.111s] Level 1:colcon.colcon_core.package_identification:_identify(src/diablo_ros2/diablo_visualise/diablo_rviz2_plugin) by extensions ['colcon_meta']
[2.111s] Level 1:colcon.colcon_core.package_identification:_identify(src/diablo_ros2/diablo_visualise/diablo_rviz2_plugin) by extension 'colcon_meta'
[2.111s] Level 1:colcon.colcon_core.package_identification:_identify(src/diablo_ros2/diablo_visualise/diablo_rviz2_plugin) by extensions ['ros']
[2.111s] Level 1:colcon.colcon_core.package_identification:_identify(src/diablo_ros2/diablo_visualise/diablo_rviz2_plugin) by extension 'ros'
[2.117s] DEBUG:colcon.colcon_core.package_identification:Package 'src/diablo_ros2/diablo_visualise/diablo_rviz2_plugin' with type 'ros.ament_cmake' and name 'diablo_rviz2_control_plugin'
[2.118s] Level 1:colcon.colcon_core.package_identification:_identify(src/diablo_ros2/diablo_visualise/diablo_simpose_trans) by extensions ['ignore', 'ignore_ament_install']
[2.119s] Level 1:colcon.colcon_core.package_identification:_identify(src/diablo_ros2/diablo_visualise/diablo_simpose_trans) by extension 'ignore'
[2.119s] Level 1:colcon.colcon_core.package_identification:_identify(src/diablo_ros2/diablo_visualise/diablo_simpose_trans) by extension 'ignore_ament_install'
[2.119s] Level 1:colcon.colcon_core.package_identification:_identify(src/diablo_ros2/diablo_visualise/diablo_simpose_trans) by extensions ['colcon_pkg']
[2.119s] Level 1:colcon.colcon_core.package_identification:_identify(src/diablo_ros2/diablo_visualise/diablo_simpose_trans) by extension 'colcon_pkg'
[2.119s] Level 1:colcon.colcon_core.package_identification:_identify(src/diablo_ros2/diablo_visualise/diablo_simpose_trans) by extensions ['colcon_meta']
[2.120s] Level 1:colcon.colcon_core.package_identification:_identify(src/diablo_ros2/diablo_visualise/diablo_simpose_trans) by extension 'colcon_meta'
[2.120s] Level 1:colcon.colcon_core.package_identification:_identify(src/diablo_ros2/diablo_visualise/diablo_simpose_trans) by extensions ['ros']
[2.120s] Level 1:colcon.colcon_core.package_identification:_identify(src/diablo_ros2/diablo_visualise/diablo_simpose_trans) by extension 'ros'
[2.124s] DEBUG:colcon.colcon_core.package_identification:Package 'src/diablo_ros2/diablo_visualise/diablo_simpose_trans' with type 'ros.ament_cmake' and name 'diablo_simpose_trans'
[2.125s] Level 1:colcon.colcon_core.package_identification:_identify(src/diablo_ros2/diablo_visualise/diablo_simulation) by extensions ['ignore', 'ignore_ament_install']
[2.126s] Level 1:colcon.colcon_core.package_identification:_identify(src/diablo_ros2/diablo_visualise/diablo_simulation) by extension 'ignore'
[2.126s] Level 1:colcon.colcon_core.package_identification:_identify(src/diablo_ros2/diablo_visualise/diablo_simulation) by extension 'ignore_ament_install'
[2.126s] Level 1:colcon.colcon_core.package_identification:_identify(src/diablo_ros2/diablo_visualise/diablo_simulation) by extensions ['colcon_pkg']
[2.126s] Level 1:colcon.colcon_core.package_identification:_identify(src/diablo_ros2/diablo_visualise/diablo_simulation) by extension 'colcon_pkg'
[2.126s] Level 1:colcon.colcon_core.package_identification:_identify(src/diablo_ros2/diablo_visualise/diablo_simulation) by extensions ['colcon_meta']
[2.127s] Level 1:colcon.colcon_core.package_identification:_identify(src/diablo_ros2/diablo_visualise/diablo_simulation) by extension 'colcon_meta'
[2.127s] Level 1:colcon.colcon_core.package_identification:_identify(src/diablo_ros2/diablo_visualise/diablo_simulation) by extensions ['ros']
[2.127s] Level 1:colcon.colcon_core.package_identification:_identify(src/diablo_ros2/diablo_visualise/diablo_simulation) by extension 'ros'
[2.131s] DEBUG:colcon.colcon_core.package_identification:Package 'src/diablo_ros2/diablo_visualise/diablo_simulation' with type 'ros.ament_python' and name 'diablo_simulation'
[2.132s] Level 1:colcon.colcon_core.package_identification:_identify(src/diablo_ros2/docs) by extensions ['ignore', 'ignore_ament_install']
[2.132s] Level 1:colcon.colcon_core.package_identification:_identify(src/diablo_ros2/docs) by extension 'ignore'
[2.133s] Level 1:colcon.colcon_core.package_identification:_identify(src/diablo_ros2/docs) by extension 'ignore_ament_install'
[2.133s] Level 1:colcon.colcon_core.package_identification:_identify(src/diablo_ros2/docs) by extensions ['colcon_pkg']
[2.133s] Level 1:colcon.colcon_core.package_identification:_identify(src/diablo_ros2/docs) by extension 'colcon_pkg'
[2.133s] Level 1:colcon.colcon_core.package_identification:_identify(src/diablo_ros2/docs) by extensions ['colcon_meta']
[2.133s] Level 1:colcon.colcon_core.package_identification:_identify(src/diablo_ros2/docs) by extension 'colcon_meta'
[2.134s] Level 1:colcon.colcon_core.package_identification:_identify(src/diablo_ros2/docs) by extensions ['ros']
[2.134s] Level 1:colcon.colcon_core.package_identification:_identify(src/diablo_ros2/docs) by extension 'ros'
[2.134s] Level 1:colcon.colcon_core.package_identification:_identify(src/diablo_ros2/docs) by extensions ['cmake', 'python']
[2.134s] Level 1:colcon.colcon_core.package_identification:_identify(src/diablo_ros2/docs) by extension 'cmake'
[2.134s] Level 1:colcon.colcon_core.package_identification:_identify(src/diablo_ros2/docs) by extension 'python'
[2.135s] Level 1:colcon.colcon_core.package_identification:_identify(src/diablo_ros2/docs) by extensions ['python_setup_py']
[2.135s] Level 1:colcon.colcon_core.package_identification:_identify(src/diablo_ros2/docs) by extension 'python_setup_py'
[2.136s] Level 1:colcon.colcon_core.package_identification:_identify(src/diablo_ros2/docs/docs_en) by extensions ['ignore', 'ignore_ament_install']
[2.136s] Level 1:colcon.colcon_core.package_identification:_identify(src/diablo_ros2/docs/docs_en) by extension 'ignore'
[2.136s] Level 1:colcon.colcon_core.package_identification:_identify(src/diablo_ros2/docs/docs_en) by extension 'ignore_ament_install'
[2.137s] Level 1:colcon.colcon_core.package_identification:_identify(src/diablo_ros2/docs/docs_en) by extensions ['colcon_pkg']
[2.137s] Level 1:colcon.colcon_core.package_identification:_identify(src/diablo_ros2/docs/docs_en) by extension 'colcon_pkg'
[2.137s] Level 1:colcon.colcon_core.package_identification:_identify(src/diablo_ros2/docs/docs_en) by extensions ['colcon_meta']
[2.137s] Level 1:colcon.colcon_core.package_identification:_identify(src/diablo_ros2/docs/docs_en) by extension 'colcon_meta'
[2.137s] Level 1:colcon.colcon_core.package_identification:_identify(src/diablo_ros2/docs/docs_en) by extensions ['ros']
[2.137s] Level 1:colcon.colcon_core.package_identification:_identify(src/diablo_ros2/docs/docs_en) by extension 'ros'
[2.138s] Level 1:colcon.colcon_core.package_identification:_identify(src/diablo_ros2/docs/docs_en) by extensions ['cmake', 'python']
[2.138s] Level 1:colcon.colcon_core.package_identification:_identify(src/diablo_ros2/docs/docs_en) by extension 'cmake'
[2.138s] Level 1:colcon.colcon_core.package_identification:_identify(src/diablo_ros2/docs/docs_en) by extension 'python'
[2.138s] Level 1:colcon.colcon_core.package_identification:_identify(src/diablo_ros2/docs/docs_en) by extensions ['python_setup_py']
[2.138s] Level 1:colcon.colcon_core.package_identification:_identify(src/diablo_ros2/docs/docs_en) by extension 'python_setup_py'
[2.139s] Level 1:colcon.colcon_core.package_identification:_identify(src/diablo_ros2/docs/img) by extensions ['ignore', 'ignore_ament_install']
[2.140s] Level 1:colcon.colcon_core.package_identification:_identify(src/diablo_ros2/docs/img) by extension 'ignore'
[2.140s] Level 1:colcon.colcon_core.package_identification:_identify(src/diablo_ros2/docs/img) by extension 'ignore_ament_install'
[2.140s] Level 1:colcon.colcon_core.package_identification:_identify(src/diablo_ros2/docs/img) by extensions ['colcon_pkg']
[2.140s] Level 1:colcon.colcon_core.package_identification:_identify(src/diablo_ros2/docs/img) by extension 'colcon_pkg'
[2.141s] Level 1:colcon.colcon_core.package_identification:_identify(src/diablo_ros2/docs/img) by extensions ['colcon_meta']
[2.141s] Level 1:colcon.colcon_core.package_identification:_identify(src/diablo_ros2/docs/img) by extension 'colcon_meta'
[2.141s] Level 1:colcon.colcon_core.package_identification:_identify(src/diablo_ros2/docs/img) by extensions ['ros']
[2.141s] Level 1:colcon.colcon_core.package_identification:_identify(src/diablo_ros2/docs/img) by extension 'ros'
[2.141s] Level 1:colcon.colcon_core.package_identification:_identify(src/diablo_ros2/docs/img) by extensions ['cmake', 'python']
[2.142s] Level 1:colcon.colcon_core.package_identification:_identify(src/diablo_ros2/docs/img) by extension 'cmake'
[2.142s] Level 1:colcon.colcon_core.package_identification:_identify(src/diablo_ros2/docs/img) by extension 'python'
[2.142s] Level 1:colcon.colcon_core.package_identification:_identify(src/diablo_ros2/docs/img) by extensions ['python_setup_py']
[2.142s] Level 1:colcon.colcon_core.package_identification:_identify(src/diablo_ros2/docs/img) by extension 'python_setup_py'
[2.143s] Level 1:colcon.colcon_core.package_identification:_identify(src/diablo_test) by extensions ['ignore', 'ignore_ament_install']
[2.143s] Level 1:colcon.colcon_core.package_identification:_identify(src/diablo_test) by extension 'ignore'
[2.144s] Level 1:colcon.colcon_core.package_identification:_identify(src/diablo_test) by extension 'ignore_ament_install'
[2.144s] Level 1:colcon.colcon_core.package_identification:_identify(src/diablo_test) by extensions ['colcon_pkg']
[2.144s] Level 1:colcon.colcon_core.package_identification:_identify(src/diablo_test) by extension 'colcon_pkg'
[2.144s] Level 1:colcon.colcon_core.package_identification:_identify(src/diablo_test) by extensions ['colcon_meta']
[2.144s] Level 1:colcon.colcon_core.package_identification:_identify(src/diablo_test) by extension 'colcon_meta'
[2.145s] Level 1:colcon.colcon_core.package_identification:_identify(src/diablo_test) by extensions ['ros']
[2.145s] Level 1:colcon.colcon_core.package_identification:_identify(src/diablo_test) by extension 'ros'
[2.149s] DEBUG:colcon.colcon_core.package_identification:Package 'src/diablo_test' with type 'ros.ament_cmake' and name 'diablo_test'
[2.150s] Level 1:colcon.colcon_core.package_identification:_identify(src/easynav_playground_kobuki) by extensions ['ignore', 'ignore_ament_install']
[2.151s] Level 1:colcon.colcon_core.package_identification:_identify(src/easynav_playground_kobuki) by extension 'ignore'
[2.151s] Level 1:colcon.colcon_core.package_identification:_identify(src/easynav_playground_kobuki) by extension 'ignore_ament_install'
[2.151s] Level 1:colcon.colcon_core.package_identification:_identify(src/easynav_playground_kobuki) by extensions ['colcon_pkg']
[2.151s] Level 1:colcon.colcon_core.package_identification:_identify(src/easynav_playground_kobuki) by extension 'colcon_pkg'
[2.152s] Level 1:colcon.colcon_core.package_identification:_identify(src/easynav_playground_kobuki) by extensions ['colcon_meta']
[2.152s] Level 1:colcon.colcon_core.package_identification:_identify(src/easynav_playground_kobuki) by extension 'colcon_meta'
[2.152s] Level 1:colcon.colcon_core.package_identification:_identify(src/easynav_playground_kobuki) by extensions ['ros']
[2.152s] Level 1:colcon.colcon_core.package_identification:_identify(src/easynav_playground_kobuki) by extension 'ros'
[2.152s] Level 1:colcon.colcon_core.package_identification:_identify(src/easynav_playground_kobuki) by extensions ['cmake', 'python']
[2.153s] Level 1:colcon.colcon_core.package_identification:_identify(src/easynav_playground_kobuki) by extension 'cmake'
[2.153s] Level 1:colcon.colcon_core.package_identification:_identify(src/easynav_playground_kobuki) by extension 'python'
[2.153s] Level 1:colcon.colcon_core.package_identification:_identify(src/easynav_playground_kobuki) by extensions ['python_setup_py']
[2.153s] Level 1:colcon.colcon_core.package_identification:_identify(src/easynav_playground_kobuki) by extension 'python_setup_py'
[2.154s] Level 1:colcon.colcon_core.package_identification:_identify(src/easynav_plugins) by extensions ['ignore', 'ignore_ament_install']
[2.154s] Level 1:colcon.colcon_core.package_identification:_identify(src/easynav_plugins) by extension 'ignore'
[2.155s] Level 1:colcon.colcon_core.package_identification:_identify(src/easynav_plugins) by extension 'ignore_ament_install'
[2.155s] Level 1:colcon.colcon_core.package_identification:_identify(src/easynav_plugins) by extensions ['colcon_pkg']
[2.155s] Level 1:colcon.colcon_core.package_identification:_identify(src/easynav_plugins) by extension 'colcon_pkg'
[2.155s] Level 1:colcon.colcon_core.package_identification:_identify(src/easynav_plugins) by extensions ['colcon_meta']
[2.155s] Level 1:colcon.colcon_core.package_identification:_identify(src/easynav_plugins) by extension 'colcon_meta'
[2.155s] Level 1:colcon.colcon_core.package_identification:_identify(src/easynav_plugins) by extensions ['ros']
[2.156s] Level 1:colcon.colcon_core.package_identification:_identify(src/easynav_plugins) by extension 'ros'
[2.156s] Level 1:colcon.colcon_core.package_identification:_identify(src/easynav_plugins) by extensions ['cmake', 'python']
[2.156s] Level 1:colcon.colcon_core.package_identification:_identify(src/easynav_plugins) by extension 'cmake'
[2.156s] Level 1:colcon.colcon_core.package_identification:_identify(src/easynav_plugins) by extension 'python'
[2.156s] Level 1:colcon.colcon_core.package_identification:_identify(src/easynav_plugins) by extensions ['python_setup_py']
[2.157s] Level 1:colcon.colcon_core.package_identification:_identify(src/easynav_plugins) by extension 'python_setup_py'
[2.158s] Level 1:colcon.colcon_core.package_identification:_identify(src/perception_pcl) by extensions ['ignore', 'ignore_ament_install']
[2.158s] Level 1:colcon.colcon_core.package_identification:_identify(src/perception_pcl) by extension 'ignore'
[2.158s] Level 1:colcon.colcon_core.package_identification:_identify(src/perception_pcl) by extension 'ignore_ament_install'
[2.158s] Level 1:colcon.colcon_core.package_identification:_identify(src/perception_pcl) by extensions ['colcon_pkg']
[2.158s] Level 1:colcon.colcon_core.package_identification:_identify(src/perception_pcl) by extension 'colcon_pkg'
[2.159s] Level 1:colcon.colcon_core.package_identification:_identify(src/perception_pcl) by extensions ['colcon_meta']
[2.159s] Level 1:colcon.colcon_core.package_identification:_identify(src/perception_pcl) by extension 'colcon_meta'
[2.159s] Level 1:colcon.colcon_core.package_identification:_identify(src/perception_pcl) by extensions ['ros']
[2.159s] Level 1:colcon.colcon_core.package_identification:_identify(src/perception_pcl) by extension 'ros'
[2.159s] Level 1:colcon.colcon_core.package_identification:_identify(src/perception_pcl) by extensions ['cmake', 'python']
[2.160s] Level 1:colcon.colcon_core.package_identification:_identify(src/perception_pcl) by extension 'cmake'
[2.160s] Level 1:colcon.colcon_core.package_identification:_identify(src/perception_pcl) by extension 'python'
[2.160s] Level 1:colcon.colcon_core.package_identification:_identify(src/perception_pcl) by extensions ['python_setup_py']
[2.160s] Level 1:colcon.colcon_core.package_identification:_identify(src/perception_pcl) by extension 'python_setup_py'
[2.161s] Level 1:colcon.colcon_core.package_identification:_identify(src/vision_opencv) by extensions ['ignore', 'ignore_ament_install']
[2.161s] Level 1:colcon.colcon_core.package_identification:_identify(src/vision_opencv) by extension 'ignore'
[2.162s] Level 1:colcon.colcon_core.package_identification:_identify(src/vision_opencv) by extension 'ignore_ament_install'
[2.162s] Level 1:colcon.colcon_core.package_identification:_identify(src/vision_opencv) by extensions ['colcon_pkg']
[2.162s] Level 1:colcon.colcon_core.package_identification:_identify(src/vision_opencv) by extension 'colcon_pkg'
[2.162s] Level 1:colcon.colcon_core.package_identification:_identify(src/vision_opencv) by extensions ['colcon_meta']
[2.162s] Level 1:colcon.colcon_core.package_identification:_identify(src/vision_opencv) by extension 'colcon_meta'
[2.162s] Level 1:colcon.colcon_core.package_identification:_identify(src/vision_opencv) by extensions ['ros']
[2.163s] Level 1:colcon.colcon_core.package_identification:_identify(src/vision_opencv) by extension 'ros'
[2.163s] Level 1:colcon.colcon_core.package_identification:_identify(src/vision_opencv) by extensions ['cmake', 'python']
[2.163s] Level 1:colcon.colcon_core.package_identification:_identify(src/vision_opencv) by extension 'cmake'
[2.163s] Level 1:colcon.colcon_core.package_identification:_identify(src/vision_opencv) by extension 'python'
[2.163s] Level 1:colcon.colcon_core.package_identification:_identify(src/vision_opencv) by extensions ['python_setup_py']
[2.163s] Level 1:colcon.colcon_core.package_identification:_identify(src/vision_opencv) by extension 'python_setup_py'
[2.164s] Level 1:colcon.colcon_core.package_identification:_identify(src/yaets) by extensions ['ignore', 'ignore_ament_install']
[2.165s] Level 1:colcon.colcon_core.package_identification:_identify(src/yaets) by extension 'ignore'
[2.165s] Level 1:colcon.colcon_core.package_identification:_identify(src/yaets) by extension 'ignore_ament_install'
[2.165s] Level 1:colcon.colcon_core.package_identification:_identify(src/yaets) by extensions ['colcon_pkg']
[2.165s] Level 1:colcon.colcon_core.package_identification:_identify(src/yaets) by extension 'colcon_pkg'
[2.166s] Level 1:colcon.colcon_core.package_identification:_identify(src/yaets) by extensions ['colcon_meta']
[2.166s] Level 1:colcon.colcon_core.package_identification:_identify(src/yaets) by extension 'colcon_meta'
[2.166s] Level 1:colcon.colcon_core.package_identification:_identify(src/yaets) by extensions ['ros']
[2.166s] Level 1:colcon.colcon_core.package_identification:_identify(src/yaets) by extension 'ros'
[2.166s] Level 1:colcon.colcon_core.package_identification:_identify(src/yaets) by extensions ['cmake', 'python']
[2.166s] Level 1:colcon.colcon_core.package_identification:_identify(src/yaets) by extension 'cmake'
[2.167s] Level 1:colcon.colcon_core.package_identification:_identify(src/yaets) by extension 'python'
[2.167s] Level 1:colcon.colcon_core.package_identification:_identify(src/yaets) by extensions ['python_setup_py']
[2.167s] Level 1:colcon.colcon_core.package_identification:_identify(src/yaets) by extension 'python_setup_py'
[2.167s] Level 1:colcon.colcon_core.package_discovery:discover_packages(recursive) using defaults
[2.167s] Level 1:colcon.colcon_core.package_discovery:discover_packages(ignore) discover
[2.167s] Level 1:colcon.colcon_core.package_discovery:discover_packages(ignore) using defaults
[2.168s] Level 1:colcon.colcon_core.package_discovery:discover_packages(path) discover
[2.168s] Level 1:colcon.colcon_core.package_discovery:discover_packages(path) using defaults
[2.308s] INFO:colcon.colcon_core.package_selection:Skipping package 'diablo_simpose_trans' in 'src/diablo_ros2/diablo_visualise/diablo_simpose_trans'
[2.308s] INFO:colcon.colcon_core.package_selection:Skipping package 'diablo_teleop' in 'src/diablo_ros2/diablo_interaction/diablo_teleop'
[2.308s] INFO:colcon.colcon_core.package_selection:Skipping package 'diablo_rviz2_control_plugin' in 'src/diablo_ros2/diablo_visualise/diablo_rviz2_plugin'
[2.308s] INFO:colcon.colcon_core.package_selection:Skipping package 'diablo_test' in 'src/diablo_test'
[2.308s] INFO:colcon.colcon_core.package_selection:Skipping package 'diablo_simulation' in 'src/diablo_ros2/diablo_visualise/diablo_simulation'
[2.311s] Level 1:colcon.colcon_core.package_discovery:discover_packages(prefix_path) check parameters
[2.311s] Level 1:colcon.colcon_core.package_discovery:discover_packages(prefix_path) discover
[2.328s] DEBUG:colcon.colcon_installed_package_information.package_discovery:Found 183 installed packages in /opt/ros/humble
[2.333s] Level 1:colcon.colcon_core.package_discovery:discover_packages(prefix_path) using defaults
[2.558s] Level 5:colcon.colcon_core.verb:set package 'ception_msgs' build argument 'cmake_args' from command line to 'None'
[2.558s] Level 5:colcon.colcon_core.verb:set package 'ception_msgs' build argument 'cmake_target' from command line to 'None'
[2.558s] Level 5:colcon.colcon_core.verb:set package 'ception_msgs' build argument 'cmake_target_skip_unavailable' from command line to 'False'
[2.558s] Level 5:colcon.colcon_core.verb:set package 'ception_msgs' build argument 'cmake_clean_cache' from command line to 'False'
[2.558s] Level 5:colcon.colcon_core.verb:set package 'ception_msgs' build argument 'cmake_clean_first' from command line to 'False'
[2.559s] Level 5:colcon.colcon_core.verb:set package 'ception_msgs' build argument 'cmake_force_configure' from command line to 'False'
[2.559s] Level 5:colcon.colcon_core.verb:set package 'ception_msgs' build argument 'ament_cmake_args' from command line to 'None'
[2.559s] Level 5:colcon.colcon_core.verb:set package 'ception_msgs' build argument 'catkin_cmake_args' from command line to 'None'
[2.559s] Level 5:colcon.colcon_core.verb:set package 'ception_msgs' build argument 'catkin_skip_building_tests' from command line to 'False'
[2.559s] DEBUG:colcon.colcon_core.verb:Building package 'ception_msgs' with the following arguments: {'ament_cmake_args': None, 'build_base': '/home/diablo/diablo_ws/build/ception_msgs', 'catkin_cmake_args': None, 'catkin_skip_building_tests': False, 'cmake_args': None, 'cmake_clean_cache': False, 'cmake_clean_first': False, 'cmake_force_configure': False, 'cmake_target': None, 'cmake_target_skip_unavailable': False, 'install_base': '/home/diablo/diablo_ws/install/ception_msgs', 'merge_install': False, 'path': '/home/diablo/diablo_ws/src/diablo_ros2/diablo_interfaces/ception_msgs', 'symlink_install': True, 'test_result_base': None}
[2.560s] Level 5:colcon.colcon_core.verb:set package 'motion_msgs' build argument 'cmake_args' from command line to 'None'
[2.561s] Level 5:colcon.colcon_core.verb:set package 'motion_msgs' build argument 'cmake_target' from command line to 'None'
[2.561s] Level 5:colcon.colcon_core.verb:set package 'motion_msgs' build argument 'cmake_target_skip_unavailable' from command line to 'False'
[2.561s] Level 5:colcon.colcon_core.verb:set package 'motion_msgs' build argument 'cmake_clean_cache' from command line to 'False'
[2.561s] Level 5:colcon.colcon_core.verb:set package 'motion_msgs' build argument 'cmake_clean_first' from command line to 'False'
[2.561s] Level 5:colcon.colcon_core.verb:set package 'motion_msgs' build argument 'cmake_force_configure' from command line to 'False'
[2.561s] Level 5:colcon.colcon_core.verb:set package 'motion_msgs' build argument 'ament_cmake_args' from command line to 'None'
[2.561s] Level 5:colcon.colcon_core.verb:set package 'motion_msgs' build argument 'catkin_cmake_args' from command line to 'None'
[2.561s] Level 5:colcon.colcon_core.verb:set package 'motion_msgs' build argument 'catkin_skip_building_tests' from command line to 'False'
[2.561s] DEBUG:colcon.colcon_core.verb:Building package 'motion_msgs' with the following arguments: {'ament_cmake_args': None, 'build_base': '/home/diablo/diablo_ws/build/motion_msgs', 'catkin_cmake_args': None, 'catkin_skip_building_tests': False, 'cmake_args': None, 'cmake_clean_cache': False, 'cmake_clean_first': False, 'cmake_force_configure': False, 'cmake_target': None, 'cmake_target_skip_unavailable': False, 'install_base': '/home/diablo/diablo_ws/install/motion_msgs', 'merge_install': False, 'path': '/home/diablo/diablo_ws/src/diablo_ros2/diablo_interfaces/motion_msgs', 'symlink_install': True, 'test_result_base': None}
[2.563s] Level 5:colcon.colcon_core.verb:set package 'diablo_utils' build argument 'cmake_args' from command line to 'None'
[2.563s] Level 5:colcon.colcon_core.verb:set package 'diablo_utils' build argument 'cmake_target' from command line to 'None'
[2.563s] Level 5:colcon.colcon_core.verb:set package 'diablo_utils' build argument 'cmake_target_skip_unavailable' from command line to 'False'
[2.563s] Level 5:colcon.colcon_core.verb:set package 'diablo_utils' build argument 'cmake_clean_cache' from command line to 'False'
[2.563s] Level 5:colcon.colcon_core.verb:set package 'diablo_utils' build argument 'cmake_clean_first' from command line to 'False'
[2.563s] Level 5:colcon.colcon_core.verb:set package 'diablo_utils' build argument 'cmake_force_configure' from command line to 'False'
[2.563s] Level 5:colcon.colcon_core.verb:set package 'diablo_utils' build argument 'ament_cmake_args' from command line to 'None'
[2.564s] Level 5:colcon.colcon_core.verb:set package 'diablo_utils' build argument 'catkin_cmake_args' from command line to 'None'
[2.564s] Level 5:colcon.colcon_core.verb:set package 'diablo_utils' build argument 'catkin_skip_building_tests' from command line to 'False'
[2.564s] DEBUG:colcon.colcon_core.verb:Building package 'diablo_utils' with the following arguments: {'ament_cmake_args': None, 'build_base': '/home/diablo/diablo_ws/build/diablo_utils', 'catkin_cmake_args': None, 'catkin_skip_building_tests': False, 'cmake_args': None, 'cmake_clean_cache': False, 'cmake_clean_first': False, 'cmake_force_configure': False, 'cmake_target': None, 'cmake_target_skip_unavailable': False, 'install_base': '/home/diablo/diablo_ws/install/diablo_utils', 'merge_install': False, 'path': '/home/diablo/diablo_ws/src/diablo_ros2/diablo_common/diablo_utils', 'symlink_install': True, 'test_result_base': None}
[2.565s] Level 5:colcon.colcon_core.verb:set package 'diablo_body' build argument 'cmake_args' from command line to 'None'
[2.565s] Level 5:colcon.colcon_core.verb:set package 'diablo_body' build argument 'cmake_target' from command line to 'None'
[2.565s] Level 5:colcon.colcon_core.verb:set package 'diablo_body' build argument 'cmake_target_skip_unavailable' from command line to 'False'
[2.566s] Level 5:colcon.colcon_core.verb:set package 'diablo_body' build argument 'cmake_clean_cache' from command line to 'False'
[2.566s] Level 5:colcon.colcon_core.verb:set package 'diablo_body' build argument 'cmake_clean_first' from command line to 'False'
[2.566s] Level 5:colcon.colcon_core.verb:set package 'diablo_body' build argument 'cmake_force_configure' from command line to 'False'
[2.566s] Level 5:colcon.colcon_core.verb:set package 'diablo_body' build argument 'ament_cmake_args' from command line to 'None'
[2.566s] Level 5:colcon.colcon_core.verb:set package 'diablo_body' build argument 'catkin_cmake_args' from command line to 'None'
[2.566s] Level 5:colcon.colcon_core.verb:set package 'diablo_body' build argument 'catkin_skip_building_tests' from command line to 'False'
[2.566s] DEBUG:colcon.colcon_core.verb:Building package 'diablo_body' with the following arguments: {'ament_cmake_args': None, 'build_base': '/home/diablo/diablo_ws/build/diablo_body', 'catkin_cmake_args': None, 'catkin_skip_building_tests': False, 'cmake_args': None, 'cmake_clean_cache': False, 'cmake_clean_first': False, 'cmake_force_configure': False, 'cmake_target': None, 'cmake_target_skip_unavailable': False, 'install_base': '/home/diablo/diablo_ws/install/diablo_body', 'merge_install': False, 'path': '/home/diablo/diablo_ws/src/diablo_ros2/diablo_ception/diablo_body', 'symlink_install': True, 'test_result_base': None}
[2.567s] Level 5:colcon.colcon_core.verb:set package 'diablo_ctrl' build argument 'cmake_args' from command line to 'None'
[2.568s] Level 5:colcon.colcon_core.verb:set package 'diablo_ctrl' build argument 'cmake_target' from command line to 'None'
[2.568s] Level 5:colcon.colcon_core.verb:set package 'diablo_ctrl' build argument 'cmake_target_skip_unavailable' from command line to 'False'
[2.568s] Level 5:colcon.colcon_core.verb:set package 'diablo_ctrl' build argument 'cmake_clean_cache' from command line to 'False'
[2.568s] Level 5:colcon.colcon_core.verb:set package 'diablo_ctrl' build argument 'cmake_clean_first' from command line to 'False'
[2.568s] Level 5:colcon.colcon_core.verb:set package 'diablo_ctrl' build argument 'cmake_force_configure' from command line to 'False'
[2.568s] Level 5:colcon.colcon_core.verb:set package 'diablo_ctrl' build argument 'ament_cmake_args' from command line to 'None'
[2.568s] Level 5:colcon.colcon_core.verb:set package 'diablo_ctrl' build argument 'catkin_cmake_args' from command line to 'None'
[2.568s] Level 5:colcon.colcon_core.verb:set package 'diablo_ctrl' build argument 'catkin_skip_building_tests' from command line to 'False'
[2.568s] DEBUG:colcon.colcon_core.verb:Building package 'diablo_ctrl' with the following arguments: {'ament_cmake_args': None, 'build_base': '/home/diablo/diablo_ws/build/diablo_ctrl', 'catkin_cmake_args': None, 'catkin_skip_building_tests': False, 'cmake_args': None, 'cmake_clean_cache': False, 'cmake_clean_first': False, 'cmake_force_configure': False, 'cmake_target': None, 'cmake_target_skip_unavailable': False, 'install_base': '/home/diablo/diablo_ws/install/diablo_ctrl', 'merge_install': False, 'path': '/home/diablo/diablo_ws/src/diablo_ros2/diablo_interaction/diablo_ctrl', 'symlink_install': True, 'test_result_base': None}
[2.569s] INFO:colcon.colcon_core.executor:Executing jobs using 'sequential' executor
[2.572s] DEBUG:colcon.colcon_core.executor.sequential:run_until_complete 'ception_msgs'
[2.573s] INFO:colcon.colcon_ros.task.ament_cmake.build:Building ROS package in '/home/diablo/diablo_ws/src/diablo_ros2/diablo_interfaces/ception_msgs' with build type 'ament_cmake'
[2.573s] INFO:colcon.colcon_cmake.task.cmake.build:Building CMake package in '/home/diablo/diablo_ws/src/diablo_ros2/diablo_interfaces/ception_msgs'
[2.593s] INFO:colcon.colcon_core.plugin_system:Skipping extension 'colcon_core.shell.bat': Not used on non-Windows systems
[2.594s] INFO:colcon.colcon_core.shell:Skip shell extension 'powershell' for command environment: Not usable outside of PowerShell
[2.594s] DEBUG:colcon.colcon_core.shell:Skip shell extension 'dsv' for command environment
[2.643s] DEBUG:colcon.colcon_core.event_handler.log_command:Invoking command in '/home/diablo/diablo_ws/build/ception_msgs': CMAKE_PREFIX_PATH=/opt/ros/humble /usr/bin/cmake --build /home/diablo/diablo_ws/build/ception_msgs
[5.956s] DEBUG:colcon.colcon_core.event_handler.log_command:Invoked command in '/home/diablo/diablo_ws/build/ception_msgs' returned '0': CMAKE_PREFIX_PATH=/opt/ros/humble /usr/bin/cmake --build /home/diablo/diablo_ws/build/ception_msgs
[6.002s] DEBUG:colcon.colcon_core.event_handler.log_command:Invoking command in '/home/diablo/diablo_ws/build/ception_msgs': CMAKE_PREFIX_PATH=/opt/ros/humble /usr/bin/cmake --install /home/diablo/diablo_ws/build/ception_msgs
[6.424s] Level 1:colcon.colcon_core.environment:create_environment_scripts_only(ception_msgs)
[6.425s] DEBUG:colcon.colcon_core.event_handler.log_command:Invoked command in '/home/diablo/diablo_ws/build/ception_msgs' returned '0': CMAKE_PREFIX_PATH=/opt/ros/humble /usr/bin/cmake --install /home/diablo/diablo_ws/build/ception_msgs
[6.451s] Level 1:colcon.colcon_core.environment:checking '/home/diablo/diablo_ws/install/ception_msgs' for CMake module files
[6.456s] Level 1:colcon.colcon_core.environment:checking '/home/diablo/diablo_ws/install/ception_msgs' for CMake config files
[6.462s] Level 1:colcon.colcon_core.shell:create_environment_hook('ception_msgs', 'cmake_prefix_path')
[6.463s] INFO:colcon.colcon_core.shell:Creating environment hook '/home/diablo/diablo_ws/install/ception_msgs/share/ception_msgs/hook/cmake_prefix_path.ps1'
[6.467s] INFO:colcon.colcon_core.shell:Creating environment descriptor '/home/diablo/diablo_ws/install/ception_msgs/share/ception_msgs/hook/cmake_prefix_path.dsv'
[6.470s] INFO:colcon.colcon_core.shell:Creating environment hook '/home/diablo/diablo_ws/install/ception_msgs/share/ception_msgs/hook/cmake_prefix_path.sh'
[6.475s] Level 1:colcon.colcon_core.environment:checking '/home/diablo/diablo_ws/install/ception_msgs/lib'
[6.476s] Level 1:colcon.colcon_core.shell:create_environment_hook('ception_msgs', 'ld_library_path_lib')
[6.476s] INFO:colcon.colcon_core.shell:Creating environment hook '/home/diablo/diablo_ws/install/ception_msgs/share/ception_msgs/hook/ld_library_path_lib.ps1'
[6.479s] INFO:colcon.colcon_core.shell:Creating environment descriptor '/home/diablo/diablo_ws/install/ception_msgs/share/ception_msgs/hook/ld_library_path_lib.dsv'
[6.481s] INFO:colcon.colcon_core.shell:Creating environment hook '/home/diablo/diablo_ws/install/ception_msgs/share/ception_msgs/hook/ld_library_path_lib.sh'
[6.483s] Level 1:colcon.colcon_core.environment:checking '/home/diablo/diablo_ws/install/ception_msgs/bin'
[6.483s] Level 1:colcon.colcon_core.environment:checking '/home/diablo/diablo_ws/install/ception_msgs/lib/pkgconfig/ception_msgs.pc'
[6.484s] Level 1:colcon.colcon_core.environment:checking '/home/diablo/diablo_ws/install/ception_msgs/lib/python3.10/site-packages'
[6.486s] Level 1:colcon.colcon_core.environment:checking '/home/diablo/diablo_ws/install/ception_msgs/bin'
[6.487s] INFO:colcon.colcon_core.shell:Creating package script '/home/diablo/diablo_ws/install/ception_msgs/share/ception_msgs/package.ps1'
[6.492s] INFO:colcon.colcon_core.shell:Creating package descriptor '/home/diablo/diablo_ws/install/ception_msgs/share/ception_msgs/package.dsv'
[6.499s] INFO:colcon.colcon_core.shell:Creating package script '/home/diablo/diablo_ws/install/ception_msgs/share/ception_msgs/package.sh'
[6.503s] INFO:colcon.colcon_core.shell:Creating package script '/home/diablo/diablo_ws/install/ception_msgs/share/ception_msgs/package.bash'
[6.508s] INFO:colcon.colcon_core.shell:Creating package script '/home/diablo/diablo_ws/install/ception_msgs/share/ception_msgs/package.zsh'
[6.513s] Level 1:colcon.colcon_core.environment:create_file_with_runtime_dependencies(/home/diablo/diablo_ws/install/ception_msgs/share/colcon-core/packages/ception_msgs)
[6.517s] Level 1:colcon.colcon_core.environment:create_environment_scripts_only(ception_msgs)
[6.518s] Level 1:colcon.colcon_core.environment:checking '/home/diablo/diablo_ws/install/ception_msgs' for CMake module files
[6.522s] Level 1:colcon.colcon_core.environment:checking '/home/diablo/diablo_ws/install/ception_msgs' for CMake config files
[6.526s] Level 1:colcon.colcon_core.shell:create_environment_hook('ception_msgs', 'cmake_prefix_path')
[6.527s] INFO:colcon.colcon_core.shell:Creating environment hook '/home/diablo/diablo_ws/install/ception_msgs/share/ception_msgs/hook/cmake_prefix_path.ps1'
[6.529s] INFO:colcon.colcon_core.shell:Creating environment descriptor '/home/diablo/diablo_ws/install/ception_msgs/share/ception_msgs/hook/cmake_prefix_path.dsv'
[6.531s] INFO:colcon.colcon_core.shell:Creating environment hook '/home/diablo/diablo_ws/install/ception_msgs/share/ception_msgs/hook/cmake_prefix_path.sh'
[6.533s] Level 1:colcon.colcon_core.environment:checking '/home/diablo/diablo_ws/install/ception_msgs/lib'
[6.534s] Level 1:colcon.colcon_core.shell:create_environment_hook('ception_msgs', 'ld_library_path_lib')
[6.535s] INFO:colcon.colcon_core.shell:Creating environment hook '/home/diablo/diablo_ws/install/ception_msgs/share/ception_msgs/hook/ld_library_path_lib.ps1'
[6.537s] INFO:colcon.colcon_core.shell:Creating environment descriptor '/home/diablo/diablo_ws/install/ception_msgs/share/ception_msgs/hook/ld_library_path_lib.dsv'
[6.538s] INFO:colcon.colcon_core.shell:Creating environment hook '/home/diablo/diablo_ws/install/ception_msgs/share/ception_msgs/hook/ld_library_path_lib.sh'
[6.540s] Level 1:colcon.colcon_core.environment:checking '/home/diablo/diablo_ws/install/ception_msgs/bin'
[6.541s] Level 1:colcon.colcon_core.environment:checking '/home/diablo/diablo_ws/install/ception_msgs/lib/pkgconfig/ception_msgs.pc'
[6.542s] Level 1:colcon.colcon_core.environment:checking '/home/diablo/diablo_ws/install/ception_msgs/lib/python3.10/site-packages'
[6.543s] Level 1:colcon.colcon_core.environment:checking '/home/diablo/diablo_ws/install/ception_msgs/bin'
[6.544s] INFO:colcon.colcon_core.shell:Creating package script '/home/diablo/diablo_ws/install/ception_msgs/share/ception_msgs/package.ps1'
[6.547s] INFO:colcon.colcon_core.shell:Creating package descriptor '/home/diablo/diablo_ws/install/ception_msgs/share/ception_msgs/package.dsv'
[6.549s] INFO:colcon.colcon_core.shell:Creating package script '/home/diablo/diablo_ws/install/ception_msgs/share/ception_msgs/package.sh'
[6.551s] INFO:colcon.colcon_core.shell:Creating package script '/home/diablo/diablo_ws/install/ception_msgs/share/ception_msgs/package.bash'
[6.553s] INFO:colcon.colcon_core.shell:Creating package script '/home/diablo/diablo_ws/install/ception_msgs/share/ception_msgs/package.zsh'
[6.555s] Level 1:colcon.colcon_core.environment:create_file_with_runtime_dependencies(/home/diablo/diablo_ws/install/ception_msgs/share/colcon-core/packages/ception_msgs)
[6.556s] DEBUG:colcon.colcon_core.executor.sequential:run_until_complete 'ception_msgs' finished with '0'
[6.557s] DEBUG:colcon.colcon_core.executor.sequential:run_until_complete 'motion_msgs'
[6.557s] INFO:colcon.colcon_ros.task.ament_cmake.build:Building ROS package in '/home/diablo/diablo_ws/src/diablo_ros2/diablo_interfaces/motion_msgs' with build type 'ament_cmake'
[6.558s] INFO:colcon.colcon_cmake.task.cmake.build:Building CMake package in '/home/diablo/diablo_ws/src/diablo_ros2/diablo_interfaces/motion_msgs'
[6.559s] INFO:colcon.colcon_core.shell:Skip shell extension 'powershell' for command environment: Not usable outside of PowerShell
[6.559s] DEBUG:colcon.colcon_core.shell:Skip shell extension 'dsv' for command environment
[6.597s] DEBUG:colcon.colcon_core.event_handler.log_command:Invoking command in '/home/diablo/diablo_ws/build/motion_msgs': CMAKE_PREFIX_PATH=/opt/ros/humble /usr/bin/cmake --build /home/diablo/diablo_ws/build/motion_msgs
[9.524s] DEBUG:colcon.colcon_core.event_handler.log_command:Invoked command in '/home/diablo/diablo_ws/build/motion_msgs' returned '0': CMAKE_PREFIX_PATH=/opt/ros/humble /usr/bin/cmake --build /home/diablo/diablo_ws/build/motion_msgs
[9.537s] DEBUG:colcon.colcon_core.event_handler.log_command:Invoking command in '/home/diablo/diablo_ws/build/motion_msgs': CMAKE_PREFIX_PATH=/opt/ros/humble /usr/bin/cmake --install /home/diablo/diablo_ws/build/motion_msgs
[10.102s] Level 1:colcon.colcon_core.environment:create_environment_scripts_only(motion_msgs)
[10.103s] Level 1:colcon.colcon_core.environment:checking '/home/diablo/diablo_ws/install/motion_msgs' for CMake module files
[10.105s] DEBUG:colcon.colcon_core.event_handler.log_command:Invoked command in '/home/diablo/diablo_ws/build/motion_msgs' returned '0': CMAKE_PREFIX_PATH=/opt/ros/humble /usr/bin/cmake --install /home/diablo/diablo_ws/build/motion_msgs
[10.109s] Level 1:colcon.colcon_core.environment:checking '/home/diablo/diablo_ws/install/motion_msgs' for CMake config files
[10.118s] Level 1:colcon.colcon_core.shell:create_environment_hook('motion_msgs', 'cmake_prefix_path')
[10.119s] INFO:colcon.colcon_core.shell:Creating environment hook '/home/diablo/diablo_ws/install/motion_msgs/share/motion_msgs/hook/cmake_prefix_path.ps1'
[10.122s] INFO:colcon.colcon_core.shell:Creating environment descriptor '/home/diablo/diablo_ws/install/motion_msgs/share/motion_msgs/hook/cmake_prefix_path.dsv'
[10.124s] INFO:colcon.colcon_core.shell:Creating environment hook '/home/diablo/diablo_ws/install/motion_msgs/share/motion_msgs/hook/cmake_prefix_path.sh'
[10.127s] Level 1:colcon.colcon_core.environment:checking '/home/diablo/diablo_ws/install/motion_msgs/lib'
[10.127s] Level 1:colcon.colcon_core.shell:create_environment_hook('motion_msgs', 'ld_library_path_lib')
[10.128s] INFO:colcon.colcon_core.shell:Creating environment hook '/home/diablo/diablo_ws/install/motion_msgs/share/motion_msgs/hook/ld_library_path_lib.ps1'
[10.130s] INFO:colcon.colcon_core.shell:Creating environment descriptor '/home/diablo/diablo_ws/install/motion_msgs/share/motion_msgs/hook/ld_library_path_lib.dsv'
[10.132s] INFO:colcon.colcon_core.shell:Creating environment hook '/home/diablo/diablo_ws/install/motion_msgs/share/motion_msgs/hook/ld_library_path_lib.sh'
[10.134s] Level 1:colcon.colcon_core.environment:checking '/home/diablo/diablo_ws/install/motion_msgs/bin'
[10.134s] Level 1:colcon.colcon_core.environment:checking '/home/diablo/diablo_ws/install/motion_msgs/lib/pkgconfig/motion_msgs.pc'
[10.135s] Level 1:colcon.colcon_core.environment:checking '/home/diablo/diablo_ws/install/motion_msgs/lib/python3.10/site-packages'
[10.137s] Level 1:colcon.colcon_core.environment:checking '/home/diablo/diablo_ws/install/motion_msgs/bin'
[10.138s] INFO:colcon.colcon_core.shell:Creating package script '/home/diablo/diablo_ws/install/motion_msgs/share/motion_msgs/package.ps1'
[10.140s] INFO:colcon.colcon_core.shell:Creating package descriptor '/home/diablo/diablo_ws/install/motion_msgs/share/motion_msgs/package.dsv'
[10.142s] INFO:colcon.colcon_core.shell:Creating package script '/home/diablo/diablo_ws/install/motion_msgs/share/motion_msgs/package.sh'
[10.144s] INFO:colcon.colcon_core.shell:Creating package script '/home/diablo/diablo_ws/install/motion_msgs/share/motion_msgs/package.bash'
[10.146s] INFO:colcon.colcon_core.shell:Creating package script '/home/diablo/diablo_ws/install/motion_msgs/share/motion_msgs/package.zsh'
[10.148s] Level 1:colcon.colcon_core.environment:create_file_with_runtime_dependencies(/home/diablo/diablo_ws/install/motion_msgs/share/colcon-core/packages/motion_msgs)
[10.151s] Level 1:colcon.colcon_core.environment:create_environment_scripts_only(motion_msgs)
[10.152s] Level 1:colcon.colcon_core.environment:checking '/home/diablo/diablo_ws/install/motion_msgs' for CMake module files
[10.156s] Level 1:colcon.colcon_core.environment:checking '/home/diablo/diablo_ws/install/motion_msgs' for CMake config files
[10.160s] Level 1:colcon.colcon_core.shell:create_environment_hook('motion_msgs', 'cmake_prefix_path')
[10.161s] INFO:colcon.colcon_core.shell:Creating environment hook '/home/diablo/diablo_ws/install/motion_msgs/share/motion_msgs/hook/cmake_prefix_path.ps1'
[10.163s] INFO:colcon.colcon_core.shell:Creating environment descriptor '/home/diablo/diablo_ws/install/motion_msgs/share/motion_msgs/hook/cmake_prefix_path.dsv'
[10.165s] INFO:colcon.colcon_core.shell:Creating environment hook '/home/diablo/diablo_ws/install/motion_msgs/share/motion_msgs/hook/cmake_prefix_path.sh'
[10.167s] Level 1:colcon.colcon_core.environment:checking '/home/diablo/diablo_ws/install/motion_msgs/lib'
[10.168s] Level 1:colcon.colcon_core.shell:create_environment_hook('motion_msgs', 'ld_library_path_lib')
[10.169s] INFO:colcon.colcon_core.shell:Creating environment hook '/home/diablo/diablo_ws/install/motion_msgs/share/motion_msgs/hook/ld_library_path_lib.ps1'
[10.171s] INFO:colcon.colcon_core.shell:Creating environment descriptor '/home/diablo/diablo_ws/install/motion_msgs/share/motion_msgs/hook/ld_library_path_lib.dsv'
[10.172s] INFO:colcon.colcon_core.shell:Creating environment hook '/home/diablo/diablo_ws/install/motion_msgs/share/motion_msgs/hook/ld_library_path_lib.sh'
[10.174s] Level 1:colcon.colcon_core.environment:checking '/home/diablo/diablo_ws/install/motion_msgs/bin'
[10.175s] Level 1:colcon.colcon_core.environment:checking '/home/diablo/diablo_ws/install/motion_msgs/lib/pkgconfig/motion_msgs.pc'
[10.176s] Level 1:colcon.colcon_core.environment:checking '/home/diablo/diablo_ws/install/motion_msgs/lib/python3.10/site-packages'
[10.177s] Level 1:colcon.colcon_core.environment:checking '/home/diablo/diablo_ws/install/motion_msgs/bin'
[10.178s] INFO:colcon.colcon_core.shell:Creating package script '/home/diablo/diablo_ws/install/motion_msgs/share/motion_msgs/package.ps1'
[10.181s] INFO:colcon.colcon_core.shell:Creating package descriptor '/home/diablo/diablo_ws/install/motion_msgs/share/motion_msgs/package.dsv'
[10.183s] INFO:colcon.colcon_core.shell:Creating package script '/home/diablo/diablo_ws/install/motion_msgs/share/motion_msgs/package.sh'
[10.185s] INFO:colcon.colcon_core.shell:Creating package script '/home/diablo/diablo_ws/install/motion_msgs/share/motion_msgs/package.bash'
[10.188s] INFO:colcon.colcon_core.shell:Creating package script '/home/diablo/diablo_ws/install/motion_msgs/share/motion_msgs/package.zsh'
[10.190s] Level 1:colcon.colcon_core.environment:create_file_with_runtime_dependencies(/home/diablo/diablo_ws/install/motion_msgs/share/colcon-core/packages/motion_msgs)
[10.191s] DEBUG:colcon.colcon_core.executor.sequential:run_until_complete 'motion_msgs' finished with '0'
[10.191s] DEBUG:colcon.colcon_core.executor.sequential:run_until_complete 'diablo_utils'
[10.192s] INFO:colcon.colcon_ros.task.ament_cmake.build:Building ROS package in '/home/diablo/diablo_ws/src/diablo_ros2/diablo_common/diablo_utils' with build type 'ament_cmake'
[10.193s] INFO:colcon.colcon_cmake.task.cmake.build:Building CMake package in '/home/diablo/diablo_ws/src/diablo_ros2/diablo_common/diablo_utils'
[10.194s] INFO:colcon.colcon_core.shell:Skip shell extension 'powershell' for command environment: Not usable outside of PowerShell
[10.194s] DEBUG:colcon.colcon_core.shell:Skip shell extension 'dsv' for command environment
[10.250s] DEBUG:colcon.colcon_core.event_handler.log_command:Invoking command in '/home/diablo/diablo_ws/build/diablo_utils': AMENT_PREFIX_PATH=/home/diablo/diablo_ws/install/motion_msgs:${AMENT_PREFIX_PATH} CMAKE_PREFIX_PATH=/home/diablo/diablo_ws/install/motion_msgs:/opt/ros/humble LD_LIBRARY_PATH=/home/diablo/diablo_ws/install/motion_msgs/lib:${LD_LIBRARY_PATH} PYTHONPATH=/home/diablo/diablo_ws/install/motion_msgs/local/lib/python3.10/dist-packages:${PYTHONPATH} /usr/bin/cmake --build /home/diablo/diablo_ws/build/diablo_utils
[10.590s] DEBUG:colcon.colcon_core.event_handler.log_command:Invoked command in '/home/diablo/diablo_ws/build/diablo_utils' returned '0': AMENT_PREFIX_PATH=/home/diablo/diablo_ws/install/motion_msgs:${AMENT_PREFIX_PATH} CMAKE_PREFIX_PATH=/home/diablo/diablo_ws/install/motion_msgs:/opt/ros/humble LD_LIBRARY_PATH=/home/diablo/diablo_ws/install/motion_msgs/lib:${LD_LIBRARY_PATH} PYTHONPATH=/home/diablo/diablo_ws/install/motion_msgs/local/lib/python3.10/dist-packages:${PYTHONPATH} /usr/bin/cmake --build /home/diablo/diablo_ws/build/diablo_utils
[10.601s] DEBUG:colcon.colcon_core.event_handler.log_command:Invoking command in '/home/diablo/diablo_ws/build/diablo_utils': AMENT_PREFIX_PATH=/home/diablo/diablo_ws/install/motion_msgs:${AMENT_PREFIX_PATH} CMAKE_PREFIX_PATH=/home/diablo/diablo_ws/install/motion_msgs:/opt/ros/humble LD_LIBRARY_PATH=/home/diablo/diablo_ws/install/motion_msgs/lib:${LD_LIBRARY_PATH} PYTHONPATH=/home/diablo/diablo_ws/install/motion_msgs/local/lib/python3.10/dist-packages:${PYTHONPATH} /usr/bin/cmake --install /home/diablo/diablo_ws/build/diablo_utils
[10.728s] Level 1:colcon.colcon_core.environment:create_environment_scripts_only(diablo_utils)
[10.729s] Level 1:colcon.colcon_core.environment:checking '/home/diablo/diablo_ws/install/diablo_utils' for CMake module files
[10.731s] DEBUG:colcon.colcon_core.event_handler.log_command:Invoked command in '/home/diablo/diablo_ws/build/diablo_utils' returned '0': AMENT_PREFIX_PATH=/home/diablo/diablo_ws/install/motion_msgs:${AMENT_PREFIX_PATH} CMAKE_PREFIX_PATH=/home/diablo/diablo_ws/install/motion_msgs:/opt/ros/humble LD_LIBRARY_PATH=/home/diablo/diablo_ws/install/motion_msgs/lib:${LD_LIBRARY_PATH} PYTHONPATH=/home/diablo/diablo_ws/install/motion_msgs/local/lib/python3.10/dist-packages:${PYTHONPATH} /usr/bin/cmake --install /home/diablo/diablo_ws/build/diablo_utils
[10.734s] Level 1:colcon.colcon_core.environment:checking '/home/diablo/diablo_ws/install/diablo_utils' for CMake config files
[10.738s] Level 1:colcon.colcon_core.shell:create_environment_hook('diablo_utils', 'cmake_prefix_path')
[10.739s] INFO:colcon.colcon_core.shell:Creating environment hook '/home/diablo/diablo_ws/install/diablo_utils/share/diablo_utils/hook/cmake_prefix_path.ps1'
[10.742s] INFO:colcon.colcon_core.shell:Creating environment descriptor '/home/diablo/diablo_ws/install/diablo_utils/share/diablo_utils/hook/cmake_prefix_path.dsv'
[10.744s] INFO:colcon.colcon_core.shell:Creating environment hook '/home/diablo/diablo_ws/install/diablo_utils/share/diablo_utils/hook/cmake_prefix_path.sh'
[10.748s] Level 1:colcon.colcon_core.environment:checking '/home/diablo/diablo_ws/install/diablo_utils/lib'
[10.748s] Level 1:colcon.colcon_core.shell:create_environment_hook('diablo_utils', 'ld_library_path_lib')
[10.749s] INFO:colcon.colcon_core.shell:Creating environment hook '/home/diablo/diablo_ws/install/diablo_utils/share/diablo_utils/hook/ld_library_path_lib.ps1'
[10.751s] INFO:colcon.colcon_core.shell:Creating environment descriptor '/home/diablo/diablo_ws/install/diablo_utils/share/diablo_utils/hook/ld_library_path_lib.dsv'
[10.753s] INFO:colcon.colcon_core.shell:Creating environment hook '/home/diablo/diablo_ws/install/diablo_utils/share/diablo_utils/hook/ld_library_path_lib.sh'
[10.755s] Level 1:colcon.colcon_core.environment:checking '/home/diablo/diablo_ws/install/diablo_utils/bin'
[10.755s] Level 1:colcon.colcon_core.environment:checking '/home/diablo/diablo_ws/install/diablo_utils/lib/pkgconfig/diablo_utils.pc'
[10.756s] Level 1:colcon.colcon_core.environment:checking '/home/diablo/diablo_ws/install/diablo_utils/lib/python3.10/site-packages'
[10.758s] Level 1:colcon.colcon_core.environment:checking '/home/diablo/diablo_ws/install/diablo_utils/bin'
[10.759s] INFO:colcon.colcon_core.shell:Creating package script '/home/diablo/diablo_ws/install/diablo_utils/share/diablo_utils/package.ps1'
[10.761s] INFO:colcon.colcon_core.shell:Creating package descriptor '/home/diablo/diablo_ws/install/diablo_utils/share/diablo_utils/package.dsv'
[10.763s] INFO:colcon.colcon_core.shell:Creating package script '/home/diablo/diablo_ws/install/diablo_utils/share/diablo_utils/package.sh'
[10.765s] INFO:colcon.colcon_core.shell:Creating package script '/home/diablo/diablo_ws/install/diablo_utils/share/diablo_utils/package.bash'
[10.767s] INFO:colcon.colcon_core.shell:Creating package script '/home/diablo/diablo_ws/install/diablo_utils/share/diablo_utils/package.zsh'
[10.769s] Level 1:colcon.colcon_core.environment:create_file_with_runtime_dependencies(/home/diablo/diablo_ws/install/diablo_utils/share/colcon-core/packages/diablo_utils)
[10.771s] Level 1:colcon.colcon_core.environment:create_environment_scripts_only(diablo_utils)
[10.772s] Level 1:colcon.colcon_core.environment:checking '/home/diablo/diablo_ws/install/diablo_utils' for CMake module files
[10.775s] Level 1:colcon.colcon_core.environment:checking '/home/diablo/diablo_ws/install/diablo_utils' for CMake config files
[10.777s] Level 1:colcon.colcon_core.shell:create_environment_hook('diablo_utils', 'cmake_prefix_path')
[10.778s] INFO:colcon.colcon_core.shell:Creating environment hook '/home/diablo/diablo_ws/install/diablo_utils/share/diablo_utils/hook/cmake_prefix_path.ps1'
[10.780s] INFO:colcon.colcon_core.shell:Creating environment descriptor '/home/diablo/diablo_ws/install/diablo_utils/share/diablo_utils/hook/cmake_prefix_path.dsv'
[10.781s] INFO:colcon.colcon_core.shell:Creating environment hook '/home/diablo/diablo_ws/install/diablo_utils/share/diablo_utils/hook/cmake_prefix_path.sh'
[10.784s] Level 1:colcon.colcon_core.environment:checking '/home/diablo/diablo_ws/install/diablo_utils/lib'
[10.784s] Level 1:colcon.colcon_core.shell:create_environment_hook('diablo_utils', 'ld_library_path_lib')
[10.785s] INFO:colcon.colcon_core.shell:Creating environment hook '/home/diablo/diablo_ws/install/diablo_utils/share/diablo_utils/hook/ld_library_path_lib.ps1'
[10.787s] INFO:colcon.colcon_core.shell:Creating environment descriptor '/home/diablo/diablo_ws/install/diablo_utils/share/diablo_utils/hook/ld_library_path_lib.dsv'
[10.789s] INFO:colcon.colcon_core.shell:Creating environment hook '/home/diablo/diablo_ws/install/diablo_utils/share/diablo_utils/hook/ld_library_path_lib.sh'
[10.791s] Level 1:colcon.colcon_core.environment:checking '/home/diablo/diablo_ws/install/diablo_utils/bin'
[10.791s] Level 1:colcon.colcon_core.environment:checking '/home/diablo/diablo_ws/install/diablo_utils/lib/pkgconfig/diablo_utils.pc'
[10.792s] Level 1:colcon.colcon_core.environment:checking '/home/diablo/diablo_ws/install/diablo_utils/lib/python3.10/site-packages'
[10.793s] Level 1:colcon.colcon_core.environment:checking '/home/diablo/diablo_ws/install/diablo_utils/bin'
[10.794s] INFO:colcon.colcon_core.shell:Creating package script '/home/diablo/diablo_ws/install/diablo_utils/share/diablo_utils/package.ps1'
[10.797s] INFO:colcon.colcon_core.shell:Creating package descriptor '/home/diablo/diablo_ws/install/diablo_utils/share/diablo_utils/package.dsv'
[10.799s] INFO:colcon.colcon_core.shell:Creating package script '/home/diablo/diablo_ws/install/diablo_utils/share/diablo_utils/package.sh'
[10.802s] INFO:colcon.colcon_core.shell:Creating package script '/home/diablo/diablo_ws/install/diablo_utils/share/diablo_utils/package.bash'
[10.804s] INFO:colcon.colcon_core.shell:Creating package script '/home/diablo/diablo_ws/install/diablo_utils/share/diablo_utils/package.zsh'
[10.806s] Level 1:colcon.colcon_core.environment:create_file_with_runtime_dependencies(/home/diablo/diablo_ws/install/diablo_utils/share/colcon-core/packages/diablo_utils)
[10.807s] DEBUG:colcon.colcon_core.executor.sequential:run_until_complete 'diablo_utils' finished with '0'
[10.807s] DEBUG:colcon.colcon_core.executor.sequential:run_until_complete 'diablo_body'
[10.808s] INFO:colcon.colcon_ros.task.ament_cmake.build:Building ROS package in '/home/diablo/diablo_ws/src/diablo_ros2/diablo_ception/diablo_body' with build type 'ament_cmake'
[10.808s] INFO:colcon.colcon_cmake.task.cmake.build:Building CMake package in '/home/diablo/diablo_ws/src/diablo_ros2/diablo_ception/diablo_body'
[10.809s] INFO:colcon.colcon_core.shell:Skip shell extension 'powershell' for command environment: Not usable outside of PowerShell
[10.809s] DEBUG:colcon.colcon_core.shell:Skip shell extension 'dsv' for command environment
[10.889s] DEBUG:colcon.colcon_core.event_handler.log_command:Invoking command in '/home/diablo/diablo_ws/build/diablo_body': AMENT_PREFIX_PATH=/home/diablo/diablo_ws/install/diablo_utils:/home/diablo/diablo_ws/install/motion_msgs:/home/diablo/diablo_ws/install/ception_msgs:${AMENT_PREFIX_PATH} CMAKE_PREFIX_PATH=/home/diablo/diablo_ws/install/diablo_utils:/home/diablo/diablo_ws/install/motion_msgs:/home/diablo/diablo_ws/install/ception_msgs:/opt/ros/humble LD_LIBRARY_PATH=/home/diablo/diablo_ws/install/diablo_utils/lib:/home/diablo/diablo_ws/install/motion_msgs/lib:/home/diablo/diablo_ws/install/ception_msgs/lib:${LD_LIBRARY_PATH} PYTHONPATH=/home/diablo/diablo_ws/install/motion_msgs/local/lib/python3.10/dist-packages:/home/diablo/diablo_ws/install/ception_msgs/local/lib/python3.10/dist-packages:${PYTHONPATH} /usr/bin/cmake --build /home/diablo/diablo_ws/build/diablo_body
[84.841s] DEBUG:colcon.colcon_core.event_handler.log_command:Invoked command in '/home/diablo/diablo_ws/build/diablo_body' returned '0': AMENT_PREFIX_PATH=/home/diablo/diablo_ws/install/diablo_utils:/home/diablo/diablo_ws/install/motion_msgs:/home/diablo/diablo_ws/install/ception_msgs:${AMENT_PREFIX_PATH} CMAKE_PREFIX_PATH=/home/diablo/diablo_ws/install/diablo_utils:/home/diablo/diablo_ws/install/motion_msgs:/home/diablo/diablo_ws/install/ception_msgs:/opt/ros/humble LD_LIBRARY_PATH=/home/diablo/diablo_ws/install/diablo_utils/lib:/home/diablo/diablo_ws/install/motion_msgs/lib:/home/diablo/diablo_ws/install/ception_msgs/lib:${LD_LIBRARY_PATH} PYTHONPATH=/home/diablo/diablo_ws/install/motion_msgs/local/lib/python3.10/dist-packages:/home/diablo/diablo_ws/install/ception_msgs/local/lib/python3.10/dist-packages:${PYTHONPATH} /usr/bin/cmake --build /home/diablo/diablo_ws/build/diablo_body
[84.854s] DEBUG:colcon.colcon_core.event_handler.log_command:Invoking command in '/home/diablo/diablo_ws/build/diablo_body': AMENT_PREFIX_PATH=/home/diablo/diablo_ws/install/diablo_utils:/home/diablo/diablo_ws/install/motion_msgs:/home/diablo/diablo_ws/install/ception_msgs:${AMENT_PREFIX_PATH} CMAKE_PREFIX_PATH=/home/diablo/diablo_ws/install/diablo_utils:/home/diablo/diablo_ws/install/motion_msgs:/home/diablo/diablo_ws/install/ception_msgs:/opt/ros/humble LD_LIBRARY_PATH=/home/diablo/diablo_ws/install/diablo_utils/lib:/home/diablo/diablo_ws/install/motion_msgs/lib:/home/diablo/diablo_ws/install/ception_msgs/lib:${LD_LIBRARY_PATH} PYTHONPATH=/home/diablo/diablo_ws/install/motion_msgs/local/lib/python3.10/dist-packages:/home/diablo/diablo_ws/install/ception_msgs/local/lib/python3.10/dist-packages:${PYTHONPATH} /usr/bin/cmake --install /home/diablo/diablo_ws/build/diablo_body
[85.746s] Level 1:colcon.colcon_core.environment:create_environment_scripts_only(diablo_body)
[85.747s] Level 1:colcon.colcon_core.environment:checking '/home/diablo/diablo_ws/install/diablo_body' for CMake module files
[85.749s] DEBUG:colcon.colcon_core.event_handler.log_command:Invoked command in '/home/diablo/diablo_ws/build/diablo_body' returned '0': AMENT_PREFIX_PATH=/home/diablo/diablo_ws/install/diablo_utils:/home/diablo/diablo_ws/install/motion_msgs:/home/diablo/diablo_ws/install/ception_msgs:${AMENT_PREFIX_PATH} CMAKE_PREFIX_PATH=/home/diablo/diablo_ws/install/diablo_utils:/home/diablo/diablo_ws/install/motion_msgs:/home/diablo/diablo_ws/install/ception_msgs:/opt/ros/humble LD_LIBRARY_PATH=/home/diablo/diablo_ws/install/diablo_utils/lib:/home/diablo/diablo_ws/install/motion_msgs/lib:/home/diablo/diablo_ws/install/ception_msgs/lib:${LD_LIBRARY_PATH} PYTHONPATH=/home/diablo/diablo_ws/install/motion_msgs/local/lib/python3.10/dist-packages:/home/diablo/diablo_ws/install/ception_msgs/local/lib/python3.10/dist-packages:${PYTHONPATH} /usr/bin/cmake --install /home/diablo/diablo_ws/build/diablo_body
[85.752s] Level 1:colcon.colcon_core.environment:checking '/home/diablo/diablo_ws/install/diablo_body' for CMake config files
[85.758s] Level 1:colcon.colcon_core.shell:create_environment_hook('diablo_body', 'cmake_prefix_path')
[85.759s] INFO:colcon.colcon_core.shell:Creating environment hook '/home/diablo/diablo_ws/install/diablo_body/share/diablo_body/hook/cmake_prefix_path.ps1'
[85.762s] INFO:colcon.colcon_core.shell:Creating environment descriptor '/home/diablo/diablo_ws/install/diablo_body/share/diablo_body/hook/cmake_prefix_path.dsv'
[85.763s] INFO:colcon.colcon_core.shell:Creating environment hook '/home/diablo/diablo_ws/install/diablo_body/share/diablo_body/hook/cmake_prefix_path.sh'
[85.766s] Level 1:colcon.colcon_core.environment:checking '/home/diablo/diablo_ws/install/diablo_body/lib'
[85.766s] Level 1:colcon.colcon_core.shell:create_environment_hook('diablo_body', 'ld_library_path_lib')
[85.767s] INFO:colcon.colcon_core.shell:Creating environment hook '/home/diablo/diablo_ws/install/diablo_body/share/diablo_body/hook/ld_library_path_lib.ps1'
[85.770s] INFO:colcon.colcon_core.shell:Creating environment descriptor '/home/diablo/diablo_ws/install/diablo_body/share/diablo_body/hook/ld_library_path_lib.dsv'
[85.771s] INFO:colcon.colcon_core.shell:Creating environment hook '/home/diablo/diablo_ws/install/diablo_body/share/diablo_body/hook/ld_library_path_lib.sh'
[85.773s] Level 1:colcon.colcon_core.environment:checking '/home/diablo/diablo_ws/install/diablo_body/bin'
[85.774s] Level 1:colcon.colcon_core.environment:checking '/home/diablo/diablo_ws/install/diablo_body/lib/pkgconfig/diablo_body.pc'
[85.774s] Level 1:colcon.colcon_core.environment:checking '/home/diablo/diablo_ws/install/diablo_body/lib/python3.10/site-packages'
[85.776s] Level 1:colcon.colcon_core.environment:checking '/home/diablo/diablo_ws/install/diablo_body/bin'
[85.777s] INFO:colcon.colcon_core.shell:Creating package script '/home/diablo/diablo_ws/install/diablo_body/share/diablo_body/package.ps1'
[85.780s] INFO:colcon.colcon_core.shell:Creating package descriptor '/home/diablo/diablo_ws/install/diablo_body/share/diablo_body/package.dsv'
[85.782s] INFO:colcon.colcon_core.shell:Creating package script '/home/diablo/diablo_ws/install/diablo_body/share/diablo_body/package.sh'
[85.784s] INFO:colcon.colcon_core.shell:Creating package script '/home/diablo/diablo_ws/install/diablo_body/share/diablo_body/package.bash'
[85.786s] INFO:colcon.colcon_core.shell:Creating package script '/home/diablo/diablo_ws/install/diablo_body/share/diablo_body/package.zsh'
[85.787s] Level 1:colcon.colcon_core.environment:create_file_with_runtime_dependencies(/home/diablo/diablo_ws/install/diablo_body/share/colcon-core/packages/diablo_body)
[85.790s] Level 1:colcon.colcon_core.environment:create_environment_scripts_only(diablo_body)
[85.791s] Level 1:colcon.colcon_core.environment:checking '/home/diablo/diablo_ws/install/diablo_body' for CMake module files
[85.793s] Level 1:colcon.colcon_core.environment:checking '/home/diablo/diablo_ws/install/diablo_body' for CMake config files
[85.795s] Level 1:colcon.colcon_core.shell:create_environment_hook('diablo_body', 'cmake_prefix_path')
[85.796s] INFO:colcon.colcon_core.shell:Creating environment hook '/home/diablo/diablo_ws/install/diablo_body/share/diablo_body/hook/cmake_prefix_path.ps1'
[85.798s] INFO:colcon.colcon_core.shell:Creating environment descriptor '/home/diablo/diablo_ws/install/diablo_body/share/diablo_body/hook/cmake_prefix_path.dsv'
[85.799s] INFO:colcon.colcon_core.shell:Creating environment hook '/home/diablo/diablo_ws/install/diablo_body/share/diablo_body/hook/cmake_prefix_path.sh'
[85.803s] Level 1:colcon.colcon_core.environment:checking '/home/diablo/diablo_ws/install/diablo_body/lib'
[85.803s] Level 1:colcon.colcon_core.shell:create_environment_hook('diablo_body', 'ld_library_path_lib')
[85.804s] INFO:colcon.colcon_core.shell:Creating environment hook '/home/diablo/diablo_ws/install/diablo_body/share/diablo_body/hook/ld_library_path_lib.ps1'
[85.806s] INFO:colcon.colcon_core.shell:Creating environment descriptor '/home/diablo/diablo_ws/install/diablo_body/share/diablo_body/hook/ld_library_path_lib.dsv'
[85.807s] INFO:colcon.colcon_core.shell:Creating environment hook '/home/diablo/diablo_ws/install/diablo_body/share/diablo_body/hook/ld_library_path_lib.sh'
[85.809s] Level 1:colcon.colcon_core.environment:checking '/home/diablo/diablo_ws/install/diablo_body/bin'
[85.810s] Level 1:colcon.colcon_core.environment:checking '/home/diablo/diablo_ws/install/diablo_body/lib/pkgconfig/diablo_body.pc'
[85.811s] Level 1:colcon.colcon_core.environment:checking '/home/diablo/diablo_ws/install/diablo_body/lib/python3.10/site-packages'
[85.812s] Level 1:colcon.colcon_core.environment:checking '/home/diablo/diablo_ws/install/diablo_body/bin'
[85.813s] INFO:colcon.colcon_core.shell:Creating package script '/home/diablo/diablo_ws/install/diablo_body/share/diablo_body/package.ps1'
[85.816s] INFO:colcon.colcon_core.shell:Creating package descriptor '/home/diablo/diablo_ws/install/diablo_body/share/diablo_body/package.dsv'
[85.818s] INFO:colcon.colcon_core.shell:Creating package script '/home/diablo/diablo_ws/install/diablo_body/share/diablo_body/package.sh'
[85.820s] INFO:colcon.colcon_core.shell:Creating package script '/home/diablo/diablo_ws/install/diablo_body/share/diablo_body/package.bash'
[85.822s] INFO:colcon.colcon_core.shell:Creating package script '/home/diablo/diablo_ws/install/diablo_body/share/diablo_body/package.zsh'
[85.824s] Level 1:colcon.colcon_core.environment:create_file_with_runtime_dependencies(/home/diablo/diablo_ws/install/diablo_body/share/colcon-core/packages/diablo_body)
[85.825s] DEBUG:colcon.colcon_core.executor.sequential:run_until_complete 'diablo_body' finished with '0'
[85.826s] DEBUG:colcon.colcon_core.executor.sequential:run_until_complete 'diablo_ctrl'
[85.826s] INFO:colcon.colcon_ros.task.ament_cmake.build:Building ROS package in '/home/diablo/diablo_ws/src/diablo_ros2/diablo_interaction/diablo_ctrl' with build type 'ament_cmake'
[85.827s] INFO:colcon.colcon_cmake.task.cmake.build:Building CMake package in '/home/diablo/diablo_ws/src/diablo_ros2/diablo_interaction/diablo_ctrl'
[85.827s] INFO:colcon.colcon_core.shell:Skip shell extension 'powershell' for command environment: Not usable outside of PowerShell
[85.828s] DEBUG:colcon.colcon_core.shell:Skip shell extension 'dsv' for command environment
[85.910s] DEBUG:colcon.colcon_core.event_handler.log_command:Invoking command in '/home/diablo/diablo_ws/build/diablo_ctrl': AMENT_PREFIX_PATH=/home/diablo/diablo_ws/install/diablo_body:/home/diablo/diablo_ws/install/diablo_utils:/home/diablo/diablo_ws/install/motion_msgs:/home/diablo/diablo_ws/install/ception_msgs:${AMENT_PREFIX_PATH} CMAKE_PREFIX_PATH=/home/diablo/diablo_ws/install/diablo_body:/home/diablo/diablo_ws/install/diablo_utils:/home/diablo/diablo_ws/install/motion_msgs:/home/diablo/diablo_ws/install/ception_msgs:/opt/ros/humble LD_LIBRARY_PATH=/home/diablo/diablo_ws/install/diablo_body/lib:/home/diablo/diablo_ws/install/diablo_utils/lib:/home/diablo/diablo_ws/install/motion_msgs/lib:/home/diablo/diablo_ws/install/ception_msgs/lib:${LD_LIBRARY_PATH} PYTHONPATH=/home/diablo/diablo_ws/install/motion_msgs/local/lib/python3.10/dist-packages:/home/diablo/diablo_ws/install/ception_msgs/local/lib/python3.10/dist-packages:${PYTHONPATH} /usr/bin/cmake /home/diablo/diablo_ws/src/diablo_ros2/diablo_interaction/diablo_ctrl -DAMENT_CMAKE_SYMLINK_INSTALL=1 -DCMAKE_INSTALL_PREFIX=/home/diablo/diablo_ws/install/diablo_ctrl
[93.361s] DEBUG:colcon.colcon_core.event_handler.log_command:Invoked command in '/home/diablo/diablo_ws/build/diablo_ctrl' returned '0': AMENT_PREFIX_PATH=/home/diablo/diablo_ws/install/diablo_body:/home/diablo/diablo_ws/install/diablo_utils:/home/diablo/diablo_ws/install/motion_msgs:/home/diablo/diablo_ws/install/ception_msgs:${AMENT_PREFIX_PATH} CMAKE_PREFIX_PATH=/home/diablo/diablo_ws/install/diablo_body:/home/diablo/diablo_ws/install/diablo_utils:/home/diablo/diablo_ws/install/motion_msgs:/home/diablo/diablo_ws/install/ception_msgs:/opt/ros/humble LD_LIBRARY_PATH=/home/diablo/diablo_ws/install/diablo_body/lib:/home/diablo/diablo_ws/install/diablo_utils/lib:/home/diablo/diablo_ws/install/motion_msgs/lib:/home/diablo/diablo_ws/install/ception_msgs/lib:${LD_LIBRARY_PATH} PYTHONPATH=/home/diablo/diablo_ws/install/motion_msgs/local/lib/python3.10/dist-packages:/home/diablo/diablo_ws/install/ception_msgs/local/lib/python3.10/dist-packages:${PYTHONPATH} /usr/bin/cmake /home/diablo/diablo_ws/src/diablo_ros2/diablo_interaction/diablo_ctrl -DAMENT_CMAKE_SYMLINK_INSTALL=1 -DCMAKE_INSTALL_PREFIX=/home/diablo/diablo_ws/install/diablo_ctrl
[93.370s] DEBUG:colcon.colcon_core.event_handler.log_command:Invoking command in '/home/diablo/diablo_ws/build/diablo_ctrl': AMENT_PREFIX_PATH=/home/diablo/diablo_ws/install/diablo_body:/home/diablo/diablo_ws/install/diablo_utils:/home/diablo/diablo_ws/install/motion_msgs:/home/diablo/diablo_ws/install/ception_msgs:${AMENT_PREFIX_PATH} CMAKE_PREFIX_PATH=/home/diablo/diablo_ws/install/diablo_body:/home/diablo/diablo_ws/install/diablo_utils:/home/diablo/diablo_ws/install/motion_msgs:/home/diablo/diablo_ws/install/ception_msgs:/opt/ros/humble LD_LIBRARY_PATH=/home/diablo/diablo_ws/install/diablo_body/lib:/home/diablo/diablo_ws/install/diablo_utils/lib:/home/diablo/diablo_ws/install/motion_msgs/lib:/home/diablo/diablo_ws/install/ception_msgs/lib:${LD_LIBRARY_PATH} PYTHONPATH=/home/diablo/diablo_ws/install/motion_msgs/local/lib/python3.10/dist-packages:/home/diablo/diablo_ws/install/ception_msgs/local/lib/python3.10/dist-packages:${PYTHONPATH} /usr/bin/cmake --build /home/diablo/diablo_ws/build/diablo_ctrl
[128.245s] DEBUG:colcon.colcon_core.event_handler.log_command:Invoked command in '/home/diablo/diablo_ws/build/diablo_ctrl' returned '0': AMENT_PREFIX_PATH=/home/diablo/diablo_ws/install/diablo_body:/home/diablo/diablo_ws/install/diablo_utils:/home/diablo/diablo_ws/install/motion_msgs:/home/diablo/diablo_ws/install/ception_msgs:${AMENT_PREFIX_PATH} CMAKE_PREFIX_PATH=/home/diablo/diablo_ws/install/diablo_body:/home/diablo/diablo_ws/install/diablo_utils:/home/diablo/diablo_ws/install/motion_msgs:/home/diablo/diablo_ws/install/ception_msgs:/opt/ros/humble LD_LIBRARY_PATH=/home/diablo/diablo_ws/install/diablo_body/lib:/home/diablo/diablo_ws/install/diablo_utils/lib:/home/diablo/diablo_ws/install/motion_msgs/lib:/home/diablo/diablo_ws/install/ception_msgs/lib:${LD_LIBRARY_PATH} PYTHONPATH=/home/diablo/diablo_ws/install/motion_msgs/local/lib/python3.10/dist-packages:/home/diablo/diablo_ws/install/ception_msgs/local/lib/python3.10/dist-packages:${PYTHONPATH} /usr/bin/cmake --build /home/diablo/diablo_ws/build/diablo_ctrl
[128.258s] DEBUG:colcon.colcon_core.event_handler.log_command:Invoking command in '/home/diablo/diablo_ws/build/diablo_ctrl': AMENT_PREFIX_PATH=/home/diablo/diablo_ws/install/diablo_body:/home/diablo/diablo_ws/install/diablo_utils:/home/diablo/diablo_ws/install/motion_msgs:/home/diablo/diablo_ws/install/ception_msgs:${AMENT_PREFIX_PATH} CMAKE_PREFIX_PATH=/home/diablo/diablo_ws/install/diablo_body:/home/diablo/diablo_ws/install/diablo_utils:/home/diablo/diablo_ws/install/motion_msgs:/home/diablo/diablo_ws/install/ception_msgs:/opt/ros/humble LD_LIBRARY_PATH=/home/diablo/diablo_ws/install/diablo_body/lib:/home/diablo/diablo_ws/install/diablo_utils/lib:/home/diablo/diablo_ws/install/motion_msgs/lib:/home/diablo/diablo_ws/install/ception_msgs/lib:${LD_LIBRARY_PATH} PYTHONPATH=/home/diablo/diablo_ws/install/motion_msgs/local/lib/python3.10/dist-packages:/home/diablo/diablo_ws/install/ception_msgs/local/lib/python3.10/dist-packages:${PYTHONPATH} /usr/bin/cmake --install /home/diablo/diablo_ws/build/diablo_ctrl
[128.969s] Level 1:colcon.colcon_core.environment:create_environment_scripts_only(diablo_ctrl)
[128.971s] Level 1:colcon.colcon_core.environment:checking '/home/diablo/diablo_ws/install/diablo_ctrl' for CMake module files
[128.973s] DEBUG:colcon.colcon_core.event_handler.log_command:Invoked command in '/home/diablo/diablo_ws/build/diablo_ctrl' returned '0': AMENT_PREFIX_PATH=/home/diablo/diablo_ws/install/diablo_body:/home/diablo/diablo_ws/install/diablo_utils:/home/diablo/diablo_ws/install/motion_msgs:/home/diablo/diablo_ws/install/ception_msgs:${AMENT_PREFIX_PATH} CMAKE_PREFIX_PATH=/home/diablo/diablo_ws/install/diablo_body:/home/diablo/diablo_ws/install/diablo_utils:/home/diablo/diablo_ws/install/motion_msgs:/home/diablo/diablo_ws/install/ception_msgs:/opt/ros/humble LD_LIBRARY_PATH=/home/diablo/diablo_ws/install/diablo_body/lib:/home/diablo/diablo_ws/install/diablo_utils/lib:/home/diablo/diablo_ws/install/motion_msgs/lib:/home/diablo/diablo_ws/install/ception_msgs/lib:${LD_LIBRARY_PATH} PYTHONPATH=/home/diablo/diablo_ws/install/motion_msgs/local/lib/python3.10/dist-packages:/home/diablo/diablo_ws/install/ception_msgs/local/lib/python3.10/dist-packages:${PYTHONPATH} /usr/bin/cmake --install /home/diablo/diablo_ws/build/diablo_ctrl
[128.975s] Level 1:colcon.colcon_core.environment:checking '/home/diablo/diablo_ws/install/diablo_ctrl' for CMake config files
[128.977s] Level 1:colcon.colcon_core.shell:create_environment_hook('diablo_ctrl', 'cmake_prefix_path')
[128.978s] INFO:colcon.colcon_core.shell:Creating environment hook '/home/diablo/diablo_ws/install/diablo_ctrl/share/diablo_ctrl/hook/cmake_prefix_path.ps1'
[128.981s] INFO:colcon.colcon_core.shell:Creating environment descriptor '/home/diablo/diablo_ws/install/diablo_ctrl/share/diablo_ctrl/hook/cmake_prefix_path.dsv'
[128.983s] INFO:colcon.colcon_core.shell:Creating environment hook '/home/diablo/diablo_ws/install/diablo_ctrl/share/diablo_ctrl/hook/cmake_prefix_path.sh'
[128.985s] Level 1:colcon.colcon_core.environment:checking '/home/diablo/diablo_ws/install/diablo_ctrl/lib'
[128.986s] Level 1:colcon.colcon_core.environment:checking '/home/diablo/diablo_ws/install/diablo_ctrl/bin'
[128.986s] Level 1:colcon.colcon_core.environment:checking '/home/diablo/diablo_ws/install/diablo_ctrl/lib/pkgconfig/diablo_ctrl.pc'
[128.987s] Level 1:colcon.colcon_core.environment:checking '/home/diablo/diablo_ws/install/diablo_ctrl/lib/python3.10/site-packages'
[128.988s] Level 1:colcon.colcon_core.environment:checking '/home/diablo/diablo_ws/install/diablo_ctrl/bin'
[128.990s] INFO:colcon.colcon_core.shell:Creating package script '/home/diablo/diablo_ws/install/diablo_ctrl/share/diablo_ctrl/package.ps1'
[128.992s] INFO:colcon.colcon_core.shell:Creating package descriptor '/home/diablo/diablo_ws/install/diablo_ctrl/share/diablo_ctrl/package.dsv'
[128.994s] INFO:colcon.colcon_core.shell:Creating package script '/home/diablo/diablo_ws/install/diablo_ctrl/share/diablo_ctrl/package.sh'
[128.995s] INFO:colcon.colcon_core.shell:Creating package script '/home/diablo/diablo_ws/install/diablo_ctrl/share/diablo_ctrl/package.bash'
[128.997s] INFO:colcon.colcon_core.shell:Creating package script '/home/diablo/diablo_ws/install/diablo_ctrl/share/diablo_ctrl/package.zsh'
[128.998s] Level 1:colcon.colcon_core.environment:create_file_with_runtime_dependencies(/home/diablo/diablo_ws/install/diablo_ctrl/share/colcon-core/packages/diablo_ctrl)
[129.001s] Level 1:colcon.colcon_core.environment:create_environment_scripts_only(diablo_ctrl)
[129.002s] Level 1:colcon.colcon_core.environment:checking '/home/diablo/diablo_ws/install/diablo_ctrl' for CMake module files
[129.004s] Level 1:colcon.colcon_core.environment:checking '/home/diablo/diablo_ws/install/diablo_ctrl' for CMake config files
[129.006s] Level 1:colcon.colcon_core.shell:create_environment_hook('diablo_ctrl', 'cmake_prefix_path')
[129.007s] INFO:colcon.colcon_core.shell:Creating environment hook '/home/diablo/diablo_ws/install/diablo_ctrl/share/diablo_ctrl/hook/cmake_prefix_path.ps1'
[129.009s] INFO:colcon.colcon_core.shell:Creating environment descriptor '/home/diablo/diablo_ws/install/diablo_ctrl/share/diablo_ctrl/hook/cmake_prefix_path.dsv'
[129.010s] INFO:colcon.colcon_core.shell:Creating environment hook '/home/diablo/diablo_ws/install/diablo_ctrl/share/diablo_ctrl/hook/cmake_prefix_path.sh'
[129.013s] Level 1:colcon.colcon_core.environment:checking '/home/diablo/diablo_ws/install/diablo_ctrl/lib'
[129.013s] Level 1:colcon.colcon_core.environment:checking '/home/diablo/diablo_ws/install/diablo_ctrl/bin'
[129.013s] Level 1:colcon.colcon_core.environment:checking '/home/diablo/diablo_ws/install/diablo_ctrl/lib/pkgconfig/diablo_ctrl.pc'
[129.014s] Level 1:colcon.colcon_core.environment:checking '/home/diablo/diablo_ws/install/diablo_ctrl/lib/python3.10/site-packages'
[129.016s] Level 1:colcon.colcon_core.environment:checking '/home/diablo/diablo_ws/install/diablo_ctrl/bin'
[129.017s] INFO:colcon.colcon_core.shell:Creating package script '/home/diablo/diablo_ws/install/diablo_ctrl/share/diablo_ctrl/package.ps1'
[129.019s] INFO:colcon.colcon_core.shell:Creating package descriptor '/home/diablo/diablo_ws/install/diablo_ctrl/share/diablo_ctrl/package.dsv'
[129.022s] INFO:colcon.colcon_core.shell:Creating package script '/home/diablo/diablo_ws/install/diablo_ctrl/share/diablo_ctrl/package.sh'
[129.024s] INFO:colcon.colcon_core.shell:Creating package script '/home/diablo/diablo_ws/install/diablo_ctrl/share/diablo_ctrl/package.bash'
[129.026s] INFO:colcon.colcon_core.shell:Creating package script '/home/diablo/diablo_ws/install/diablo_ctrl/share/diablo_ctrl/package.zsh'
[129.028s] Level 1:colcon.colcon_core.environment:create_file_with_runtime_dependencies(/home/diablo/diablo_ws/install/diablo_ctrl/share/colcon-core/packages/diablo_ctrl)
[129.029s] DEBUG:colcon.colcon_core.executor.sequential:run_until_complete 'diablo_ctrl' finished with '0'
[129.029s] DEBUG:colcon.colcon_core.executor.sequential:closing loop
[129.030s] DEBUG:colcon.colcon_core.executor.sequential:loop closed
[129.030s] DEBUG:colcon.colcon_core.event_reactor:joining thread
[129.072s] INFO:colcon.colcon_core.plugin_system:Skipping extension 'colcon_notification.desktop_notification.notify_send': Could not find 'notify-send'
[129.072s] INFO:colcon.colcon_core.plugin_system:Skipping extension 'colcon_notification.desktop_notification.terminal_notifier': Not used on non-Darwin systems
[129.073s] INFO:colcon.colcon_core.plugin_system:Skipping extension 'colcon_notification.desktop_notification.win32': Not used on non-Windows systems
[129.073s] INFO:colcon.colcon_notification.desktop_notification:Sending desktop notification using 'notify2'
[129.112s] DEBUG:colcon.colcon_notification.desktop_notification.notify2:Failed to initialize notify2: org.freedesktop.DBus.Error.ServiceUnknown: The name org.freedesktop.Notifications was not provided by any .service files
[129.113s] DEBUG:colcon.colcon_core.event_reactor:joined thread
[129.114s] INFO:colcon.colcon_core.shell:Creating prefix script '/home/diablo/diablo_ws/install/local_setup.ps1'
[129.121s] INFO:colcon.colcon_core.shell:Creating prefix util module '/home/diablo/diablo_ws/install/_local_setup_util_ps1.py'
[129.133s] INFO:colcon.colcon_core.shell:Creating prefix chain script '/home/diablo/diablo_ws/install/setup.ps1'
[129.140s] INFO:colcon.colcon_core.shell:Creating prefix script '/home/diablo/diablo_ws/install/local_setup.sh'
[129.144s] INFO:colcon.colcon_core.shell:Creating prefix util module '/home/diablo/diablo_ws/install/_local_setup_util_sh.py'
[129.147s] INFO:colcon.colcon_core.shell:Creating prefix chain script '/home/diablo/diablo_ws/install/setup.sh'
[129.152s] INFO:colcon.colcon_core.shell:Creating prefix script '/home/diablo/diablo_ws/install/local_setup.bash'
[129.159s] INFO:colcon.colcon_core.shell:Creating prefix chain script '/home/diablo/diablo_ws/install/setup.bash'
[129.164s] INFO:colcon.colcon_core.shell:Creating prefix script '/home/diablo/diablo_ws/install/local_setup.zsh'
[129.168s] INFO:colcon.colcon_core.shell:Creating prefix chain script '/home/diablo/diablo_ws/install/setup.zsh'
