[0.000000] (-) TimerEvent: {}
[0.001232] (ception_msgs) JobQueued: {'identifier': 'ception_msgs', 'dependencies': OrderedDict()}
[0.002695] (diablo_simulation) JobQueued: {'identifier': 'diablo_simulation', 'dependencies': OrderedDict()}
[0.003407] (diablo_test) JobQueued: {'identifier': 'diablo_test', 'dependencies': OrderedDict()}
[0.004044] (motion_msgs) JobQueued: {'identifier': 'motion_msgs', 'dependencies': OrderedDict()}
[0.004298] (diablo_rviz2_control_plugin) JobQueued: {'identifier': 'diablo_rviz2_control_plugin', 'dependencies': OrderedDict([('motion_msgs', '/home/diablo/diablo_ws/install/motion_msgs')])}
[0.004682] (diablo_teleop) JobQueued: {'identifier': 'diablo_teleop', 'dependencies': OrderedDict([('motion_msgs', '/home/diablo/diablo_ws/install/motion_msgs')])}
[0.004892] (diablo_utils) JobQueued: {'identifier': 'diablo_utils', 'dependencies': OrderedDict([('motion_msgs', '/home/diablo/diablo_ws/install/motion_msgs')])}
[0.005010] (diablo_body) JobQueued: {'identifier': 'diablo_body', 'dependencies': OrderedDict([('ception_msgs', '/home/diablo/diablo_ws/install/ception_msgs'), ('motion_msgs', '/home/diablo/diablo_ws/install/motion_msgs'), ('diablo_utils', '/home/diablo/diablo_ws/install/diablo_utils')])}
[0.005146] (diablo_ctrl) JobQueued: {'identifier': 'diablo_ctrl', 'dependencies': OrderedDict([('ception_msgs', '/home/diablo/diablo_ws/install/ception_msgs'), ('motion_msgs', '/home/diablo/diablo_ws/install/motion_msgs'), ('diablo_utils', '/home/diablo/diablo_ws/install/diablo_utils'), ('diablo_body', '/home/diablo/diablo_ws/install/diablo_body')])}
[0.005250] (diablo_simpose_trans) JobQueued: {'identifier': 'diablo_simpose_trans', 'dependencies': OrderedDict([('ception_msgs', '/home/diablo/diablo_ws/install/ception_msgs'), ('motion_msgs', '/home/diablo/diablo_ws/install/motion_msgs'), ('diablo_utils', '/home/diablo/diablo_ws/install/diablo_utils'), ('diablo_body', '/home/diablo/diablo_ws/install/diablo_body')])}
[0.005398] (motion_msgs) JobStarted: {'identifier': 'motion_msgs'}
[0.044860] (ception_msgs) JobStarted: {'identifier': 'ception_msgs'}
[0.060253] (diablo_simulation) JobStarted: {'identifier': 'diablo_simulation'}
[0.087348] (diablo_test) JobStarted: {'identifier': 'diablo_test'}
[0.098829] (-) TimerEvent: {}
[0.110190] (motion_msgs) JobProgress: {'identifier': 'motion_msgs', 'progress': 'cmake'}
[0.112631] (motion_msgs) Command: {'cmd': ['/usr/bin/cmake', '/home/diablo/diablo_ws/src/diablo_ros2/diablo_interfaces/motion_msgs', '-DCMAKE_BUILD_TYPE=Release', '-DAMENT_CMAKE_SYMLINK_INSTALL=1', '-DCMAKE_INSTALL_PREFIX=/home/diablo/diablo_ws/install/motion_msgs'], 'cwd': '/home/diablo/diablo_ws/build/motion_msgs', 'env': OrderedDict([('LESSOPEN', '| /usr/bin/lesspipe %s'), ('USER', 'diablo'), ('SSH_CLIENT', 'fc94:895d:2729:ce2e:5d7:5613:5e0f:cf5a 54510 22'), ('LC_TIME', 'C.UTF-8'), ('XDG_SESSION_TYPE', 'tty'), ('SHLVL', '1'), ('LD_LIBRARY_PATH', '/opt/ros/humble/lib/aarch64-linux-gnu:/opt/ros/humble/lib'), ('MOTD_SHOWN', 'pam'), ('HOME', '/home/diablo'), ('OLDPWD', '/home/diablo'), ('SSH_TTY', '/dev/pts/0'), ('ROS_PYTHON_VERSION', '3'), ('LC_MONETARY', 'C.UTF-8'), ('DBUS_SESSION_BUS_ADDRESS', 'unix:path=/run/user/1000/bus'), ('ROS_DISTRO', 'humble'), ('LOGNAME', 'diablo'), ('_', '/usr/bin/colcon'), ('ROS_VERSION', '2'), ('XDG_SESSION_CLASS', 'user'), ('TERM', 'xterm-256color'), ('XDG_SESSION_ID', '4'), ('ROS_LOCALHOST_ONLY', '0'), ('PATH', '/opt/ros/humble/bin:/usr/local/sbin:/usr/local/bin:/usr/sbin:/usr/bin:/sbin:/bin:/usr/games:/usr/local/games:/snap/bin'), ('LC_ADDRESS', 'C.UTF-8'), ('XDG_RUNTIME_DIR', '/run/user/1000'), ('LANG', 'C.UTF-8'), ('LC_TELEPHONE', 'C.UTF-8'), ('LS_COLORS', 'rs=0:di=01;34:ln=01;36:mh=00:pi=40;33:so=01;35:do=01;35:bd=40;33;01:cd=40;33;01:or=40;31;01:mi=00:su=37;41:sg=30;43:ca=30;41:tw=30;42:ow=34;42:st=37;44:ex=01;32:*.tar=01;31:*.tgz=01;31:*.arc=01;31:*.arj=01;31:*.taz=01;31:*.lha=01;31:*.lz4=01;31:*.lzh=01;31:*.lzma=01;31:*.tlz=01;31:*.txz=01;31:*.tzo=01;31:*.t7z=01;31:*.zip=01;31:*.z=01;31:*.dz=01;31:*.gz=01;31:*.lrz=01;31:*.lz=01;31:*.lzo=01;31:*.xz=01;31:*.zst=01;31:*.tzst=01;31:*.bz2=01;31:*.bz=01;31:*.tbz=01;31:*.tbz2=01;31:*.tz=01;31:*.deb=01;31:*.rpm=01;31:*.jar=01;31:*.war=01;31:*.ear=01;31:*.sar=01;31:*.rar=01;31:*.alz=01;31:*.ace=01;31:*.zoo=01;31:*.cpio=01;31:*.7z=01;31:*.rz=01;31:*.cab=01;31:*.wim=01;31:*.swm=01;31:*.dwm=01;31:*.esd=01;31:*.jpg=01;35:*.jpeg=01;35:*.mjpg=01;35:*.mjpeg=01;35:*.gif=01;35:*.bmp=01;35:*.pbm=01;35:*.pgm=01;35:*.ppm=01;35:*.tga=01;35:*.xbm=01;35:*.xpm=01;35:*.tif=01;35:*.tiff=01;35:*.png=01;35:*.svg=01;35:*.svgz=01;35:*.mng=01;35:*.pcx=01;35:*.mov=01;35:*.mpg=01;35:*.mpeg=01;35:*.m2v=01;35:*.mkv=01;35:*.webm=01;35:*.webp=01;35:*.ogm=01;35:*.mp4=01;35:*.m4v=01;35:*.mp4v=01;35:*.vob=01;35:*.qt=01;35:*.nuv=01;35:*.wmv=01;35:*.asf=01;35:*.rm=01;35:*.rmvb=01;35:*.flc=01;35:*.avi=01;35:*.fli=01;35:*.flv=01;35:*.gl=01;35:*.dl=01;35:*.xcf=01;35:*.xwd=01;35:*.yuv=01;35:*.cgm=01;35:*.emf=01;35:*.ogv=01;35:*.ogx=01;35:*.aac=00;36:*.au=00;36:*.flac=00;36:*.m4a=00;36:*.mid=00;36:*.midi=00;36:*.mka=00;36:*.mp3=00;36:*.mpc=00;36:*.ogg=00;36:*.ra=00;36:*.wav=00;36:*.oga=00;36:*.opus=00;36:*.spx=00;36:*.xspf=00;36:'), ('AMENT_PREFIX_PATH', '/opt/ros/humble'), ('SHELL', '/bin/bash'), ('LC_NAME', 'C.UTF-8'), ('LESSCLOSE', '/usr/bin/lesspipe %s %s'), ('LC_MEASUREMENT', 'C.UTF-8'), ('LC_IDENTIFICATION', 'C.UTF-8'), ('PWD', '/home/diablo/diablo_ws/build/motion_msgs'), ('SSH_CONNECTION', 'fc94:895d:2729:ce2e:5d7:5613:5e0f:cf5a 54510 fc94:c867:6393:caf8:4601:3f10:1d9e:ac86 22'), ('XDG_DATA_DIRS', '/usr/local/share:/usr/share:/var/lib/snapd/desktop'), ('PYTHONPATH', '/opt/ros/humble/lib/python3.10/site-packages:/opt/ros/humble/local/lib/python3.10/dist-packages'), ('LC_NUMERIC', 'C.UTF-8'), ('LC_PAPER', 'C.UTF-8'), ('COLCON', '1'), ('CMAKE_PREFIX_PATH', '/opt/ros/humble')]), 'shell': False}
[0.126596] (ception_msgs) JobProgress: {'identifier': 'ception_msgs', 'progress': 'cmake'}
[0.128913] (ception_msgs) Command: {'cmd': ['/usr/bin/cmake', '/home/diablo/diablo_ws/src/diablo_ros2/diablo_interfaces/ception_msgs', '-DCMAKE_BUILD_TYPE=Release', '-DAMENT_CMAKE_SYMLINK_INSTALL=1', '-DCMAKE_INSTALL_PREFIX=/home/diablo/diablo_ws/install/ception_msgs'], 'cwd': '/home/diablo/diablo_ws/build/ception_msgs', 'env': OrderedDict([('LESSOPEN', '| /usr/bin/lesspipe %s'), ('USER', 'diablo'), ('SSH_CLIENT', 'fc94:895d:2729:ce2e:5d7:5613:5e0f:cf5a 54510 22'), ('LC_TIME', 'C.UTF-8'), ('XDG_SESSION_TYPE', 'tty'), ('SHLVL', '1'), ('LD_LIBRARY_PATH', '/opt/ros/humble/lib/aarch64-linux-gnu:/opt/ros/humble/lib'), ('MOTD_SHOWN', 'pam'), ('HOME', '/home/diablo'), ('OLDPWD', '/home/diablo'), ('SSH_TTY', '/dev/pts/0'), ('ROS_PYTHON_VERSION', '3'), ('LC_MONETARY', 'C.UTF-8'), ('DBUS_SESSION_BUS_ADDRESS', 'unix:path=/run/user/1000/bus'), ('ROS_DISTRO', 'humble'), ('LOGNAME', 'diablo'), ('_', '/usr/bin/colcon'), ('ROS_VERSION', '2'), ('XDG_SESSION_CLASS', 'user'), ('TERM', 'xterm-256color'), ('XDG_SESSION_ID', '4'), ('ROS_LOCALHOST_ONLY', '0'), ('PATH', '/opt/ros/humble/bin:/usr/local/sbin:/usr/local/bin:/usr/sbin:/usr/bin:/sbin:/bin:/usr/games:/usr/local/games:/snap/bin'), ('LC_ADDRESS', 'C.UTF-8'), ('XDG_RUNTIME_DIR', '/run/user/1000'), ('LANG', 'C.UTF-8'), ('LC_TELEPHONE', 'C.UTF-8'), ('LS_COLORS', 'rs=0:di=01;34:ln=01;36:mh=00:pi=40;33:so=01;35:do=01;35:bd=40;33;01:cd=40;33;01:or=40;31;01:mi=00:su=37;41:sg=30;43:ca=30;41:tw=30;42:ow=34;42:st=37;44:ex=01;32:*.tar=01;31:*.tgz=01;31:*.arc=01;31:*.arj=01;31:*.taz=01;31:*.lha=01;31:*.lz4=01;31:*.lzh=01;31:*.lzma=01;31:*.tlz=01;31:*.txz=01;31:*.tzo=01;31:*.t7z=01;31:*.zip=01;31:*.z=01;31:*.dz=01;31:*.gz=01;31:*.lrz=01;31:*.lz=01;31:*.lzo=01;31:*.xz=01;31:*.zst=01;31:*.tzst=01;31:*.bz2=01;31:*.bz=01;31:*.tbz=01;31:*.tbz2=01;31:*.tz=01;31:*.deb=01;31:*.rpm=01;31:*.jar=01;31:*.war=01;31:*.ear=01;31:*.sar=01;31:*.rar=01;31:*.alz=01;31:*.ace=01;31:*.zoo=01;31:*.cpio=01;31:*.7z=01;31:*.rz=01;31:*.cab=01;31:*.wim=01;31:*.swm=01;31:*.dwm=01;31:*.esd=01;31:*.jpg=01;35:*.jpeg=01;35:*.mjpg=01;35:*.mjpeg=01;35:*.gif=01;35:*.bmp=01;35:*.pbm=01;35:*.pgm=01;35:*.ppm=01;35:*.tga=01;35:*.xbm=01;35:*.xpm=01;35:*.tif=01;35:*.tiff=01;35:*.png=01;35:*.svg=01;35:*.svgz=01;35:*.mng=01;35:*.pcx=01;35:*.mov=01;35:*.mpg=01;35:*.mpeg=01;35:*.m2v=01;35:*.mkv=01;35:*.webm=01;35:*.webp=01;35:*.ogm=01;35:*.mp4=01;35:*.m4v=01;35:*.mp4v=01;35:*.vob=01;35:*.qt=01;35:*.nuv=01;35:*.wmv=01;35:*.asf=01;35:*.rm=01;35:*.rmvb=01;35:*.flc=01;35:*.avi=01;35:*.fli=01;35:*.flv=01;35:*.gl=01;35:*.dl=01;35:*.xcf=01;35:*.xwd=01;35:*.yuv=01;35:*.cgm=01;35:*.emf=01;35:*.ogv=01;35:*.ogx=01;35:*.aac=00;36:*.au=00;36:*.flac=00;36:*.m4a=00;36:*.mid=00;36:*.midi=00;36:*.mka=00;36:*.mp3=00;36:*.mpc=00;36:*.ogg=00;36:*.ra=00;36:*.wav=00;36:*.oga=00;36:*.opus=00;36:*.spx=00;36:*.xspf=00;36:'), ('AMENT_PREFIX_PATH', '/opt/ros/humble'), ('SHELL', '/bin/bash'), ('LC_NAME', 'C.UTF-8'), ('LESSCLOSE', '/usr/bin/lesspipe %s %s'), ('LC_MEASUREMENT', 'C.UTF-8'), ('LC_IDENTIFICATION', 'C.UTF-8'), ('PWD', '/home/diablo/diablo_ws/build/ception_msgs'), ('SSH_CONNECTION', 'fc94:895d:2729:ce2e:5d7:5613:5e0f:cf5a 54510 fc94:c867:6393:caf8:4601:3f10:1d9e:ac86 22'), ('XDG_DATA_DIRS', '/usr/local/share:/usr/share:/var/lib/snapd/desktop'), ('PYTHONPATH', '/opt/ros/humble/lib/python3.10/site-packages:/opt/ros/humble/local/lib/python3.10/dist-packages'), ('LC_NUMERIC', 'C.UTF-8'), ('LC_PAPER', 'C.UTF-8'), ('COLCON', '1'), ('CMAKE_PREFIX_PATH', '/opt/ros/humble')]), 'shell': False}
[0.199120] (-) TimerEvent: {}
[0.301092] (-) TimerEvent: {}
[0.402553] (-) TimerEvent: {}
[0.503540] (-) TimerEvent: {}
[0.606178] (-) TimerEvent: {}
[0.707470] (-) TimerEvent: {}
[0.808207] (-) TimerEvent: {}
[0.909169] (-) TimerEvent: {}
[1.010025] (-) TimerEvent: {}
[1.111119] (-) TimerEvent: {}
[1.212084] (-) TimerEvent: {}
[1.314352] (-) TimerEvent: {}
[1.415277] (-) TimerEvent: {}
[1.518710] (-) TimerEvent: {}
[1.612318] (motion_msgs) StdoutLine: {'line': b'-- The C compiler identification is GNU 11.4.0\n'}
[1.619764] (-) TimerEvent: {}
[1.624939] (ception_msgs) StdoutLine: {'line': b'-- The C compiler identification is GNU 11.4.0\n'}
[1.629788] (diablo_test) JobProgress: {'identifier': 'diablo_test', 'progress': 'cmake'}
[1.635578] (diablo_test) Command: {'cmd': ['/usr/bin/cmake', '/home/diablo/diablo_ws/src/diablo_test', '-DCMAKE_BUILD_TYPE=Release', '-DAMENT_CMAKE_SYMLINK_INSTALL=1', '-DCMAKE_INSTALL_PREFIX=/home/diablo/diablo_ws/install/diablo_test'], 'cwd': '/home/diablo/diablo_ws/build/diablo_test', 'env': OrderedDict([('LESSOPEN', '| /usr/bin/lesspipe %s'), ('USER', 'diablo'), ('SSH_CLIENT', 'fc94:895d:2729:ce2e:5d7:5613:5e0f:cf5a 54510 22'), ('LC_TIME', 'C.UTF-8'), ('XDG_SESSION_TYPE', 'tty'), ('SHLVL', '1'), ('LD_LIBRARY_PATH', '/opt/ros/humble/lib/aarch64-linux-gnu:/opt/ros/humble/lib'), ('MOTD_SHOWN', 'pam'), ('HOME', '/home/diablo'), ('OLDPWD', '/home/diablo'), ('SSH_TTY', '/dev/pts/0'), ('ROS_PYTHON_VERSION', '3'), ('LC_MONETARY', 'C.UTF-8'), ('DBUS_SESSION_BUS_ADDRESS', 'unix:path=/run/user/1000/bus'), ('ROS_DISTRO', 'humble'), ('LOGNAME', 'diablo'), ('_', '/usr/bin/colcon'), ('ROS_VERSION', '2'), ('XDG_SESSION_CLASS', 'user'), ('TERM', 'xterm-256color'), ('XDG_SESSION_ID', '4'), ('ROS_LOCALHOST_ONLY', '0'), ('PATH', '/opt/ros/humble/bin:/usr/local/sbin:/usr/local/bin:/usr/sbin:/usr/bin:/sbin:/bin:/usr/games:/usr/local/games:/snap/bin'), ('LC_ADDRESS', 'C.UTF-8'), ('XDG_RUNTIME_DIR', '/run/user/1000'), ('LANG', 'C.UTF-8'), ('LC_TELEPHONE', 'C.UTF-8'), ('LS_COLORS', 'rs=0:di=01;34:ln=01;36:mh=00:pi=40;33:so=01;35:do=01;35:bd=40;33;01:cd=40;33;01:or=40;31;01:mi=00:su=37;41:sg=30;43:ca=30;41:tw=30;42:ow=34;42:st=37;44:ex=01;32:*.tar=01;31:*.tgz=01;31:*.arc=01;31:*.arj=01;31:*.taz=01;31:*.lha=01;31:*.lz4=01;31:*.lzh=01;31:*.lzma=01;31:*.tlz=01;31:*.txz=01;31:*.tzo=01;31:*.t7z=01;31:*.zip=01;31:*.z=01;31:*.dz=01;31:*.gz=01;31:*.lrz=01;31:*.lz=01;31:*.lzo=01;31:*.xz=01;31:*.zst=01;31:*.tzst=01;31:*.bz2=01;31:*.bz=01;31:*.tbz=01;31:*.tbz2=01;31:*.tz=01;31:*.deb=01;31:*.rpm=01;31:*.jar=01;31:*.war=01;31:*.ear=01;31:*.sar=01;31:*.rar=01;31:*.alz=01;31:*.ace=01;31:*.zoo=01;31:*.cpio=01;31:*.7z=01;31:*.rz=01;31:*.cab=01;31:*.wim=01;31:*.swm=01;31:*.dwm=01;31:*.esd=01;31:*.jpg=01;35:*.jpeg=01;35:*.mjpg=01;35:*.mjpeg=01;35:*.gif=01;35:*.bmp=01;35:*.pbm=01;35:*.pgm=01;35:*.ppm=01;35:*.tga=01;35:*.xbm=01;35:*.xpm=01;35:*.tif=01;35:*.tiff=01;35:*.png=01;35:*.svg=01;35:*.svgz=01;35:*.mng=01;35:*.pcx=01;35:*.mov=01;35:*.mpg=01;35:*.mpeg=01;35:*.m2v=01;35:*.mkv=01;35:*.webm=01;35:*.webp=01;35:*.ogm=01;35:*.mp4=01;35:*.m4v=01;35:*.mp4v=01;35:*.vob=01;35:*.qt=01;35:*.nuv=01;35:*.wmv=01;35:*.asf=01;35:*.rm=01;35:*.rmvb=01;35:*.flc=01;35:*.avi=01;35:*.fli=01;35:*.flv=01;35:*.gl=01;35:*.dl=01;35:*.xcf=01;35:*.xwd=01;35:*.yuv=01;35:*.cgm=01;35:*.emf=01;35:*.ogv=01;35:*.ogx=01;35:*.aac=00;36:*.au=00;36:*.flac=00;36:*.m4a=00;36:*.mid=00;36:*.midi=00;36:*.mka=00;36:*.mp3=00;36:*.mpc=00;36:*.ogg=00;36:*.ra=00;36:*.wav=00;36:*.oga=00;36:*.opus=00;36:*.spx=00;36:*.xspf=00;36:'), ('AMENT_PREFIX_PATH', '/opt/ros/humble'), ('SHELL', '/bin/bash'), ('LC_NAME', 'C.UTF-8'), ('LESSCLOSE', '/usr/bin/lesspipe %s %s'), ('LC_MEASUREMENT', 'C.UTF-8'), ('LC_IDENTIFICATION', 'C.UTF-8'), ('PWD', '/home/diablo/diablo_ws/build/diablo_test'), ('SSH_CONNECTION', 'fc94:895d:2729:ce2e:5d7:5613:5e0f:cf5a 54510 fc94:c867:6393:caf8:4601:3f10:1d9e:ac86 22'), ('XDG_DATA_DIRS', '/usr/local/share:/usr/share:/var/lib/snapd/desktop'), ('PYTHONPATH', '/opt/ros/humble/lib/python3.10/site-packages:/opt/ros/humble/local/lib/python3.10/dist-packages'), ('LC_NUMERIC', 'C.UTF-8'), ('LC_PAPER', 'C.UTF-8'), ('COLCON', '1'), ('CMAKE_PREFIX_PATH', '/opt/ros/humble')]), 'shell': False}
[1.719910] (-) TimerEvent: {}
[1.820828] (-) TimerEvent: {}
[1.921613] (-) TimerEvent: {}
[1.954460] (diablo_test) StdoutLine: {'line': b'-- The C compiler identification is GNU 11.4.0\n'}
[2.021827] (-) TimerEvent: {}
[2.124668] (-) TimerEvent: {}
[2.227302] (-) TimerEvent: {}
[2.329417] (-) TimerEvent: {}
[2.430578] (-) TimerEvent: {}
[2.534147] (-) TimerEvent: {}
[2.602725] (diablo_test) StdoutLine: {'line': b'-- The CXX compiler identification is GNU 11.4.0\n'}
[2.634435] (-) TimerEvent: {}
[2.648155] (motion_msgs) StdoutLine: {'line': b'-- The CXX compiler identification is GNU 11.4.0\n'}
[2.733582] (ception_msgs) StdoutLine: {'line': b'-- The CXX compiler identification is GNU 11.4.0\n'}
[2.734593] (-) TimerEvent: {}
[2.848055] (-) TimerEvent: {}
[2.950387] (-) TimerEvent: {}
[3.054948] (-) TimerEvent: {}
[3.155765] (-) TimerEvent: {}
[3.256524] (-) TimerEvent: {}
[3.357349] (-) TimerEvent: {}
[3.458201] (-) TimerEvent: {}
[3.559131] (-) TimerEvent: {}
[3.660211] (-) TimerEvent: {}
[3.761486] (-) TimerEvent: {}
[3.862778] (-) TimerEvent: {}
[3.963959] (-) TimerEvent: {}
[4.065046] (-) TimerEvent: {}
[4.166273] (-) TimerEvent: {}
[4.267081] (-) TimerEvent: {}
[4.368322] (-) TimerEvent: {}
[4.469554] (-) TimerEvent: {}
[4.570858] (-) TimerEvent: {}
[4.672320] (-) TimerEvent: {}
[4.773380] (-) TimerEvent: {}
[4.874628] (-) TimerEvent: {}
[4.975801] (-) TimerEvent: {}
[5.076675] (-) TimerEvent: {}
[5.177898] (-) TimerEvent: {}
[5.279073] (-) TimerEvent: {}
[5.380423] (-) TimerEvent: {}
[5.481570] (-) TimerEvent: {}
[5.582741] (-) TimerEvent: {}
[5.683913] (-) TimerEvent: {}
[5.785928] (-) TimerEvent: {}
[5.837083] (diablo_test) StdoutLine: {'line': b'-- Detecting C compiler ABI info\n'}
[5.838645] (ception_msgs) StdoutLine: {'line': b'-- Detecting C compiler ABI info\n'}
[5.839640] (motion_msgs) StdoutLine: {'line': b'-- Detecting C compiler ABI info\n'}
[5.886427] (-) TimerEvent: {}
[5.988031] (-) TimerEvent: {}
[6.089272] (-) TimerEvent: {}
[6.190501] (-) TimerEvent: {}
[6.292632] (-) TimerEvent: {}
[6.299626] (diablo_test) StdoutLine: {'line': b'-- Detecting C compiler ABI info - done\n'}
[6.309893] (motion_msgs) StdoutLine: {'line': b'-- Detecting C compiler ABI info - done\n'}
[6.331591] (diablo_test) StdoutLine: {'line': b'-- Check for working C compiler: /usr/bin/cc - skipped\n'}
[6.338415] (diablo_test) StdoutLine: {'line': b'-- Detecting C compile features\n'}
[6.345048] (diablo_test) StdoutLine: {'line': b'-- Detecting C compile features - done\n'}
[6.351395] (motion_msgs) StdoutLine: {'line': b'-- Check for working C compiler: /usr/bin/cc - skipped\n'}
[6.352989] (motion_msgs) StdoutLine: {'line': b'-- Detecting C compile features\n'}
[6.357174] (motion_msgs) StdoutLine: {'line': b'-- Detecting C compile features - done\n'}
[6.374354] (diablo_test) StdoutLine: {'line': b'-- Detecting CXX compiler ABI info\n'}
[6.375359] (motion_msgs) StdoutLine: {'line': b'-- Detecting CXX compiler ABI info\n'}
[6.393012] (-) TimerEvent: {}
[6.443913] (ception_msgs) StdoutLine: {'line': b'-- Detecting C compiler ABI info - done\n'}
[6.476613] (ception_msgs) StdoutLine: {'line': b'-- Check for working C compiler: /usr/bin/cc - skipped\n'}
[6.479294] (ception_msgs) StdoutLine: {'line': b'-- Detecting C compile features\n'}
[6.482221] (ception_msgs) StdoutLine: {'line': b'-- Detecting C compile features - done\n'}
[6.493176] (-) TimerEvent: {}
[6.498903] (ception_msgs) StdoutLine: {'line': b'-- Detecting CXX compiler ABI info\n'}
[6.593415] (-) TimerEvent: {}
[6.696286] (-) TimerEvent: {}
[6.798032] (-) TimerEvent: {}
[6.903882] (-) TimerEvent: {}
[6.906893] (motion_msgs) StdoutLine: {'line': b'-- Detecting CXX compiler ABI info - done\n'}
[6.949132] (diablo_test) StdoutLine: {'line': b'-- Detecting CXX compiler ABI info - done\n'}
[6.962776] (motion_msgs) StdoutLine: {'line': b'-- Check for working CXX compiler: /usr/bin/c++ - skipped\n'}
[6.965978] (motion_msgs) StdoutLine: {'line': b'-- Detecting CXX compile features\n'}
[6.969943] (motion_msgs) StdoutLine: {'line': b'-- Detecting CXX compile features - done\n'}
[6.979568] (diablo_test) StdoutLine: {'line': b'-- Check for working CXX compiler: /usr/bin/c++ - skipped\n'}
[6.981512] (diablo_test) StdoutLine: {'line': b'-- Detecting CXX compile features\n'}
[6.983413] (diablo_test) StdoutLine: {'line': b'-- Detecting CXX compile features - done\n'}
[7.004066] (-) TimerEvent: {}
[7.045906] (motion_msgs) StdoutLine: {'line': b'-- Found ament_cmake: 1.3.12 (/opt/ros/humble/share/ament_cmake/cmake)\n'}
[7.047657] (diablo_test) StdoutLine: {'line': b'-- Found ament_cmake: 1.3.12 (/opt/ros/humble/share/ament_cmake/cmake)\n'}
[7.095538] (ception_msgs) StdoutLine: {'line': b'-- Detecting CXX compiler ABI info - done\n'}
[7.104267] (-) TimerEvent: {}
[7.129689] (ception_msgs) StdoutLine: {'line': b'-- Check for working CXX compiler: /usr/bin/c++ - skipped\n'}
[7.130917] (ception_msgs) StdoutLine: {'line': b'-- Detecting CXX compile features\n'}
[7.132835] (ception_msgs) StdoutLine: {'line': b'-- Detecting CXX compile features - done\n'}
[7.155659] (ception_msgs) StdoutLine: {'line': b'-- Found ament_cmake: 1.3.12 (/opt/ros/humble/share/ament_cmake/cmake)\n'}
[7.204483] (-) TimerEvent: {}
[7.305505] (-) TimerEvent: {}
[7.408250] (-) TimerEvent: {}
[7.515981] (-) TimerEvent: {}
[7.620062] (-) TimerEvent: {}
[7.723839] (-) TimerEvent: {}
[7.826700] (-) TimerEvent: {}
[7.929815] (-) TimerEvent: {}
[8.031577] (-) TimerEvent: {}
[8.134743] (-) TimerEvent: {}
[8.238039] (-) TimerEvent: {}
[8.343275] (-) TimerEvent: {}
[8.445398] (-) TimerEvent: {}
[8.492417] (motion_msgs) StdoutLine: {'line': b'-- Found Python3: /usr/bin/python3 (found version "3.10.12") found components: Interpreter \n'}
[8.545848] (-) TimerEvent: {}
[8.552944] (ception_msgs) StdoutLine: {'line': b'-- Found Python3: /usr/bin/python3 (found version "3.10.12") found components: Interpreter \n'}
[8.572868] (diablo_simulation) Command: {'cmd': ['/usr/bin/python3', '-W', 'ignore:setup.py install is deprecated', '-W', 'ignore:easy_install command is deprecated', 'setup.py', 'develop', '--editable', '--build-directory', '/home/diablo/diablo_ws/build/diablo_simulation/build', '--no-deps', 'symlink_data'], 'cwd': '/home/diablo/diablo_ws/build/diablo_simulation', 'env': {'LESSOPEN': '| /usr/bin/lesspipe %s', 'USER': 'diablo', 'SSH_CLIENT': 'fc94:895d:2729:ce2e:5d7:5613:5e0f:cf5a 54510 22', 'LC_TIME': 'C.UTF-8', 'XDG_SESSION_TYPE': 'tty', 'SHLVL': '1', 'LD_LIBRARY_PATH': '/opt/ros/humble/lib/aarch64-linux-gnu:/opt/ros/humble/lib', 'MOTD_SHOWN': 'pam', 'HOME': '/home/diablo', 'OLDPWD': '/home/diablo', 'SSH_TTY': '/dev/pts/0', 'ROS_PYTHON_VERSION': '3', 'LC_MONETARY': 'C.UTF-8', 'DBUS_SESSION_BUS_ADDRESS': 'unix:path=/run/user/1000/bus', 'ROS_DISTRO': 'humble', 'LOGNAME': 'diablo', '_': '/usr/bin/colcon', 'ROS_VERSION': '2', 'XDG_SESSION_CLASS': 'user', 'TERM': 'xterm-256color', 'XDG_SESSION_ID': '4', 'ROS_LOCALHOST_ONLY': '0', 'PATH': '/opt/ros/humble/bin:/usr/local/sbin:/usr/local/bin:/usr/sbin:/usr/bin:/sbin:/bin:/usr/games:/usr/local/games:/snap/bin', 'LC_ADDRESS': 'C.UTF-8', 'XDG_RUNTIME_DIR': '/run/user/1000', 'LANG': 'C.UTF-8', 'LC_TELEPHONE': 'C.UTF-8', 'LS_COLORS': 'rs=0:di=01;34:ln=01;36:mh=00:pi=40;33:so=01;35:do=01;35:bd=40;33;01:cd=40;33;01:or=40;31;01:mi=00:su=37;41:sg=30;43:ca=30;41:tw=30;42:ow=34;42:st=37;44:ex=01;32:*.tar=01;31:*.tgz=01;31:*.arc=01;31:*.arj=01;31:*.taz=01;31:*.lha=01;31:*.lz4=01;31:*.lzh=01;31:*.lzma=01;31:*.tlz=01;31:*.txz=01;31:*.tzo=01;31:*.t7z=01;31:*.zip=01;31:*.z=01;31:*.dz=01;31:*.gz=01;31:*.lrz=01;31:*.lz=01;31:*.lzo=01;31:*.xz=01;31:*.zst=01;31:*.tzst=01;31:*.bz2=01;31:*.bz=01;31:*.tbz=01;31:*.tbz2=01;31:*.tz=01;31:*.deb=01;31:*.rpm=01;31:*.jar=01;31:*.war=01;31:*.ear=01;31:*.sar=01;31:*.rar=01;31:*.alz=01;31:*.ace=01;31:*.zoo=01;31:*.cpio=01;31:*.7z=01;31:*.rz=01;31:*.cab=01;31:*.wim=01;31:*.swm=01;31:*.dwm=01;31:*.esd=01;31:*.jpg=01;35:*.jpeg=01;35:*.mjpg=01;35:*.mjpeg=01;35:*.gif=01;35:*.bmp=01;35:*.pbm=01;35:*.pgm=01;35:*.ppm=01;35:*.tga=01;35:*.xbm=01;35:*.xpm=01;35:*.tif=01;35:*.tiff=01;35:*.png=01;35:*.svg=01;35:*.svgz=01;35:*.mng=01;35:*.pcx=01;35:*.mov=01;35:*.mpg=01;35:*.mpeg=01;35:*.m2v=01;35:*.mkv=01;35:*.webm=01;35:*.webp=01;35:*.ogm=01;35:*.mp4=01;35:*.m4v=01;35:*.mp4v=01;35:*.vob=01;35:*.qt=01;35:*.nuv=01;35:*.wmv=01;35:*.asf=01;35:*.rm=01;35:*.rmvb=01;35:*.flc=01;35:*.avi=01;35:*.fli=01;35:*.flv=01;35:*.gl=01;35:*.dl=01;35:*.xcf=01;35:*.xwd=01;35:*.yuv=01;35:*.cgm=01;35:*.emf=01;35:*.ogv=01;35:*.ogx=01;35:*.aac=00;36:*.au=00;36:*.flac=00;36:*.m4a=00;36:*.mid=00;36:*.midi=00;36:*.mka=00;36:*.mp3=00;36:*.mpc=00;36:*.ogg=00;36:*.ra=00;36:*.wav=00;36:*.oga=00;36:*.opus=00;36:*.spx=00;36:*.xspf=00;36:', 'AMENT_PREFIX_PATH': '/opt/ros/humble', 'SHELL': '/bin/bash', 'LC_NAME': 'C.UTF-8', 'LESSCLOSE': '/usr/bin/lesspipe %s %s', 'LC_MEASUREMENT': 'C.UTF-8', 'LC_IDENTIFICATION': 'C.UTF-8', 'PWD': '/home/diablo/diablo_ws/build/diablo_simulation', 'SSH_CONNECTION': 'fc94:895d:2729:ce2e:5d7:5613:5e0f:cf5a 54510 fc94:c867:6393:caf8:4601:3f10:1d9e:ac86 22', 'XDG_DATA_DIRS': '/usr/local/share:/usr/share:/var/lib/snapd/desktop', 'PYTHONPATH': '/home/diablo/diablo_ws/build/diablo_simulation/prefix_override:/usr/lib/python3/dist-packages/colcon_core/task/python/colcon_distutils_commands:/home/diablo/diablo_ws/install/diablo_simulation/lib/python3.10/site-packages:/opt/ros/humble/lib/python3.10/site-packages:/opt/ros/humble/local/lib/python3.10/dist-packages', 'LC_NUMERIC': 'C.UTF-8', 'LC_PAPER': 'C.UTF-8', 'COLCON': '1'}, 'shell': False}
[8.633426] (diablo_test) StdoutLine: {'line': b'-- Found Python3: /usr/bin/python3 (found version "3.10.12") found components: Interpreter \n'}
[8.646155] (-) TimerEvent: {}
[8.749377] (-) TimerEvent: {}
[8.851686] (-) TimerEvent: {}
[8.953876] (-) TimerEvent: {}
[9.056484] (-) TimerEvent: {}
[9.105665] (ception_msgs) StdoutLine: {'line': b'-- Override CMake install command with custom implementation using symlinks instead of copying resources\n'}
[9.156846] (-) TimerEvent: {}
[9.214856] (motion_msgs) StdoutLine: {'line': b'-- Override CMake install command with custom implementation using symlinks instead of copying resources\n'}
[9.257064] (-) TimerEvent: {}
[9.264588] (diablo_test) StdoutLine: {'line': b'-- Override CMake install command with custom implementation using symlinks instead of copying resources\n'}
[9.357278] (-) TimerEvent: {}
[9.459030] (-) TimerEvent: {}
[9.486787] (motion_msgs) StdoutLine: {'line': b'-- Found rosidl_default_generators: 1.2.0 (/opt/ros/humble/share/rosidl_default_generators/cmake)\n'}
[9.506742] (ception_msgs) StdoutLine: {'line': b'-- Found rosidl_default_generators: 1.2.0 (/opt/ros/humble/share/rosidl_default_generators/cmake)\n'}
[9.528733] (motion_msgs) StdoutLine: {'line': b'-- Using all available rosidl_typesupport_c: rosidl_typesupport_fastrtps_c;rosidl_typesupport_introspection_c\n'}
[9.529363] (ception_msgs) StdoutLine: {'line': b'-- Using all available rosidl_typesupport_c: rosidl_typesupport_fastrtps_c;rosidl_typesupport_introspection_c\n'}
[9.530864] (diablo_test) StdoutLine: {'line': b'-- Found rclcpp: 16.0.17 (/opt/ros/humble/share/rclcpp/cmake)\n'}
[9.559276] (-) TimerEvent: {}
[9.629179] (ception_msgs) StdoutLine: {'line': b'-- Found rosidl_adapter: 3.1.8 (/opt/ros/humble/share/rosidl_adapter/cmake)\n'}
[9.630195] (motion_msgs) StdoutLine: {'line': b'-- Found rosidl_adapter: 3.1.8 (/opt/ros/humble/share/rosidl_adapter/cmake)\n'}
[9.659490] (-) TimerEvent: {}
[9.761328] (-) TimerEvent: {}
[9.845970] (diablo_test) StdoutLine: {'line': b'-- Found rosidl_generator_c: 3.1.8 (/opt/ros/humble/share/rosidl_generator_c/cmake)\n'}
[9.861522] (-) TimerEvent: {}
[9.882811] (diablo_test) StdoutLine: {'line': b'-- Found rosidl_adapter: 3.1.8 (/opt/ros/humble/share/rosidl_adapter/cmake)\n'}
[9.961689] (-) TimerEvent: {}
[10.043149] (diablo_test) StdoutLine: {'line': b'-- Found rosidl_generator_cpp: 3.1.8 (/opt/ros/humble/share/rosidl_generator_cpp/cmake)\n'}
[10.061896] (-) TimerEvent: {}
[10.162627] (-) TimerEvent: {}
[10.263469] (-) TimerEvent: {}
[10.364761] (-) TimerEvent: {}
[10.465892] (-) TimerEvent: {}
[10.476428] (diablo_simulation) StdoutLine: {'line': b'running develop\n'}
[10.566041] (-) TimerEvent: {}
[10.666726] (-) TimerEvent: {}
[10.767454] (-) TimerEvent: {}
[10.868205] (-) TimerEvent: {}
[10.968909] (-) TimerEvent: {}
[11.069679] (-) TimerEvent: {}
[11.097301] (diablo_test) StdoutLine: {'line': b'-- Using all available rosidl_typesupport_c: rosidl_typesupport_fastrtps_c;rosidl_typesupport_introspection_c\n'}
[11.134696] (diablo_simulation) StdoutLine: {'line': b'running egg_info\n'}
[11.136016] (diablo_simulation) StdoutLine: {'line': b'creating diablo_simulation.egg-info\n'}
[11.137787] (diablo_simulation) StdoutLine: {'line': b'writing diablo_simulation.egg-info/PKG-INFO\n'}
[11.140586] (diablo_simulation) StdoutLine: {'line': b'writing dependency_links to diablo_simulation.egg-info/dependency_links.txt\n'}
[11.142571] (diablo_simulation) StdoutLine: {'line': b'writing entry points to diablo_simulation.egg-info/entry_points.txt\n'}
[11.144382] (motion_msgs) StdoutLine: {'line': b'-- Using all available rosidl_typesupport_cpp: rosidl_typesupport_fastrtps_cpp;rosidl_typesupport_introspection_cpp\n'}
[11.145399] (diablo_simulation) StdoutLine: {'line': b'writing requirements to diablo_simulation.egg-info/requires.txt\n'}
[11.146776] (diablo_simulation) StdoutLine: {'line': b'writing top-level names to diablo_simulation.egg-info/top_level.txt\n'}
[11.148852] (diablo_simulation) StdoutLine: {'line': b"writing manifest file 'diablo_simulation.egg-info/SOURCES.txt'\n"}
[11.160143] (ception_msgs) StdoutLine: {'line': b'-- Using all available rosidl_typesupport_cpp: rosidl_typesupport_fastrtps_cpp;rosidl_typesupport_introspection_cpp\n'}
[11.168188] (diablo_simulation) StdoutLine: {'line': b"reading manifest file 'diablo_simulation.egg-info/SOURCES.txt'\n"}
[11.169929] (-) TimerEvent: {}
[11.184173] (diablo_simulation) StdoutLine: {'line': b"writing manifest file 'diablo_simulation.egg-info/SOURCES.txt'\n"}
[11.191924] (diablo_simulation) StdoutLine: {'line': b'running build_ext\n'}
[11.192737] (diablo_test) StdoutLine: {'line': b'-- Using all available rosidl_typesupport_cpp: rosidl_typesupport_fastrtps_cpp;rosidl_typesupport_introspection_cpp\n'}
[11.194854] (diablo_simulation) StdoutLine: {'line': b'Creating /home/diablo/diablo_ws/install/diablo_simulation/lib/python3.10/site-packages/diablo-simulation.egg-link (link to .)\n'}
[11.204014] (diablo_simulation) StdoutLine: {'line': b'\n'}
[11.208178] (diablo_simulation) StdoutLine: {'line': b'Installed /home/diablo/diablo_ws/build/diablo_simulation\n'}
[11.209734] (diablo_simulation) StdoutLine: {'line': b'running symlink_data\n'}
[11.211372] (diablo_simulation) StdoutLine: {'line': b'creating /home/diablo/diablo_ws/install/diablo_simulation/share/ament_index\n'}
[11.212754] (diablo_simulation) StdoutLine: {'line': b'creating /home/diablo/diablo_ws/install/diablo_simulation/share/ament_index/resource_index\n'}
[11.214105] (diablo_simulation) StdoutLine: {'line': b'creating /home/diablo/diablo_ws/install/diablo_simulation/share/ament_index/resource_index/packages\n'}
[11.215908] (diablo_simulation) StdoutLine: {'line': b'symbolically linking /home/diablo/diablo_ws/build/diablo_simulation/resource/diablo_simulation -> /home/diablo/diablo_ws/install/diablo_simulation/share/ament_index/resource_index/packages\n'}
[11.217753] (diablo_simulation) StdoutLine: {'line': b'symbolically linking /home/diablo/diablo_ws/build/diablo_simulation/package.xml -> /home/diablo/diablo_ws/install/diablo_simulation/share/diablo_simulation\n'}
[11.228764] (diablo_simulation) StdoutLine: {'line': b'creating /home/diablo/diablo_ws/install/diablo_simulation/share/diablo_simulation/launch\n'}
[11.230534] (diablo_simulation) StdoutLine: {'line': b'symbolically linking /home/diablo/diablo_ws/build/diablo_simulation/launch/ctrl.launch.py -> /home/diablo/diablo_ws/install/diablo_simulation/share/diablo_simulation/launch\n'}
[11.232331] (diablo_simulation) StdoutLine: {'line': b'symbolically linking /home/diablo/diablo_ws/build/diablo_simulation/launch/display.launch.py -> /home/diablo/diablo_ws/install/diablo_simulation/share/diablo_simulation/launch\n'}
[11.234411] (diablo_simulation) StdoutLine: {'line': b'symbolically linking /home/diablo/diablo_ws/build/diablo_simulation/launch/gazebo.launch.py -> /home/diablo/diablo_ws/install/diablo_simulation/share/diablo_simulation/launch\n'}
[11.236054] (diablo_simulation) StdoutLine: {'line': b'creating /home/diablo/diablo_ws/install/diablo_simulation/share/diablo_simulation/urdf\n'}
[11.237610] (diablo_simulation) StdoutLine: {'line': b'symbolically linking /home/diablo/diablo_ws/build/diablo_simulation/urdf/diablo_simulation.urdf -> /home/diablo/diablo_ws/install/diablo_simulation/share/diablo_simulation/urdf\n'}
[11.239248] (diablo_simulation) StdoutLine: {'line': b'symbolically linking /home/diablo/diablo_ws/build/diablo_simulation/urdf/materials.xacro -> /home/diablo/diablo_ws/install/diablo_simulation/share/diablo_simulation/urdf\n'}
[11.240953] (diablo_simulation) StdoutLine: {'line': b'symbolically linking /home/diablo/diablo_ws/build/diablo_simulation/urdf/diablo_simulation.trans -> /home/diablo/diablo_ws/install/diablo_simulation/share/diablo_simulation/urdf\n'}
[11.242793] (diablo_simulation) StdoutLine: {'line': b'symbolically linking /home/diablo/diablo_ws/build/diablo_simulation/urdf/diablo_simulation.gazebo -> /home/diablo/diablo_ws/install/diablo_simulation/share/diablo_simulation/urdf\n'}
[11.244767] (diablo_simulation) StdoutLine: {'line': b'symbolically linking /home/diablo/diablo_ws/build/diablo_simulation/urdf/diablo_simulation.xacro -> /home/diablo/diablo_ws/install/diablo_simulation/share/diablo_simulation/urdf\n'}
[11.246758] (diablo_simulation) StdoutLine: {'line': b'creating /home/diablo/diablo_ws/install/diablo_simulation/share/diablo_simulation/meshes\n'}
[11.260974] (diablo_simulation) StdoutLine: {'line': b'symbolically linking /home/diablo/diablo_ws/build/diablo_simulation/meshes/leg2_right_link_1.stl -> /home/diablo/diablo_ws/install/diablo_simulation/share/diablo_simulation/meshes\n'}
[11.262540] (diablo_simulation) StdoutLine: {'line': b'symbolically linking /home/diablo/diablo_ws/build/diablo_simulation/meshes/leg2_left_link_1.stl -> /home/diablo/diablo_ws/install/diablo_simulation/share/diablo_simulation/meshes\n'}
[11.264099] (diablo_simulation) StdoutLine: {'line': b'symbolically linking /home/diablo/diablo_ws/build/diablo_simulation/meshes/wheel_left_link_1.stl -> /home/diablo/diablo_ws/install/diablo_simulation/share/diablo_simulation/meshes\n'}
[11.265743] (diablo_simulation) StdoutLine: {'line': b'symbolically linking /home/diablo/diablo_ws/build/diablo_simulation/meshes/motor_right_link_1.stl -> /home/diablo/diablo_ws/install/diablo_simulation/share/diablo_simulation/meshes\n'}
[11.267482] (diablo_simulation) StdoutLine: {'line': b'symbolically linking /home/diablo/diablo_ws/build/diablo_simulation/meshes/motor_left_link_1.stl -> /home/diablo/diablo_ws/install/diablo_simulation/share/diablo_simulation/meshes\n'}
[11.269413] (diablo_simulation) StdoutLine: {'line': b'symbolically linking /home/diablo/diablo_ws/build/diablo_simulation/meshes/leg_left_link_1.stl -> /home/diablo/diablo_ws/install/diablo_simulation/share/diablo_simulation/meshes\n'}
[11.270117] (-) TimerEvent: {}
[11.272427] (diablo_simulation) StdoutLine: {'line': b'symbolically linking /home/diablo/diablo_ws/build/diablo_simulation/meshes/base_link.stl -> /home/diablo/diablo_ws/install/diablo_simulation/share/diablo_simulation/meshes\n'}
[11.274533] (diablo_simulation) StdoutLine: {'line': b'symbolically linking /home/diablo/diablo_ws/build/diablo_simulation/meshes/leg_right_link_1.stl -> /home/diablo/diablo_ws/install/diablo_simulation/share/diablo_simulation/meshes\n'}
[11.276620] (diablo_simulation) StdoutLine: {'line': b'symbolically linking /home/diablo/diablo_ws/build/diablo_simulation/meshes/wheel_right_link_1.stl -> /home/diablo/diablo_ws/install/diablo_simulation/share/diablo_simulation/meshes\n'}
[11.278405] (diablo_simulation) StdoutLine: {'line': b'creating /home/diablo/diablo_ws/install/diablo_simulation/share/diablo_simulation/config\n'}
[11.280199] (diablo_simulation) StdoutLine: {'line': b'symbolically linking /home/diablo/diablo_ws/build/diablo_simulation/config/ctrl.rviz -> /home/diablo/diablo_ws/install/diablo_simulation/share/diablo_simulation/config\n'}
[11.282159] (diablo_simulation) StdoutLine: {'line': b'symbolically linking /home/diablo/diablo_ws/build/diablo_simulation/config/display.rviz -> /home/diablo/diablo_ws/install/diablo_simulation/share/diablo_simulation/config\n'}
[11.370361] (-) TimerEvent: {}
[11.447903] (motion_msgs) StdoutLine: {'line': b'-- Found std_msgs: 4.9.0 (/opt/ros/humble/share/std_msgs/cmake)\n'}
[11.470593] (-) TimerEvent: {}
[11.516416] (diablo_simulation) CommandEnded: {'returncode': 0}
[11.531796] (ception_msgs) StdoutLine: {'line': b'-- Found std_msgs: 4.9.0 (/opt/ros/humble/share/std_msgs/cmake)\n'}
[11.576049] (-) TimerEvent: {}
[11.588147] (diablo_test) StdoutLine: {'line': b'-- Found rmw_implementation_cmake: 6.1.2 (/opt/ros/humble/share/rmw_implementation_cmake/cmake)\n'}
[11.614200] (diablo_test) StdoutLine: {'line': b'-- Found rmw_fastrtps_cpp: 6.2.9 (/opt/ros/humble/share/rmw_fastrtps_cpp/cmake)\n'}
[11.641372] (diablo_simulation) JobEnded: {'identifier': 'diablo_simulation', 'rc': 0}
[11.676314] (-) TimerEvent: {}
[11.777211] (-) TimerEvent: {}
[11.879166] (-) TimerEvent: {}
[11.982512] (-) TimerEvent: {}
[12.083830] (-) TimerEvent: {}
[12.253628] (-) TimerEvent: {}
[12.354849] (-) TimerEvent: {}
[12.456096] (-) TimerEvent: {}
[12.557214] (-) TimerEvent: {}
[12.658186] (-) TimerEvent: {}
[12.759399] (-) TimerEvent: {}
[12.860636] (-) TimerEvent: {}
[12.961826] (-) TimerEvent: {}
[13.062730] (-) TimerEvent: {}
[13.163939] (-) TimerEvent: {}
[13.265081] (-) TimerEvent: {}
[13.366059] (-) TimerEvent: {}
[13.470354] (-) TimerEvent: {}
[13.571317] (-) TimerEvent: {}
[13.673937] (-) TimerEvent: {}
[13.727551] (diablo_test) StdoutLine: {'line': b'-- Found OpenSSL: /usr/lib/aarch64-linux-gnu/libcrypto.so (found version "3.0.2")  \n'}
[13.774189] (-) TimerEvent: {}
[13.864004] (diablo_test) StdoutLine: {'line': b'-- Found FastRTPS: /opt/ros/humble/include  \n'}
[13.874367] (-) TimerEvent: {}
[13.975296] (-) TimerEvent: {}
[14.077709] (-) TimerEvent: {}
[14.107995] (diablo_test) StdoutLine: {'line': b"-- Using RMW implementation 'rmw_fastrtps_cpp' as default\n"}
[14.177924] (-) TimerEvent: {}
[14.280083] (-) TimerEvent: {}
[14.381154] (-) TimerEvent: {}
[14.482410] (-) TimerEvent: {}
[14.583559] (-) TimerEvent: {}
[14.684962] (-) TimerEvent: {}
[14.786178] (-) TimerEvent: {}
[14.887362] (-) TimerEvent: {}
[14.988422] (-) TimerEvent: {}
[15.089684] (-) TimerEvent: {}
[15.190856] (-) TimerEvent: {}
[15.292165] (-) TimerEvent: {}
[15.393290] (-) TimerEvent: {}
[15.494136] (-) TimerEvent: {}
[15.595248] (-) TimerEvent: {}
[15.696446] (-) TimerEvent: {}
[15.760803] (diablo_test) StdoutLine: {'line': b'-- Looking for pthread.h\n'}
[15.788425] (motion_msgs) StdoutLine: {'line': b'-- Found ament_cmake_ros: 0.10.0 (/opt/ros/humble/share/ament_cmake_ros/cmake)\n'}
[15.789791] (ception_msgs) StdoutLine: {'line': b'-- Found ament_cmake_ros: 0.10.0 (/opt/ros/humble/share/ament_cmake_ros/cmake)\n'}
[15.796619] (-) TimerEvent: {}
[15.897634] (-) TimerEvent: {}
[15.999860] (-) TimerEvent: {}
[16.102099] (-) TimerEvent: {}
[16.203754] (-) TimerEvent: {}
[16.223220] (diablo_test) StdoutLine: {'line': b'-- Looking for pthread.h - found\n'}
[16.226868] (diablo_test) StdoutLine: {'line': b'-- Performing Test CMAKE_HAVE_LIBC_PTHREAD\n'}
[16.304380] (-) TimerEvent: {}
[16.405664] (-) TimerEvent: {}
[16.506725] (-) TimerEvent: {}
[16.607857] (-) TimerEvent: {}
[16.681346] (diablo_test) StdoutLine: {'line': b'-- Performing Test CMAKE_HAVE_LIBC_PTHREAD - Success\n'}
[16.685932] (diablo_test) StdoutLine: {'line': b'-- Found Threads: TRUE  \n'}
[16.708184] (-) TimerEvent: {}
[16.809510] (-) TimerEvent: {}
[16.910719] (-) TimerEvent: {}
[17.011754] (-) TimerEvent: {}
[17.112994] (-) TimerEvent: {}
[17.214137] (-) TimerEvent: {}
[17.315637] (-) TimerEvent: {}
[17.416838] (-) TimerEvent: {}
[17.517960] (-) TimerEvent: {}
[17.619115] (-) TimerEvent: {}
[17.720255] (-) TimerEvent: {}
[17.821139] (-) TimerEvent: {}
[18.292171] (-) TimerEvent: {}
[18.395929] (-) TimerEvent: {}
[18.499927] (-) TimerEvent: {}
[18.603952] (-) TimerEvent: {}
[18.695892] (motion_msgs) StdoutLine: {'line': b'-- Using all available rosidl_typesupport_c: rosidl_typesupport_fastrtps_c;rosidl_typesupport_introspection_c\n'}
[18.704155] (-) TimerEvent: {}
[18.706780] (ception_msgs) StdoutLine: {'line': b'-- Using all available rosidl_typesupport_c: rosidl_typesupport_fastrtps_c;rosidl_typesupport_introspection_c\n'}
[18.753590] (diablo_test) StdoutLine: {'line': b'-- Found geometry_msgs: 4.9.0 (/opt/ros/humble/share/geometry_msgs/cmake)\n'}
[18.804441] (-) TimerEvent: {}
[18.867570] (diablo_test) StdoutLine: {'line': b'-- Found nav_msgs: 4.9.0 (/opt/ros/humble/share/nav_msgs/cmake)\n'}
[18.904785] (-) TimerEvent: {}
[19.007973] (-) TimerEvent: {}
[19.045175] (diablo_test) StdoutLine: {'line': b'-- Found sensor_msgs: 4.9.0 (/opt/ros/humble/share/sensor_msgs/cmake)\n'}
[19.108105] (-) TimerEvent: {}
[19.209830] (-) TimerEvent: {}
[19.217681] (diablo_test) StdoutLine: {'line': b'-- Found tf2_ros: 0.25.18 (/opt/ros/humble/share/tf2_ros/cmake)\n'}
[19.310100] (-) TimerEvent: {}
[19.412994] (-) TimerEvent: {}
[19.515263] (-) TimerEvent: {}
[19.618176] (-) TimerEvent: {}
[19.719993] (-) TimerEvent: {}
[19.821660] (-) TimerEvent: {}
[19.923570] (-) TimerEvent: {}
[20.026537] (-) TimerEvent: {}
[20.107400] (diablo_test) StdoutLine: {'line': b'-- Found ament_lint_auto: 0.12.14 (/opt/ros/humble/share/ament_lint_auto/cmake)\n'}
[20.126903] (-) TimerEvent: {}
[20.228776] (-) TimerEvent: {}
[20.330993] (-) TimerEvent: {}
[20.432679] (-) TimerEvent: {}
[20.534173] (-) TimerEvent: {}
[20.635352] (-) TimerEvent: {}
[20.682381] (ception_msgs) StdoutLine: {'line': b'-- Using all available rosidl_typesupport_cpp: rosidl_typesupport_fastrtps_cpp;rosidl_typesupport_introspection_cpp\n'}
[20.735663] (-) TimerEvent: {}
[20.747044] (motion_msgs) StdoutLine: {'line': b'-- Using all available rosidl_typesupport_cpp: rosidl_typesupport_fastrtps_cpp;rosidl_typesupport_introspection_cpp\n'}
[20.835964] (-) TimerEvent: {}
[20.839271] (ception_msgs) StdoutLine: {'line': b'-- Found PythonInterp: /usr/bin/python3 (found suitable version "3.10.12", minimum required is "3.6") \n'}
[20.854893] (ception_msgs) StdoutLine: {'line': b'-- Found python_cmake_module: 0.10.0 (/opt/ros/humble/share/python_cmake_module/cmake)\n'}
[20.896260] (diablo_test) StdoutLine: {'line': b"-- Added test 'cppcheck' to perform static code analysis on C / C++ code\n"}
[20.898102] (diablo_test) StdoutLine: {'line': b'-- Configured cppcheck include dirs: $<BUILD_INTERFACE:/home/diablo/diablo_ws/src/diablo_test/include>\n'}
[20.899042] (diablo_test) StdoutLine: {'line': b'-- Configured cppcheck exclude dirs and/or files: \n'}
[20.904425] (diablo_test) StdoutLine: {'line': b"-- Added test 'flake8' to check Python code syntax and style conventions\n"}
[20.905322] (motion_msgs) StdoutLine: {'line': b'-- Found PythonInterp: /usr/bin/python3 (found suitable version "3.10.12", minimum required is "3.6") \n'}
[20.912719] (diablo_test) StdoutLine: {'line': b"-- Added test 'lint_cmake' to check CMake code style\n"}
[20.918273] (motion_msgs) StdoutLine: {'line': b'-- Found python_cmake_module: 0.10.0 (/opt/ros/humble/share/python_cmake_module/cmake)\n'}
[20.921616] (diablo_test) StdoutLine: {'line': b"-- Added test 'pep257' to check Python code against some of the docstring style conventions in PEP 257\n"}
[20.936155] (-) TimerEvent: {}
[20.946831] (diablo_test) StdoutLine: {'line': b"-- Added test 'uncrustify' to check C / C++ code style\n"}
[20.947621] (diablo_test) StdoutLine: {'line': b'-- Configured uncrustify additional arguments: \n'}
[20.953655] (diablo_test) StdoutLine: {'line': b"-- Added test 'xmllint' to check XML markup files\n"}
[20.971106] (diablo_test) StdoutLine: {'line': b'-- Configuring done\n'}
[21.032189] (ception_msgs) StdoutLine: {'line': b'-- Found PythonLibs: /usr/lib/aarch64-linux-gnu/libpython3.10.so (found suitable version "3.10.12", minimum required is "3.5") \n'}
[21.033880] (ception_msgs) StdoutLine: {'line': b'-- Using PYTHON_EXECUTABLE: /usr/bin/python3\n'}
[21.035074] (ception_msgs) StdoutLine: {'line': b'-- Using PYTHON_INCLUDE_DIRS: /usr/include/python3.10\n'}
[21.036286] (ception_msgs) StdoutLine: {'line': b'-- Using PYTHON_LIBRARIES: /usr/lib/aarch64-linux-gnu/libpython3.10.so\n'}
[21.036894] (-) TimerEvent: {}
[21.082850] (motion_msgs) StdoutLine: {'line': b'-- Found PythonLibs: /usr/lib/aarch64-linux-gnu/libpython3.10.so (found suitable version "3.10.12", minimum required is "3.5") \n'}
[21.084863] (motion_msgs) StdoutLine: {'line': b'-- Using PYTHON_EXECUTABLE: /usr/bin/python3\n'}
[21.086154] (motion_msgs) StdoutLine: {'line': b'-- Using PYTHON_INCLUDE_DIRS: /usr/include/python3.10\n'}
[21.087404] (motion_msgs) StdoutLine: {'line': b'-- Using PYTHON_LIBRARIES: /usr/lib/aarch64-linux-gnu/libpython3.10.so\n'}
[21.110448] (diablo_test) StdoutLine: {'line': b'-- Generating done\n'}
[21.137185] (-) TimerEvent: {}
[21.150784] (diablo_test) StdoutLine: {'line': b'-- Build files have been written to: /home/diablo/diablo_ws/build/diablo_test\n'}
[21.199517] (ception_msgs) StdoutLine: {'line': b'-- Found PythonExtra: .so  \n'}
[21.233210] (diablo_test) CommandEnded: {'returncode': 0}
[21.235386] (diablo_test) JobProgress: {'identifier': 'diablo_test', 'progress': 'build'}
[21.235691] (diablo_test) Command: {'cmd': ['/usr/bin/cmake', '--build', '/home/diablo/diablo_ws/build/diablo_test', '--', '-j4', '-l4'], 'cwd': '/home/diablo/diablo_ws/build/diablo_test', 'env': OrderedDict([('LESSOPEN', '| /usr/bin/lesspipe %s'), ('USER', 'diablo'), ('SSH_CLIENT', 'fc94:895d:2729:ce2e:5d7:5613:5e0f:cf5a 54510 22'), ('LC_TIME', 'C.UTF-8'), ('XDG_SESSION_TYPE', 'tty'), ('SHLVL', '1'), ('LD_LIBRARY_PATH', '/opt/ros/humble/lib/aarch64-linux-gnu:/opt/ros/humble/lib'), ('MOTD_SHOWN', 'pam'), ('HOME', '/home/diablo'), ('OLDPWD', '/home/diablo'), ('SSH_TTY', '/dev/pts/0'), ('ROS_PYTHON_VERSION', '3'), ('LC_MONETARY', 'C.UTF-8'), ('DBUS_SESSION_BUS_ADDRESS', 'unix:path=/run/user/1000/bus'), ('ROS_DISTRO', 'humble'), ('LOGNAME', 'diablo'), ('_', '/usr/bin/colcon'), ('ROS_VERSION', '2'), ('XDG_SESSION_CLASS', 'user'), ('TERM', 'xterm-256color'), ('XDG_SESSION_ID', '4'), ('ROS_LOCALHOST_ONLY', '0'), ('PATH', '/opt/ros/humble/bin:/usr/local/sbin:/usr/local/bin:/usr/sbin:/usr/bin:/sbin:/bin:/usr/games:/usr/local/games:/snap/bin'), ('LC_ADDRESS', 'C.UTF-8'), ('XDG_RUNTIME_DIR', '/run/user/1000'), ('LANG', 'C.UTF-8'), ('LC_TELEPHONE', 'C.UTF-8'), ('LS_COLORS', 'rs=0:di=01;34:ln=01;36:mh=00:pi=40;33:so=01;35:do=01;35:bd=40;33;01:cd=40;33;01:or=40;31;01:mi=00:su=37;41:sg=30;43:ca=30;41:tw=30;42:ow=34;42:st=37;44:ex=01;32:*.tar=01;31:*.tgz=01;31:*.arc=01;31:*.arj=01;31:*.taz=01;31:*.lha=01;31:*.lz4=01;31:*.lzh=01;31:*.lzma=01;31:*.tlz=01;31:*.txz=01;31:*.tzo=01;31:*.t7z=01;31:*.zip=01;31:*.z=01;31:*.dz=01;31:*.gz=01;31:*.lrz=01;31:*.lz=01;31:*.lzo=01;31:*.xz=01;31:*.zst=01;31:*.tzst=01;31:*.bz2=01;31:*.bz=01;31:*.tbz=01;31:*.tbz2=01;31:*.tz=01;31:*.deb=01;31:*.rpm=01;31:*.jar=01;31:*.war=01;31:*.ear=01;31:*.sar=01;31:*.rar=01;31:*.alz=01;31:*.ace=01;31:*.zoo=01;31:*.cpio=01;31:*.7z=01;31:*.rz=01;31:*.cab=01;31:*.wim=01;31:*.swm=01;31:*.dwm=01;31:*.esd=01;31:*.jpg=01;35:*.jpeg=01;35:*.mjpg=01;35:*.mjpeg=01;35:*.gif=01;35:*.bmp=01;35:*.pbm=01;35:*.pgm=01;35:*.ppm=01;35:*.tga=01;35:*.xbm=01;35:*.xpm=01;35:*.tif=01;35:*.tiff=01;35:*.png=01;35:*.svg=01;35:*.svgz=01;35:*.mng=01;35:*.pcx=01;35:*.mov=01;35:*.mpg=01;35:*.mpeg=01;35:*.m2v=01;35:*.mkv=01;35:*.webm=01;35:*.webp=01;35:*.ogm=01;35:*.mp4=01;35:*.m4v=01;35:*.mp4v=01;35:*.vob=01;35:*.qt=01;35:*.nuv=01;35:*.wmv=01;35:*.asf=01;35:*.rm=01;35:*.rmvb=01;35:*.flc=01;35:*.avi=01;35:*.fli=01;35:*.flv=01;35:*.gl=01;35:*.dl=01;35:*.xcf=01;35:*.xwd=01;35:*.yuv=01;35:*.cgm=01;35:*.emf=01;35:*.ogv=01;35:*.ogx=01;35:*.aac=00;36:*.au=00;36:*.flac=00;36:*.m4a=00;36:*.mid=00;36:*.midi=00;36:*.mka=00;36:*.mp3=00;36:*.mpc=00;36:*.ogg=00;36:*.ra=00;36:*.wav=00;36:*.oga=00;36:*.opus=00;36:*.spx=00;36:*.xspf=00;36:'), ('AMENT_PREFIX_PATH', '/opt/ros/humble'), ('SHELL', '/bin/bash'), ('LC_NAME', 'C.UTF-8'), ('LESSCLOSE', '/usr/bin/lesspipe %s %s'), ('LC_MEASUREMENT', 'C.UTF-8'), ('LC_IDENTIFICATION', 'C.UTF-8'), ('PWD', '/home/diablo/diablo_ws/build/diablo_test'), ('SSH_CONNECTION', 'fc94:895d:2729:ce2e:5d7:5613:5e0f:cf5a 54510 fc94:c867:6393:caf8:4601:3f10:1d9e:ac86 22'), ('XDG_DATA_DIRS', '/usr/local/share:/usr/share:/var/lib/snapd/desktop'), ('PYTHONPATH', '/opt/ros/humble/lib/python3.10/site-packages:/opt/ros/humble/local/lib/python3.10/dist-packages'), ('LC_NUMERIC', 'C.UTF-8'), ('LC_PAPER', 'C.UTF-8'), ('COLCON', '1'), ('CMAKE_PREFIX_PATH', '/opt/ros/humble')]), 'shell': False}
[21.238950] (-) TimerEvent: {}
[21.271374] (motion_msgs) StdoutLine: {'line': b'-- Found PythonExtra: .so  \n'}
[21.339241] (-) TimerEvent: {}
[21.440608] (-) TimerEvent: {}
[21.542240] (-) TimerEvent: {}
[21.548133] (diablo_test) StderrLine: {'line': b"gmake[2]: *** No rule to make target '/usr/local/webots/lib/controller/libController.so', needed by 'diablo_driver'.  Stop.\n"}
[21.550271] (diablo_test) StderrLine: {'line': b'gmake[2]: *** Waiting for unfinished jobs....\n'}
[21.582441] (diablo_test) StdoutLine: {'line': b'[ 25%] \x1b[32mBuilding CXX object CMakeFiles/diablo_driver.dir/src/diablo_driver.cpp.o\x1b[0m\n'}
[21.642755] (-) TimerEvent: {}
[21.675583] (diablo_test) StdoutLine: {'line': b'[ 50%] \x1b[32mBuilding CXX object CMakeFiles/diablo_controller.dir/src/diablo_controller.cpp.o\x1b[0m\n'}
[21.743140] (-) TimerEvent: {}
[21.805126] (ception_msgs) StdoutLine: {'line': b'-- Configuring done\n'}
[21.810118] (motion_msgs) StdoutLine: {'line': b'-- Configuring done\n'}
[21.843332] (-) TimerEvent: {}
[21.945655] (-) TimerEvent: {}
[22.046705] (-) TimerEvent: {}
[22.058567] (ception_msgs) StdoutLine: {'line': b'-- Generating done\n'}
[22.121951] (ception_msgs) StdoutLine: {'line': b'-- Build files have been written to: /home/diablo/diablo_ws/build/ception_msgs\n'}
[22.125695] (motion_msgs) StdoutLine: {'line': b'-- Generating done\n'}
[22.147184] (-) TimerEvent: {}
[22.161566] (ception_msgs) CommandEnded: {'returncode': 0}
[22.174557] (ception_msgs) JobProgress: {'identifier': 'ception_msgs', 'progress': 'build'}
[22.175149] (ception_msgs) Command: {'cmd': ['/usr/bin/cmake', '--build', '/home/diablo/diablo_ws/build/ception_msgs', '--', '-j4', '-l4'], 'cwd': '/home/diablo/diablo_ws/build/ception_msgs', 'env': OrderedDict([('LESSOPEN', '| /usr/bin/lesspipe %s'), ('USER', 'diablo'), ('SSH_CLIENT', 'fc94:895d:2729:ce2e:5d7:5613:5e0f:cf5a 54510 22'), ('LC_TIME', 'C.UTF-8'), ('XDG_SESSION_TYPE', 'tty'), ('SHLVL', '1'), ('LD_LIBRARY_PATH', '/opt/ros/humble/lib/aarch64-linux-gnu:/opt/ros/humble/lib'), ('MOTD_SHOWN', 'pam'), ('HOME', '/home/diablo'), ('OLDPWD', '/home/diablo'), ('SSH_TTY', '/dev/pts/0'), ('ROS_PYTHON_VERSION', '3'), ('LC_MONETARY', 'C.UTF-8'), ('DBUS_SESSION_BUS_ADDRESS', 'unix:path=/run/user/1000/bus'), ('ROS_DISTRO', 'humble'), ('LOGNAME', 'diablo'), ('_', '/usr/bin/colcon'), ('ROS_VERSION', '2'), ('XDG_SESSION_CLASS', 'user'), ('TERM', 'xterm-256color'), ('XDG_SESSION_ID', '4'), ('ROS_LOCALHOST_ONLY', '0'), ('PATH', '/opt/ros/humble/bin:/usr/local/sbin:/usr/local/bin:/usr/sbin:/usr/bin:/sbin:/bin:/usr/games:/usr/local/games:/snap/bin'), ('LC_ADDRESS', 'C.UTF-8'), ('XDG_RUNTIME_DIR', '/run/user/1000'), ('LANG', 'C.UTF-8'), ('LC_TELEPHONE', 'C.UTF-8'), ('LS_COLORS', 'rs=0:di=01;34:ln=01;36:mh=00:pi=40;33:so=01;35:do=01;35:bd=40;33;01:cd=40;33;01:or=40;31;01:mi=00:su=37;41:sg=30;43:ca=30;41:tw=30;42:ow=34;42:st=37;44:ex=01;32:*.tar=01;31:*.tgz=01;31:*.arc=01;31:*.arj=01;31:*.taz=01;31:*.lha=01;31:*.lz4=01;31:*.lzh=01;31:*.lzma=01;31:*.tlz=01;31:*.txz=01;31:*.tzo=01;31:*.t7z=01;31:*.zip=01;31:*.z=01;31:*.dz=01;31:*.gz=01;31:*.lrz=01;31:*.lz=01;31:*.lzo=01;31:*.xz=01;31:*.zst=01;31:*.tzst=01;31:*.bz2=01;31:*.bz=01;31:*.tbz=01;31:*.tbz2=01;31:*.tz=01;31:*.deb=01;31:*.rpm=01;31:*.jar=01;31:*.war=01;31:*.ear=01;31:*.sar=01;31:*.rar=01;31:*.alz=01;31:*.ace=01;31:*.zoo=01;31:*.cpio=01;31:*.7z=01;31:*.rz=01;31:*.cab=01;31:*.wim=01;31:*.swm=01;31:*.dwm=01;31:*.esd=01;31:*.jpg=01;35:*.jpeg=01;35:*.mjpg=01;35:*.mjpeg=01;35:*.gif=01;35:*.bmp=01;35:*.pbm=01;35:*.pgm=01;35:*.ppm=01;35:*.tga=01;35:*.xbm=01;35:*.xpm=01;35:*.tif=01;35:*.tiff=01;35:*.png=01;35:*.svg=01;35:*.svgz=01;35:*.mng=01;35:*.pcx=01;35:*.mov=01;35:*.mpg=01;35:*.mpeg=01;35:*.m2v=01;35:*.mkv=01;35:*.webm=01;35:*.webp=01;35:*.ogm=01;35:*.mp4=01;35:*.m4v=01;35:*.mp4v=01;35:*.vob=01;35:*.qt=01;35:*.nuv=01;35:*.wmv=01;35:*.asf=01;35:*.rm=01;35:*.rmvb=01;35:*.flc=01;35:*.avi=01;35:*.fli=01;35:*.flv=01;35:*.gl=01;35:*.dl=01;35:*.xcf=01;35:*.xwd=01;35:*.yuv=01;35:*.cgm=01;35:*.emf=01;35:*.ogv=01;35:*.ogx=01;35:*.aac=00;36:*.au=00;36:*.flac=00;36:*.m4a=00;36:*.mid=00;36:*.midi=00;36:*.mka=00;36:*.mp3=00;36:*.mpc=00;36:*.ogg=00;36:*.ra=00;36:*.wav=00;36:*.oga=00;36:*.opus=00;36:*.spx=00;36:*.xspf=00;36:'), ('AMENT_PREFIX_PATH', '/opt/ros/humble'), ('SHELL', '/bin/bash'), ('LC_NAME', 'C.UTF-8'), ('LESSCLOSE', '/usr/bin/lesspipe %s %s'), ('LC_MEASUREMENT', 'C.UTF-8'), ('LC_IDENTIFICATION', 'C.UTF-8'), ('PWD', '/home/diablo/diablo_ws/build/ception_msgs'), ('SSH_CONNECTION', 'fc94:895d:2729:ce2e:5d7:5613:5e0f:cf5a 54510 fc94:c867:6393:caf8:4601:3f10:1d9e:ac86 22'), ('XDG_DATA_DIRS', '/usr/local/share:/usr/share:/var/lib/snapd/desktop'), ('PYTHONPATH', '/opt/ros/humble/lib/python3.10/site-packages:/opt/ros/humble/local/lib/python3.10/dist-packages'), ('LC_NUMERIC', 'C.UTF-8'), ('LC_PAPER', 'C.UTF-8'), ('COLCON', '1'), ('CMAKE_PREFIX_PATH', '/opt/ros/humble')]), 'shell': False}
[22.247509] (-) TimerEvent: {}
[22.300271] (motion_msgs) StdoutLine: {'line': b'-- Build files have been written to: /home/diablo/diablo_ws/build/motion_msgs\n'}
[22.331899] (motion_msgs) CommandEnded: {'returncode': 0}
[22.353300] (motion_msgs) JobProgress: {'identifier': 'motion_msgs', 'progress': 'build'}
[22.353538] (-) TimerEvent: {}
[22.354131] (motion_msgs) Command: {'cmd': ['/usr/bin/cmake', '--build', '/home/diablo/diablo_ws/build/motion_msgs', '--', '-j4', '-l4'], 'cwd': '/home/diablo/diablo_ws/build/motion_msgs', 'env': OrderedDict([('LESSOPEN', '| /usr/bin/lesspipe %s'), ('USER', 'diablo'), ('SSH_CLIENT', 'fc94:895d:2729:ce2e:5d7:5613:5e0f:cf5a 54510 22'), ('LC_TIME', 'C.UTF-8'), ('XDG_SESSION_TYPE', 'tty'), ('SHLVL', '1'), ('LD_LIBRARY_PATH', '/opt/ros/humble/lib/aarch64-linux-gnu:/opt/ros/humble/lib'), ('MOTD_SHOWN', 'pam'), ('HOME', '/home/diablo'), ('OLDPWD', '/home/diablo'), ('SSH_TTY', '/dev/pts/0'), ('ROS_PYTHON_VERSION', '3'), ('LC_MONETARY', 'C.UTF-8'), ('DBUS_SESSION_BUS_ADDRESS', 'unix:path=/run/user/1000/bus'), ('ROS_DISTRO', 'humble'), ('LOGNAME', 'diablo'), ('_', '/usr/bin/colcon'), ('ROS_VERSION', '2'), ('XDG_SESSION_CLASS', 'user'), ('TERM', 'xterm-256color'), ('XDG_SESSION_ID', '4'), ('ROS_LOCALHOST_ONLY', '0'), ('PATH', '/opt/ros/humble/bin:/usr/local/sbin:/usr/local/bin:/usr/sbin:/usr/bin:/sbin:/bin:/usr/games:/usr/local/games:/snap/bin'), ('LC_ADDRESS', 'C.UTF-8'), ('XDG_RUNTIME_DIR', '/run/user/1000'), ('LANG', 'C.UTF-8'), ('LC_TELEPHONE', 'C.UTF-8'), ('LS_COLORS', 'rs=0:di=01;34:ln=01;36:mh=00:pi=40;33:so=01;35:do=01;35:bd=40;33;01:cd=40;33;01:or=40;31;01:mi=00:su=37;41:sg=30;43:ca=30;41:tw=30;42:ow=34;42:st=37;44:ex=01;32:*.tar=01;31:*.tgz=01;31:*.arc=01;31:*.arj=01;31:*.taz=01;31:*.lha=01;31:*.lz4=01;31:*.lzh=01;31:*.lzma=01;31:*.tlz=01;31:*.txz=01;31:*.tzo=01;31:*.t7z=01;31:*.zip=01;31:*.z=01;31:*.dz=01;31:*.gz=01;31:*.lrz=01;31:*.lz=01;31:*.lzo=01;31:*.xz=01;31:*.zst=01;31:*.tzst=01;31:*.bz2=01;31:*.bz=01;31:*.tbz=01;31:*.tbz2=01;31:*.tz=01;31:*.deb=01;31:*.rpm=01;31:*.jar=01;31:*.war=01;31:*.ear=01;31:*.sar=01;31:*.rar=01;31:*.alz=01;31:*.ace=01;31:*.zoo=01;31:*.cpio=01;31:*.7z=01;31:*.rz=01;31:*.cab=01;31:*.wim=01;31:*.swm=01;31:*.dwm=01;31:*.esd=01;31:*.jpg=01;35:*.jpeg=01;35:*.mjpg=01;35:*.mjpeg=01;35:*.gif=01;35:*.bmp=01;35:*.pbm=01;35:*.pgm=01;35:*.ppm=01;35:*.tga=01;35:*.xbm=01;35:*.xpm=01;35:*.tif=01;35:*.tiff=01;35:*.png=01;35:*.svg=01;35:*.svgz=01;35:*.mng=01;35:*.pcx=01;35:*.mov=01;35:*.mpg=01;35:*.mpeg=01;35:*.m2v=01;35:*.mkv=01;35:*.webm=01;35:*.webp=01;35:*.ogm=01;35:*.mp4=01;35:*.m4v=01;35:*.mp4v=01;35:*.vob=01;35:*.qt=01;35:*.nuv=01;35:*.wmv=01;35:*.asf=01;35:*.rm=01;35:*.rmvb=01;35:*.flc=01;35:*.avi=01;35:*.fli=01;35:*.flv=01;35:*.gl=01;35:*.dl=01;35:*.xcf=01;35:*.xwd=01;35:*.yuv=01;35:*.cgm=01;35:*.emf=01;35:*.ogv=01;35:*.ogx=01;35:*.aac=00;36:*.au=00;36:*.flac=00;36:*.m4a=00;36:*.mid=00;36:*.midi=00;36:*.mka=00;36:*.mp3=00;36:*.mpc=00;36:*.ogg=00;36:*.ra=00;36:*.wav=00;36:*.oga=00;36:*.opus=00;36:*.spx=00;36:*.xspf=00;36:'), ('AMENT_PREFIX_PATH', '/opt/ros/humble'), ('SHELL', '/bin/bash'), ('LC_NAME', 'C.UTF-8'), ('LESSCLOSE', '/usr/bin/lesspipe %s %s'), ('LC_MEASUREMENT', 'C.UTF-8'), ('LC_IDENTIFICATION', 'C.UTF-8'), ('PWD', '/home/diablo/diablo_ws/build/motion_msgs'), ('SSH_CONNECTION', 'fc94:895d:2729:ce2e:5d7:5613:5e0f:cf5a 54510 fc94:c867:6393:caf8:4601:3f10:1d9e:ac86 22'), ('XDG_DATA_DIRS', '/usr/local/share:/usr/share:/var/lib/snapd/desktop'), ('PYTHONPATH', '/opt/ros/humble/lib/python3.10/site-packages:/opt/ros/humble/local/lib/python3.10/dist-packages'), ('LC_NUMERIC', 'C.UTF-8'), ('LC_PAPER', 'C.UTF-8'), ('COLCON', '1'), ('CMAKE_PREFIX_PATH', '/opt/ros/humble')]), 'shell': False}
[22.453801] (-) TimerEvent: {}
[22.523172] (ception_msgs) StdoutLine: {'line': b'[  3%] \x1b[34m\x1b[1mGenerating C code for ROS interfaces\x1b[0m\n'}
[22.554090] (-) TimerEvent: {}
[22.640194] (ception_msgs) StdoutLine: {'line': b'[  6%] \x1b[34m\x1b[1mGenerating C++ code for ROS interfaces\x1b[0m\n'}
[22.654354] (-) TimerEvent: {}
[22.691353] (motion_msgs) StdoutLine: {'line': b'[  1%] \x1b[34m\x1b[1mGenerating C code for ROS interfaces\x1b[0m\n'}
[22.754666] (-) TimerEvent: {}
[22.818460] (motion_msgs) StdoutLine: {'line': b'[  2%] \x1b[34m\x1b[1mGenerating C++ code for ROS interfaces\x1b[0m\n'}
[22.854515] (ception_msgs) StdoutLine: {'line': b'[  6%] Built target ament_cmake_python_symlink_ception_msgs\n'}
[22.855623] (-) TimerEvent: {}
[22.958774] (-) TimerEvent: {}
[23.061035] (-) TimerEvent: {}
[23.080540] (motion_msgs) StdoutLine: {'line': b'[  2%] Built target ament_cmake_python_symlink_motion_msgs\n'}
[23.161586] (-) TimerEvent: {}
[23.266761] (-) TimerEvent: {}
[23.369801] (-) TimerEvent: {}
[23.473211] (-) TimerEvent: {}
[23.575771] (-) TimerEvent: {}
[23.679506] (-) TimerEvent: {}
[23.781822] (-) TimerEvent: {}
[23.884297] (-) TimerEvent: {}
[23.985275] (-) TimerEvent: {}
[24.086267] (-) TimerEvent: {}
[24.189474] (-) TimerEvent: {}
[24.292005] (-) TimerEvent: {}
[24.393123] (-) TimerEvent: {}
[24.495964] (-) TimerEvent: {}
[24.596884] (-) TimerEvent: {}
[24.699832] (-) TimerEvent: {}
[24.802371] (-) TimerEvent: {}
[24.907917] (-) TimerEvent: {}
[25.011876] (-) TimerEvent: {}
[25.115924] (-) TimerEvent: {}
[25.223943] (-) TimerEvent: {}
[25.327897] (-) TimerEvent: {}
[25.431924] (-) TimerEvent: {}
[25.535898] (-) TimerEvent: {}
[25.639907] (-) TimerEvent: {}
[25.743900] (-) TimerEvent: {}
[25.855948] (-) TimerEvent: {}
[25.959902] (-) TimerEvent: {}
[26.061185] (-) TimerEvent: {}
[26.163898] (-) TimerEvent: {}
[26.276039] (-) TimerEvent: {}
[26.380002] (-) TimerEvent: {}
[26.488093] (-) TimerEvent: {}
[26.592193] (-) TimerEvent: {}
[26.695142] (-) TimerEvent: {}
[26.798301] (-) TimerEvent: {}
[26.901199] (-) TimerEvent: {}
[27.004536] (-) TimerEvent: {}
[27.106913] (-) TimerEvent: {}
[27.111667] (ception_msgs) StdoutLine: {'line': b'[  6%] Built target ception_msgs__cpp\n'}
[27.207269] (-) TimerEvent: {}
[27.247370] (motion_msgs) StdoutLine: {'line': b'running egg_info\n'}
[27.266459] (motion_msgs) StdoutLine: {'line': b'creating motion_msgs.egg-info\n'}
[27.267391] (ception_msgs) StdoutLine: {'line': b'[  9%] \x1b[34m\x1b[1mGenerating C++ type support dispatch for ROS interfaces\x1b[0m\n'}
[27.268468] (ception_msgs) StdoutLine: {'line': b'[ 12%] \x1b[34m\x1b[1mGenerating C++ type support for eProsima Fast-RTPS\x1b[0m\n'}
[27.269366] (ception_msgs) StdoutLine: {'line': b'[ 16%] \x1b[32mBuilding C object CMakeFiles/ception_msgs__rosidl_generator_c.dir/rosidl_generator_c/ception_msgs/msg/detail/imu_euler__functions.c.o\x1b[0m\n'}
[27.269915] (motion_msgs) StdoutLine: {'line': b'writing motion_msgs.egg-info/PKG-INFO\n'}
[27.272248] (motion_msgs) StdoutLine: {'line': b'writing dependency_links to motion_msgs.egg-info/dependency_links.txt\n'}
[27.273608] (motion_msgs) StdoutLine: {'line': b'writing top-level names to motion_msgs.egg-info/top_level.txt\n'}
[27.274996] (motion_msgs) StdoutLine: {'line': b"writing manifest file 'motion_msgs.egg-info/SOURCES.txt'\n"}
[27.298082] (motion_msgs) StdoutLine: {'line': b"reading manifest file 'motion_msgs.egg-info/SOURCES.txt'\n"}
[27.301508] (motion_msgs) StdoutLine: {'line': b"writing manifest file 'motion_msgs.egg-info/SOURCES.txt'\n"}
[27.307626] (-) TimerEvent: {}
[27.413834] (-) TimerEvent: {}
[27.517399] (-) TimerEvent: {}
[27.615305] (ception_msgs) StdoutLine: {'line': b'running egg_info\n'}
[27.617613] (-) TimerEvent: {}
[27.622287] (ception_msgs) StdoutLine: {'line': b'creating ception_msgs.egg-info\n'}
[27.624297] (ception_msgs) StdoutLine: {'line': b'writing ception_msgs.egg-info/PKG-INFO\n'}
[27.626831] (ception_msgs) StdoutLine: {'line': b'writing dependency_links to ception_msgs.egg-info/dependency_links.txt\n'}
[27.629416] (ception_msgs) StdoutLine: {'line': b'writing top-level names to ception_msgs.egg-info/top_level.txt\n'}
[27.632387] (ception_msgs) StdoutLine: {'line': b"writing manifest file 'ception_msgs.egg-info/SOURCES.txt'\n"}
[27.646859] (ception_msgs) StdoutLine: {'line': b"reading manifest file 'ception_msgs.egg-info/SOURCES.txt'\n"}
[27.652603] (ception_msgs) StdoutLine: {'line': b"writing manifest file 'ception_msgs.egg-info/SOURCES.txt'\n"}
[27.718047] (-) TimerEvent: {}
[27.827781] (-) TimerEvent: {}
[27.929975] (-) TimerEvent: {}
[27.958460] (motion_msgs) StdoutLine: {'line': b'[  2%] Built target ament_cmake_python_build_motion_msgs_egg\n'}
[28.030133] (-) TimerEvent: {}
[28.121529] (ception_msgs) StdoutLine: {'line': b'[ 16%] Built target ament_cmake_python_build_ception_msgs_egg\n'}
[28.130347] (-) TimerEvent: {}
[28.233036] (-) TimerEvent: {}
[28.253118] (ception_msgs) StdoutLine: {'line': b'[ 19%] \x1b[34m\x1b[1mGenerating C++ introspection for ROS interfaces\x1b[0m\n'}
[28.339598] (-) TimerEvent: {}
[28.392259] (diablo_test) StderrLine: {'line': b'\x1b[01m\x1b[K/home/diablo/diablo_ws/src/diablo_test/src/diablo_driver.cpp:9:10:\x1b[m\x1b[K \x1b[01;31m\x1b[Kfatal error: \x1b[m\x1b[Kwebots/Robot.hpp: No such file or directory\n'}
[28.393132] (diablo_test) StderrLine: {'line': b'    9 | #include \x1b[01;31m\x1b[K<webots/Robot.hpp>\x1b[m\x1b[K\n'}
[28.393676] (diablo_test) StderrLine: {'line': b'      |          \x1b[01;31m\x1b[K^~~~~~~~~~~~~~~~~~\x1b[m\x1b[K\n'}
[28.394305] (diablo_test) StderrLine: {'line': b'compilation terminated.\n'}
[28.443456] (-) TimerEvent: {}
[28.452109] (diablo_test) StderrLine: {'line': b'gmake[2]: *** [CMakeFiles/diablo_driver.dir/build.make:76: CMakeFiles/diablo_driver.dir/src/diablo_driver.cpp.o] Error 1\n'}
[28.453062] (diablo_test) StderrLine: {'line': b'gmake[1]: *** [CMakeFiles/Makefile2:165: CMakeFiles/diablo_driver.dir/all] Error 2\n'}
[28.472116] (diablo_test) StderrLine: {'line': b'gmake[1]: *** Waiting for unfinished jobs....\n'}
[28.543890] (-) TimerEvent: {}
[28.651936] (-) TimerEvent: {}
[28.759905] (-) TimerEvent: {}
[28.863913] (-) TimerEvent: {}
[28.967976] (-) TimerEvent: {}
[29.075963] (-) TimerEvent: {}
[29.179938] (-) TimerEvent: {}
[29.283913] (-) TimerEvent: {}
[29.391892] (-) TimerEvent: {}
[29.396866] (ception_msgs) StdoutLine: {'line': b'[ 22%] \x1b[32m\x1b[1mLinking C shared library libception_msgs__rosidl_generator_c.so\x1b[0m\n'}
[29.492089] (-) TimerEvent: {}
[29.594362] (-) TimerEvent: {}
[29.697302] (-) TimerEvent: {}
[29.800991] (-) TimerEvent: {}
[29.903972] (-) TimerEvent: {}
[30.011989] (-) TimerEvent: {}
[30.115930] (-) TimerEvent: {}
[30.120976] (ception_msgs) StdoutLine: {'line': b'[ 22%] Built target ception_msgs__rosidl_generator_c\n'}
[30.220123] (-) TimerEvent: {}
[30.324520] (-) TimerEvent: {}
[30.355205] (ception_msgs) StdoutLine: {'line': b'[ 25%] \x1b[34m\x1b[1mGenerating C type support for eProsima Fast-RTPS\x1b[0m\n'}
[30.424749] (-) TimerEvent: {}
[30.526881] (-) TimerEvent: {}
[30.629405] (-) TimerEvent: {}
[30.676873] (ception_msgs) StdoutLine: {'line': b'[ 29%] \x1b[32mBuilding CXX object CMakeFiles/ception_msgs__rosidl_typesupport_cpp.dir/rosidl_typesupport_cpp/ception_msgs/msg/imu_euler__type_support.cpp.o\x1b[0m\n'}
[30.729654] (-) TimerEvent: {}
[30.832139] (-) TimerEvent: {}
[30.935796] (-) TimerEvent: {}
[31.039974] (-) TimerEvent: {}
[31.155996] (-) TimerEvent: {}
[31.260099] (-) TimerEvent: {}
[31.362093] (-) TimerEvent: {}
[31.426612] (ception_msgs) StdoutLine: {'line': b'[ 32%] \x1b[32mBuilding CXX object CMakeFiles/ception_msgs__rosidl_typesupport_fastrtps_cpp.dir/rosidl_typesupport_fastrtps_cpp/ception_msgs/msg/detail/dds_fastrtps/imu_euler__type_support.cpp.o\x1b[0m\n'}
[31.462329] (-) TimerEvent: {}
[31.464100] (motion_msgs) StdoutLine: {'line': b'[  2%] Built target motion_msgs__cpp\n'}
[31.562615] (-) TimerEvent: {}
[31.618596] (motion_msgs) StdoutLine: {'line': b'[  4%] \x1b[34m\x1b[1mGenerating C++ type support for eProsima Fast-RTPS\x1b[0m\n'}
[31.662859] (-) TimerEvent: {}
[31.763994] (-) TimerEvent: {}
[31.836167] (ception_msgs) StdoutLine: {'line': b'[ 35%] \x1b[32mBuilding CXX object CMakeFiles/ception_msgs__rosidl_typesupport_introspection_cpp.dir/rosidl_typesupport_introspection_cpp/ception_msgs/msg/detail/imu_euler__type_support.cpp.o\x1b[0m\n'}
[31.863968] (-) TimerEvent: {}
[31.966503] (-) TimerEvent: {}
[32.069048] (-) TimerEvent: {}
[32.171970] (-) TimerEvent: {}
[32.274469] (-) TimerEvent: {}
[32.377193] (-) TimerEvent: {}
[32.479520] (-) TimerEvent: {}
[32.582432] (-) TimerEvent: {}
[32.685640] (-) TimerEvent: {}
[32.788559] (-) TimerEvent: {}
[32.901273] (-) TimerEvent: {}
[33.002863] (-) TimerEvent: {}
[33.104065] (-) TimerEvent: {}
[33.205114] (-) TimerEvent: {}
[33.306078] (-) TimerEvent: {}
[33.407586] (-) TimerEvent: {}
[33.509171] (-) TimerEvent: {}
[33.610377] (-) TimerEvent: {}
[33.711399] (-) TimerEvent: {}
[33.812569] (-) TimerEvent: {}
[33.915188] (-) TimerEvent: {}
[34.017053] (-) TimerEvent: {}
[34.119482] (-) TimerEvent: {}
[34.222039] (-) TimerEvent: {}
[34.323323] (-) TimerEvent: {}
[34.424477] (-) TimerEvent: {}
[34.525826] (-) TimerEvent: {}
[34.627238] (-) TimerEvent: {}
[34.729367] (-) TimerEvent: {}
[34.830459] (-) TimerEvent: {}
[34.931374] (-) TimerEvent: {}
[35.028728] (ception_msgs) StdoutLine: {'line': b'[ 38%] \x1b[32mBuilding CXX object CMakeFiles/ception_msgs__rosidl_typesupport_fastrtps_c.dir/rosidl_typesupport_fastrtps_c/ception_msgs/msg/detail/imu_euler__type_support_c.cpp.o\x1b[0m\n'}
[36.054256] (-) TimerEvent: {}
[36.065593] (motion_msgs) StdoutLine: {'line': b'[  5%] \x1b[32mBuilding C object CMakeFiles/motion_msgs__rosidl_generator_c.dir/rosidl_generator_c/motion_msgs/msg/detail/ctrl_plot__functions.c.o\x1b[0m\n'}
[36.154558] (-) TimerEvent: {}
[36.255622] (-) TimerEvent: {}
[36.357011] (-) TimerEvent: {}
[36.455882] (ception_msgs) StdoutLine: {'line': b'[ 41%] \x1b[32m\x1b[1mLinking CXX shared library libception_msgs__rosidl_typesupport_cpp.so\x1b[0m\n'}
[36.457283] (-) TimerEvent: {}
[36.560295] (-) TimerEvent: {}
[36.663058] (-) TimerEvent: {}
[36.685242] (ception_msgs) StdoutLine: {'line': b'[ 45%] \x1b[32m\x1b[1mLinking CXX shared library libception_msgs__rosidl_typesupport_fastrtps_cpp.so\x1b[0m\n'}
[36.725897] (ception_msgs) StdoutLine: {'line': b'[ 48%] \x1b[32m\x1b[1mLinking CXX shared library libception_msgs__rosidl_typesupport_introspection_cpp.so\x1b[0m\n'}
[36.763490] (-) TimerEvent: {}
[36.867907] (-) TimerEvent: {}
[36.969286] (-) TimerEvent: {}
[37.053640] (ception_msgs) StdoutLine: {'line': b'[ 48%] Built target ception_msgs__rosidl_typesupport_cpp\n'}
[37.069563] (-) TimerEvent: {}
[37.101467] (motion_msgs) StdoutLine: {'line': b'[  7%] \x1b[32mBuilding C object CMakeFiles/motion_msgs__rosidl_generator_c.dir/rosidl_generator_c/motion_msgs/msg/detail/leg_motors__functions.c.o\x1b[0m\n'}
[37.169918] (-) TimerEvent: {}
[37.271275] (-) TimerEvent: {}
[37.374278] (-) TimerEvent: {}
[37.427220] (motion_msgs) StdoutLine: {'line': b'[  8%] \x1b[32mBuilding CXX object CMakeFiles/motion_msgs__rosidl_typesupport_fastrtps_cpp.dir/rosidl_typesupport_fastrtps_cpp/motion_msgs/msg/detail/dds_fastrtps/ctrl_plot__type_support.cpp.o\x1b[0m\n'}
[37.474694] (-) TimerEvent: {}
[37.579393] (-) TimerEvent: {}
[37.617745] (ception_msgs) StdoutLine: {'line': b'[ 48%] Built target ception_msgs__rosidl_typesupport_introspection_cpp\n'}
[37.679587] (-) TimerEvent: {}
[37.721356] (ception_msgs) StdoutLine: {'line': b'[ 48%] Built target ception_msgs__rosidl_typesupport_fastrtps_cpp\n'}
[37.779984] (-) TimerEvent: {}
[37.881172] (-) TimerEvent: {}
[37.982245] (-) TimerEvent: {}
[38.084170] (-) TimerEvent: {}
[38.088923] (motion_msgs) StdoutLine: {'line': b'[  9%] \x1b[32mBuilding C object CMakeFiles/motion_msgs__rosidl_generator_c.dir/rosidl_generator_c/motion_msgs/msg/detail/motion_ctrl__functions.c.o\x1b[0m\n'}
[38.184509] (-) TimerEvent: {}
[38.286117] (-) TimerEvent: {}
[38.387263] (-) TimerEvent: {}
[38.488359] (-) TimerEvent: {}
[38.589697] (-) TimerEvent: {}
[38.692817] (-) TimerEvent: {}
[38.794046] (-) TimerEvent: {}
[38.895083] (-) TimerEvent: {}
[38.997579] (-) TimerEvent: {}
[39.099876] (-) TimerEvent: {}
[39.201691] (-) TimerEvent: {}
[39.304709] (-) TimerEvent: {}
[39.410101] (-) TimerEvent: {}
[39.514846] (-) TimerEvent: {}
[39.617317] (-) TimerEvent: {}
[39.710533] (motion_msgs) StdoutLine: {'line': b'[ 11%] \x1b[32mBuilding C object CMakeFiles/motion_msgs__rosidl_generator_c.dir/rosidl_generator_c/motion_msgs/msg/detail/robot_status__functions.c.o\x1b[0m\n'}
[39.717705] (-) TimerEvent: {}
[39.820818] (-) TimerEvent: {}
[39.927528] (-) TimerEvent: {}
[40.028778] (-) TimerEvent: {}
[40.131668] (-) TimerEvent: {}
[40.234349] (-) TimerEvent: {}
[40.263164] (ception_msgs) StdoutLine: {'line': b'[ 51%] \x1b[32m\x1b[1mLinking CXX shared library libception_msgs__rosidl_typesupport_fastrtps_c.so\x1b[0m\n'}
[40.334663] (-) TimerEvent: {}
[40.437873] (-) TimerEvent: {}
[40.539018] (-) TimerEvent: {}
[40.640463] (-) TimerEvent: {}
[40.686115] (motion_msgs) StdoutLine: {'line': b'[ 12%] \x1b[32mBuilding C object CMakeFiles/motion_msgs__rosidl_generator_c.dir/rosidl_generator_c/motion_msgs/msg/detail/movement_ctrl_data__functions.c.o\x1b[0m\n'}
[40.740941] (-) TimerEvent: {}
[40.842816] (-) TimerEvent: {}
[40.943982] (-) TimerEvent: {}
[41.044504] (ception_msgs) StdoutLine: {'line': b'[ 51%] Built target ception_msgs__rosidl_typesupport_fastrtps_c\n'}
[41.045354] (-) TimerEvent: {}
[41.148709] (-) TimerEvent: {}
[41.207586] (ception_msgs) StdoutLine: {'line': b'[ 54%] \x1b[34m\x1b[1mGenerating C type support dispatch for ROS interfaces\x1b[0m\n'}
[41.248906] (-) TimerEvent: {}
[41.350734] (-) TimerEvent: {}
[41.452650] (-) TimerEvent: {}
[41.488361] (motion_msgs) StdoutLine: {'line': b'[ 14%] \x1b[32mBuilding C object CMakeFiles/motion_msgs__rosidl_generator_c.dir/rosidl_generator_c/motion_msgs/msg/detail/movement_ctrl_mode__functions.c.o\x1b[0m\n'}
[41.552910] (-) TimerEvent: {}
[41.654104] (-) TimerEvent: {}
[41.755225] (-) TimerEvent: {}
[41.836259] (motion_msgs) StdoutLine: {'line': b'[ 15%] \x1b[32mBuilding CXX object CMakeFiles/motion_msgs__rosidl_typesupport_fastrtps_cpp.dir/rosidl_typesupport_fastrtps_cpp/motion_msgs/msg/detail/dds_fastrtps/leg_motors__type_support.cpp.o\x1b[0m\n'}
[41.855483] (-) TimerEvent: {}
[41.958277] (-) TimerEvent: {}
[42.062030] (-) TimerEvent: {}
[42.165091] (-) TimerEvent: {}
[42.267943] (-) TimerEvent: {}
[42.369591] (-) TimerEvent: {}
[42.426643] (motion_msgs) StdoutLine: {'line': b'[ 16%] \x1b[32m\x1b[1mLinking C shared library libmotion_msgs__rosidl_generator_c.so\x1b[0m\n'}
[42.469846] (-) TimerEvent: {}
[42.572589] (-) TimerEvent: {}
[42.674408] (-) TimerEvent: {}
[42.776228] (-) TimerEvent: {}
[42.817370] (motion_msgs) StdoutLine: {'line': b'[ 16%] Built target motion_msgs__rosidl_generator_c\n'}
[42.876570] (-) TimerEvent: {}
[42.978283] (-) TimerEvent: {}
[43.079559] (-) TimerEvent: {}
[43.181137] (-) TimerEvent: {}
[43.240313] (ception_msgs) StdoutLine: {'line': b'[ 58%] \x1b[32mBuilding CXX object CMakeFiles/ception_msgs__rosidl_typesupport_c.dir/rosidl_typesupport_c/ception_msgs/msg/imu_euler__type_support.cpp.o\x1b[0m\n'}
[43.281598] (-) TimerEvent: {}
[43.382922] (-) TimerEvent: {}
[43.452607] (ception_msgs) StdoutLine: {'line': b'[ 61%] \x1b[32m\x1b[1mLinking CXX shared library libception_msgs__rosidl_typesupport_c.so\x1b[0m\n'}
[43.483114] (-) TimerEvent: {}
[43.584254] (-) TimerEvent: {}
[43.684156] (ception_msgs) StdoutLine: {'line': b'[ 61%] Built target ception_msgs__rosidl_typesupport_c\n'}
[43.685088] (-) TimerEvent: {}
[43.743069] (ception_msgs) StdoutLine: {'line': b'[ 64%] \x1b[34m\x1b[1mGenerating C introspection for ROS interfaces\x1b[0m\n'}
[43.785339] (-) TimerEvent: {}
[43.886455] (-) TimerEvent: {}
[43.988048] (-) TimerEvent: {}
[44.090970] (-) TimerEvent: {}
[44.195146] (-) TimerEvent: {}
[44.297798] (-) TimerEvent: {}
[44.400451] (-) TimerEvent: {}
[44.503194] (-) TimerEvent: {}
[44.605623] (-) TimerEvent: {}
[44.709556] (-) TimerEvent: {}
[44.811872] (-) TimerEvent: {}
[44.914738] (-) TimerEvent: {}
[45.030988] (-) TimerEvent: {}
[45.133240] (-) TimerEvent: {}
[45.234413] (-) TimerEvent: {}
[45.336229] (-) TimerEvent: {}
[45.392613] (ception_msgs) StdoutLine: {'line': b'[ 67%] \x1b[32mBuilding C object CMakeFiles/ception_msgs__rosidl_typesupport_introspection_c.dir/rosidl_typesupport_introspection_c/ception_msgs/msg/detail/imu_euler__type_support.c.o\x1b[0m\n'}
[45.436456] (-) TimerEvent: {}
[45.483299] (motion_msgs) StdoutLine: {'line': b'[ 18%] \x1b[32mBuilding CXX object CMakeFiles/motion_msgs__rosidl_typesupport_fastrtps_cpp.dir/rosidl_typesupport_fastrtps_cpp/motion_msgs/msg/detail/dds_fastrtps/motion_ctrl__type_support.cpp.o\x1b[0m\n'}
[45.536728] (-) TimerEvent: {}
[45.638027] (-) TimerEvent: {}
[45.655369] (ception_msgs) StdoutLine: {'line': b'[ 70%] \x1b[32m\x1b[1mLinking C shared library libception_msgs__rosidl_typesupport_introspection_c.so\x1b[0m\n'}
[45.738358] (-) TimerEvent: {}
[45.841114] (-) TimerEvent: {}
[45.847986] (ception_msgs) StdoutLine: {'line': b'[ 70%] Built target ception_msgs__rosidl_typesupport_introspection_c\n'}
[45.942024] (-) TimerEvent: {}
[45.952936] (ception_msgs) StdoutLine: {'line': b'[ 70%] Built target ception_msgs\n'}
[46.042305] (-) TimerEvent: {}
[46.069995] (ception_msgs) StdoutLine: {'line': b'[ 74%] \x1b[34m\x1b[1mGenerating Python code for ROS interfaces\x1b[0m\n'}
[46.142783] (-) TimerEvent: {}
[46.245452] (-) TimerEvent: {}
[46.348395] (-) TimerEvent: {}
[46.451027] (-) TimerEvent: {}
[46.563976] (-) TimerEvent: {}
[46.667960] (-) TimerEvent: {}
[46.770715] (-) TimerEvent: {}
[46.873072] (-) TimerEvent: {}
[46.976128] (-) TimerEvent: {}
[47.078729] (-) TimerEvent: {}
[47.181434] (-) TimerEvent: {}
[47.284197] (-) TimerEvent: {}
[47.385908] (-) TimerEvent: {}
[47.487557] (-) TimerEvent: {}
[47.589910] (-) TimerEvent: {}
[47.695374] (-) TimerEvent: {}
[47.797710] (-) TimerEvent: {}
[47.900128] (-) TimerEvent: {}
[48.003593] (-) TimerEvent: {}
[48.105316] (-) TimerEvent: {}
[48.207105] (-) TimerEvent: {}
[48.238751] (ception_msgs) StdoutLine: {'line': b'[ 74%] Built target ception_msgs__py\n'}
[48.307387] (-) TimerEvent: {}
[48.341625] (ception_msgs) StdoutLine: {'line': b'[ 77%] \x1b[32mBuilding C object CMakeFiles/ception_msgs__rosidl_generator_py.dir/rosidl_generator_py/ception_msgs/msg/_imu_euler_s.c.o\x1b[0m\n'}
[48.407679] (-) TimerEvent: {}
[48.510964] (-) TimerEvent: {}
[48.615957] (-) TimerEvent: {}
[48.723957] (-) TimerEvent: {}
[48.827974] (-) TimerEvent: {}
[48.844384] (motion_msgs) StdoutLine: {'line': b'[ 19%] \x1b[32mBuilding CXX object CMakeFiles/motion_msgs__rosidl_typesupport_fastrtps_cpp.dir/rosidl_typesupport_fastrtps_cpp/motion_msgs/msg/detail/dds_fastrtps/robot_status__type_support.cpp.o\x1b[0m\n'}
[48.928236] (-) TimerEvent: {}
[49.029665] (-) TimerEvent: {}
[49.132567] (-) TimerEvent: {}
[49.236299] (-) TimerEvent: {}
[49.281955] (ception_msgs) StdoutLine: {'line': b'[ 80%] \x1b[32m\x1b[1mLinking C shared library rosidl_generator_py/ception_msgs/libception_msgs__rosidl_generator_py.so\x1b[0m\n'}
[49.336488] (-) TimerEvent: {}
[49.437525] (-) TimerEvent: {}
[49.538886] (-) TimerEvent: {}
[49.541632] (ception_msgs) StdoutLine: {'line': b'[ 80%] Built target ception_msgs__rosidl_generator_py\n'}
[49.639168] (-) TimerEvent: {}
[49.647996] (ception_msgs) StdoutLine: {'line': b'[ 83%] \x1b[32mBuilding C object CMakeFiles/ception_msgs__rosidl_typesupport_fastrtps_c__pyext.dir/rosidl_generator_py/ception_msgs/_ception_msgs_s.ep.rosidl_typesupport_fastrtps_c.c.o\x1b[0m\n'}
[49.743959] (-) TimerEvent: {}
[49.847955] (-) TimerEvent: {}
[49.951944] (-) TimerEvent: {}
[50.053184] (-) TimerEvent: {}
[50.154293] (-) TimerEvent: {}
[50.255413] (-) TimerEvent: {}
[50.356704] (-) TimerEvent: {}
[50.457812] (-) TimerEvent: {}
[50.520984] (ception_msgs) StdoutLine: {'line': b'[ 87%] \x1b[32m\x1b[1mLinking C shared library rosidl_generator_py/ception_msgs/ception_msgs_s__rosidl_typesupport_fastrtps_c.cpython-310-aarch64-linux-gnu.so\x1b[0m\n'}
[50.558138] (-) TimerEvent: {}
[50.659397] (-) TimerEvent: {}
[50.762133] (-) TimerEvent: {}
[50.810417] (ception_msgs) StdoutLine: {'line': b'[ 87%] Built target ception_msgs__rosidl_typesupport_fastrtps_c__pyext\n'}
[50.862371] (-) TimerEvent: {}
[50.941393] (ception_msgs) StdoutLine: {'line': b'[ 90%] \x1b[32mBuilding C object CMakeFiles/ception_msgs__rosidl_typesupport_c__pyext.dir/rosidl_generator_py/ception_msgs/_ception_msgs_s.ep.rosidl_typesupport_c.c.o\x1b[0m\n'}
[50.962678] (-) TimerEvent: {}
[51.064700] (-) TimerEvent: {}
[51.167002] (-) TimerEvent: {}
[51.268972] (-) TimerEvent: {}
[51.370443] (-) TimerEvent: {}
[51.471909] (-) TimerEvent: {}
[51.573207] (-) TimerEvent: {}
[51.674587] (-) TimerEvent: {}
[51.775800] (-) TimerEvent: {}
[51.828418] (ception_msgs) StdoutLine: {'line': b'[ 93%] \x1b[32m\x1b[1mLinking C shared library rosidl_generator_py/ception_msgs/ception_msgs_s__rosidl_typesupport_c.cpython-310-aarch64-linux-gnu.so\x1b[0m\n'}
[51.876038] (-) TimerEvent: {}
[51.895314] (motion_msgs) StdoutLine: {'line': b'[ 21%] \x1b[32mBuilding CXX object CMakeFiles/motion_msgs__rosidl_typesupport_fastrtps_cpp.dir/rosidl_typesupport_fastrtps_cpp/motion_msgs/msg/detail/dds_fastrtps/movement_ctrl_data__type_support.cpp.o\x1b[0m\n'}
[51.976274] (-) TimerEvent: {}
[52.076211] (ception_msgs) StdoutLine: {'line': b'[ 93%] Built target ception_msgs__rosidl_typesupport_c__pyext\n'}
[52.077290] (-) TimerEvent: {}
[52.180148] (-) TimerEvent: {}
[52.184687] (ception_msgs) StdoutLine: {'line': b'[ 96%] \x1b[32mBuilding C object CMakeFiles/ception_msgs__rosidl_typesupport_introspection_c__pyext.dir/rosidl_generator_py/ception_msgs/_ception_msgs_s.ep.rosidl_typesupport_introspection_c.c.o\x1b[0m\n'}
[52.280393] (-) TimerEvent: {}
[52.382962] (-) TimerEvent: {}
[52.485886] (-) TimerEvent: {}
[52.589123] (-) TimerEvent: {}
[52.692667] (-) TimerEvent: {}
[52.795340] (-) TimerEvent: {}
[52.897572] (-) TimerEvent: {}
[53.000887] (-) TimerEvent: {}
[53.009683] (ception_msgs) StdoutLine: {'line': b'[100%] \x1b[32m\x1b[1mLinking C shared library rosidl_generator_py/ception_msgs/ception_msgs_s__rosidl_typesupport_introspection_c.cpython-310-aarch64-linux-gnu.so\x1b[0m\n'}
[53.101253] (-) TimerEvent: {}
[53.211962] (-) TimerEvent: {}
[53.272135] (ception_msgs) StdoutLine: {'line': b'[100%] Built target ception_msgs__rosidl_typesupport_introspection_c__pyext\n'}
[53.316190] (-) TimerEvent: {}
[53.331765] (ception_msgs) CommandEnded: {'returncode': 0}
[53.335492] (ception_msgs) JobProgress: {'identifier': 'ception_msgs', 'progress': 'install'}
[53.383415] (ception_msgs) Command: {'cmd': ['/usr/bin/cmake', '--install', '/home/diablo/diablo_ws/build/ception_msgs'], 'cwd': '/home/diablo/diablo_ws/build/ception_msgs', 'env': OrderedDict([('LESSOPEN', '| /usr/bin/lesspipe %s'), ('USER', 'diablo'), ('SSH_CLIENT', 'fc94:895d:2729:ce2e:5d7:5613:5e0f:cf5a 54510 22'), ('LC_TIME', 'C.UTF-8'), ('XDG_SESSION_TYPE', 'tty'), ('SHLVL', '1'), ('LD_LIBRARY_PATH', '/opt/ros/humble/lib/aarch64-linux-gnu:/opt/ros/humble/lib'), ('MOTD_SHOWN', 'pam'), ('HOME', '/home/diablo'), ('OLDPWD', '/home/diablo'), ('SSH_TTY', '/dev/pts/0'), ('ROS_PYTHON_VERSION', '3'), ('LC_MONETARY', 'C.UTF-8'), ('DBUS_SESSION_BUS_ADDRESS', 'unix:path=/run/user/1000/bus'), ('ROS_DISTRO', 'humble'), ('LOGNAME', 'diablo'), ('_', '/usr/bin/colcon'), ('ROS_VERSION', '2'), ('XDG_SESSION_CLASS', 'user'), ('TERM', 'xterm-256color'), ('XDG_SESSION_ID', '4'), ('ROS_LOCALHOST_ONLY', '0'), ('PATH', '/opt/ros/humble/bin:/usr/local/sbin:/usr/local/bin:/usr/sbin:/usr/bin:/sbin:/bin:/usr/games:/usr/local/games:/snap/bin'), ('LC_ADDRESS', 'C.UTF-8'), ('XDG_RUNTIME_DIR', '/run/user/1000'), ('LANG', 'C.UTF-8'), ('LC_TELEPHONE', 'C.UTF-8'), ('LS_COLORS', 'rs=0:di=01;34:ln=01;36:mh=00:pi=40;33:so=01;35:do=01;35:bd=40;33;01:cd=40;33;01:or=40;31;01:mi=00:su=37;41:sg=30;43:ca=30;41:tw=30;42:ow=34;42:st=37;44:ex=01;32:*.tar=01;31:*.tgz=01;31:*.arc=01;31:*.arj=01;31:*.taz=01;31:*.lha=01;31:*.lz4=01;31:*.lzh=01;31:*.lzma=01;31:*.tlz=01;31:*.txz=01;31:*.tzo=01;31:*.t7z=01;31:*.zip=01;31:*.z=01;31:*.dz=01;31:*.gz=01;31:*.lrz=01;31:*.lz=01;31:*.lzo=01;31:*.xz=01;31:*.zst=01;31:*.tzst=01;31:*.bz2=01;31:*.bz=01;31:*.tbz=01;31:*.tbz2=01;31:*.tz=01;31:*.deb=01;31:*.rpm=01;31:*.jar=01;31:*.war=01;31:*.ear=01;31:*.sar=01;31:*.rar=01;31:*.alz=01;31:*.ace=01;31:*.zoo=01;31:*.cpio=01;31:*.7z=01;31:*.rz=01;31:*.cab=01;31:*.wim=01;31:*.swm=01;31:*.dwm=01;31:*.esd=01;31:*.jpg=01;35:*.jpeg=01;35:*.mjpg=01;35:*.mjpeg=01;35:*.gif=01;35:*.bmp=01;35:*.pbm=01;35:*.pgm=01;35:*.ppm=01;35:*.tga=01;35:*.xbm=01;35:*.xpm=01;35:*.tif=01;35:*.tiff=01;35:*.png=01;35:*.svg=01;35:*.svgz=01;35:*.mng=01;35:*.pcx=01;35:*.mov=01;35:*.mpg=01;35:*.mpeg=01;35:*.m2v=01;35:*.mkv=01;35:*.webm=01;35:*.webp=01;35:*.ogm=01;35:*.mp4=01;35:*.m4v=01;35:*.mp4v=01;35:*.vob=01;35:*.qt=01;35:*.nuv=01;35:*.wmv=01;35:*.asf=01;35:*.rm=01;35:*.rmvb=01;35:*.flc=01;35:*.avi=01;35:*.fli=01;35:*.flv=01;35:*.gl=01;35:*.dl=01;35:*.xcf=01;35:*.xwd=01;35:*.yuv=01;35:*.cgm=01;35:*.emf=01;35:*.ogv=01;35:*.ogx=01;35:*.aac=00;36:*.au=00;36:*.flac=00;36:*.m4a=00;36:*.mid=00;36:*.midi=00;36:*.mka=00;36:*.mp3=00;36:*.mpc=00;36:*.ogg=00;36:*.ra=00;36:*.wav=00;36:*.oga=00;36:*.opus=00;36:*.spx=00;36:*.xspf=00;36:'), ('AMENT_PREFIX_PATH', '/opt/ros/humble'), ('SHELL', '/bin/bash'), ('LC_NAME', 'C.UTF-8'), ('LESSCLOSE', '/usr/bin/lesspipe %s %s'), ('LC_MEASUREMENT', 'C.UTF-8'), ('LC_IDENTIFICATION', 'C.UTF-8'), ('PWD', '/home/diablo/diablo_ws/build/ception_msgs'), ('SSH_CONNECTION', 'fc94:895d:2729:ce2e:5d7:5613:5e0f:cf5a 54510 fc94:c867:6393:caf8:4601:3f10:1d9e:ac86 22'), ('XDG_DATA_DIRS', '/usr/local/share:/usr/share:/var/lib/snapd/desktop'), ('PYTHONPATH', '/opt/ros/humble/lib/python3.10/site-packages:/opt/ros/humble/local/lib/python3.10/dist-packages'), ('LC_NUMERIC', 'C.UTF-8'), ('LC_PAPER', 'C.UTF-8'), ('COLCON', '1'), ('CMAKE_PREFIX_PATH', '/opt/ros/humble')]), 'shell': False}
[53.417499] (-) TimerEvent: {}
[53.427907] (ception_msgs) StdoutLine: {'line': b'-- Install configuration: "Release"\n'}
[53.440830] (ception_msgs) StdoutLine: {'line': b'-- Execute custom install script\n'}
[53.441639] (ception_msgs) StdoutLine: {'line': b'-- Symlinking: /home/diablo/diablo_ws/install/ception_msgs/share/ament_index/resource_index/rosidl_interfaces/ception_msgs\n'}
[53.482336] (ception_msgs) StdoutLine: {'line': b'-- Symlinking: /home/diablo/diablo_ws/install/ception_msgs/include/ception_msgs/ception_msgs/msg/detail/imu_euler__functions.h\n'}
[53.517725] (-) TimerEvent: {}
[53.543011] (ception_msgs) StdoutLine: {'line': b'-- Symlinking: /home/diablo/diablo_ws/install/ception_msgs/include/ception_msgs/ception_msgs/msg/detail/imu_euler__struct.h\n'}
[53.584161] (ception_msgs) StdoutLine: {'line': b'-- Symlinking: /home/diablo/diablo_ws/install/ception_msgs/include/ception_msgs/ception_msgs/msg/detail/imu_euler__type_support.h\n'}
[53.618007] (-) TimerEvent: {}
[53.625420] (ception_msgs) StdoutLine: {'line': b'-- Symlinking: /home/diablo/diablo_ws/install/ception_msgs/include/ception_msgs/ception_msgs/msg/imu_euler.h\n'}
[53.666338] (ception_msgs) StdoutLine: {'line': b'-- Symlinking: /home/diablo/diablo_ws/install/ception_msgs/include/ception_msgs/ception_msgs/msg/rosidl_generator_c__visibility_control.h\n'}
[53.706665] (ception_msgs) StdoutLine: {'line': b'-- Symlinking: /home/diablo/diablo_ws/install/ception_msgs/share/ception_msgs/environment/library_path.sh\n'}
[53.718286] (-) TimerEvent: {}
[53.750556] (ception_msgs) StdoutLine: {'line': b'-- Symlinking: /home/diablo/diablo_ws/install/ception_msgs/share/ception_msgs/environment/library_path.dsv\n'}
[53.794768] (ception_msgs) StdoutLine: {'line': b'-- Symlinking: /home/diablo/diablo_ws/install/ception_msgs/include/ception_msgs/ception_msgs/msg/detail/imu_euler__rosidl_typesupport_fastrtps_c.h\n'}
[53.818559] (-) TimerEvent: {}
[53.837469] (ception_msgs) StdoutLine: {'line': b'-- Symlinking: /home/diablo/diablo_ws/install/ception_msgs/include/ception_msgs/ception_msgs/msg/rosidl_typesupport_fastrtps_c__visibility_control.h\n'}
[53.891387] (ception_msgs) StdoutLine: {'line': b'-- Symlinking: /home/diablo/diablo_ws/install/ception_msgs/include/ception_msgs/ception_msgs/msg/detail/imu_euler__rosidl_typesupport_introspection_c.h\n'}
[53.918806] (-) TimerEvent: {}
[53.941745] (ception_msgs) StdoutLine: {'line': b'-- Symlinking: /home/diablo/diablo_ws/install/ception_msgs/include/ception_msgs/ception_msgs/msg/rosidl_typesupport_introspection_c__visibility_control.h\n'}
[53.988724] (ception_msgs) StdoutLine: {'line': b'-- Symlinking: /home/diablo/diablo_ws/install/ception_msgs/include/ception_msgs/ception_msgs/msg/detail/imu_euler__builder.hpp\n'}
[54.019082] (-) TimerEvent: {}
[54.033259] (ception_msgs) StdoutLine: {'line': b'-- Symlinking: /home/diablo/diablo_ws/install/ception_msgs/include/ception_msgs/ception_msgs/msg/detail/imu_euler__struct.hpp\n'}
[54.075794] (ception_msgs) StdoutLine: {'line': b'-- Symlinking: /home/diablo/diablo_ws/install/ception_msgs/include/ception_msgs/ception_msgs/msg/detail/imu_euler__traits.hpp\n'}
[54.119626] (ception_msgs) StdoutLine: {'line': b'-- Symlinking: /home/diablo/diablo_ws/install/ception_msgs/include/ception_msgs/ception_msgs/msg/detail/imu_euler__type_support.hpp\n'}
[54.120789] (-) TimerEvent: {}
[54.168173] (ception_msgs) StdoutLine: {'line': b'-- Symlinking: /home/diablo/diablo_ws/install/ception_msgs/include/ception_msgs/ception_msgs/msg/imu_euler.hpp\n'}
[54.212149] (ception_msgs) StdoutLine: {'line': b'-- Symlinking: /home/diablo/diablo_ws/install/ception_msgs/include/ception_msgs/ception_msgs/msg/rosidl_generator_cpp__visibility_control.hpp\n'}
[54.224029] (-) TimerEvent: {}
[54.260258] (ception_msgs) StdoutLine: {'line': b'-- Symlinking: /home/diablo/diablo_ws/install/ception_msgs/include/ception_msgs/ception_msgs/msg/detail/imu_euler__rosidl_typesupport_fastrtps_cpp.hpp\n'}
[54.316174] (ception_msgs) StdoutLine: {'line': b'-- Symlinking: /home/diablo/diablo_ws/install/ception_msgs/include/ception_msgs/ception_msgs/msg/rosidl_typesupport_fastrtps_cpp__visibility_control.h\n'}
[54.331952] (-) TimerEvent: {}
[54.376188] (ception_msgs) StdoutLine: {'line': b'-- Symlinking: /home/diablo/diablo_ws/install/ception_msgs/include/ception_msgs/ception_msgs/msg/detail/imu_euler__rosidl_typesupport_introspection_cpp.hpp\n'}
[54.428209] (ception_msgs) StdoutLine: {'line': b'-- Symlinking: /home/diablo/diablo_ws/install/ception_msgs/share/ception_msgs/environment/pythonpath.sh\n'}
[54.439955] (-) TimerEvent: {}
[54.483887] (ception_msgs) StdoutLine: {'line': b'-- Symlinking: /home/diablo/diablo_ws/install/ception_msgs/share/ception_msgs/environment/pythonpath.dsv\n'}
[54.539506] (ception_msgs) StdoutLine: {'line': b'-- Symlinking: /home/diablo/diablo_ws/install/ception_msgs/local/lib/python3.10/dist-packages/ception_msgs-1.0.0-py3.10.egg-info/PKG-INFO\n'}
[54.540865] (-) TimerEvent: {}
[54.599878] (ception_msgs) StdoutLine: {'line': b'-- Symlinking: /home/diablo/diablo_ws/install/ception_msgs/local/lib/python3.10/dist-packages/ception_msgs-1.0.0-py3.10.egg-info/SOURCES.txt\n'}
[54.641250] (-) TimerEvent: {}
[54.681915] (ception_msgs) StdoutLine: {'line': b'-- Symlinking: /home/diablo/diablo_ws/install/ception_msgs/local/lib/python3.10/dist-packages/ception_msgs-1.0.0-py3.10.egg-info/dependency_links.txt\n'}
[54.728967] (ception_msgs) StdoutLine: {'line': b'-- Symlinking: /home/diablo/diablo_ws/install/ception_msgs/local/lib/python3.10/dist-packages/ception_msgs-1.0.0-py3.10.egg-info/top_level.txt\n'}
[54.741560] (-) TimerEvent: {}
[54.769795] (motion_msgs) StdoutLine: {'line': b'[ 22%] \x1b[32mBuilding CXX object CMakeFiles/motion_msgs__rosidl_typesupport_fastrtps_cpp.dir/rosidl_typesupport_fastrtps_cpp/motion_msgs/msg/detail/dds_fastrtps/movement_ctrl_mode__type_support.cpp.o\x1b[0m\n'}
[54.786673] (ception_msgs) StdoutLine: {'line': b'-- Symlinking: /home/diablo/diablo_ws/install/ception_msgs/local/lib/python3.10/dist-packages/ception_msgs/__init__.py\n'}
[54.831198] (ception_msgs) StdoutLine: {'line': b'-- Symlinking: /home/diablo/diablo_ws/install/ception_msgs/local/lib/python3.10/dist-packages/ception_msgs/_ception_msgs_s.ep.rosidl_typesupport_c.c\n'}
[54.841814] (-) TimerEvent: {}
[54.879131] (ception_msgs) StdoutLine: {'line': b'-- Symlinking: /home/diablo/diablo_ws/install/ception_msgs/local/lib/python3.10/dist-packages/ception_msgs/_ception_msgs_s.ep.rosidl_typesupport_fastrtps_c.c\n'}
[54.922622] (ception_msgs) StdoutLine: {'line': b'-- Symlinking: /home/diablo/diablo_ws/install/ception_msgs/local/lib/python3.10/dist-packages/ception_msgs/_ception_msgs_s.ep.rosidl_typesupport_introspection_c.c\n'}
[54.942136] (-) TimerEvent: {}
[54.964812] (ception_msgs) StdoutLine: {'line': b'-- Symlinking: /home/diablo/diablo_ws/install/ception_msgs/local/lib/python3.10/dist-packages/ception_msgs/ception_msgs_s__rosidl_typesupport_c.cpython-310-aarch64-linux-gnu.so\n'}
[55.014381] (ception_msgs) StdoutLine: {'line': b'-- Symlinking: /home/diablo/diablo_ws/install/ception_msgs/local/lib/python3.10/dist-packages/ception_msgs/ception_msgs_s__rosidl_typesupport_fastrtps_c.cpython-310-aarch64-linux-gnu.so\n'}
[55.042596] (-) TimerEvent: {}
[55.085251] (ception_msgs) StdoutLine: {'line': b'-- Symlinking: /home/diablo/diablo_ws/install/ception_msgs/local/lib/python3.10/dist-packages/ception_msgs/ception_msgs_s__rosidl_typesupport_introspection_c.cpython-310-aarch64-linux-gnu.so\n'}
[55.142880] (-) TimerEvent: {}
[55.150196] (ception_msgs) StdoutLine: {'line': b'-- Symlinking: /home/diablo/diablo_ws/install/ception_msgs/local/lib/python3.10/dist-packages/ception_msgs/libception_msgs__rosidl_generator_py.so\n'}
[55.191249] (ception_msgs) StdoutLine: {'line': b'-- Symlinking: /home/diablo/diablo_ws/install/ception_msgs/local/lib/python3.10/dist-packages/ception_msgs/msg/__init__.py\n'}
[55.230717] (ception_msgs) StdoutLine: {'line': b'-- Symlinking: /home/diablo/diablo_ws/install/ception_msgs/local/lib/python3.10/dist-packages/ception_msgs/msg/_imu_euler.py\n'}
[55.243120] (-) TimerEvent: {}
[55.271659] (ception_msgs) StdoutLine: {'line': b'-- Symlinking: /home/diablo/diablo_ws/install/ception_msgs/local/lib/python3.10/dist-packages/ception_msgs/msg/_imu_euler_s.c\n'}
[55.319467] (ception_msgs) StdoutLine: {'line': b'-- Up-to-date symlink: /home/diablo/diablo_ws/install/ception_msgs/local/lib/python3.10/dist-packages/ception_msgs/ception_msgs_s__rosidl_typesupport_fastrtps_c.cpython-310-aarch64-linux-gnu.so\n'}
[55.324244] (ception_msgs) StdoutLine: {'line': b'-- Up-to-date symlink: /home/diablo/diablo_ws/install/ception_msgs/local/lib/python3.10/dist-packages/ception_msgs/ception_msgs_s__rosidl_typesupport_introspection_c.cpython-310-aarch64-linux-gnu.so\n'}
[55.328859] (ception_msgs) StdoutLine: {'line': b'-- Up-to-date symlink: /home/diablo/diablo_ws/install/ception_msgs/local/lib/python3.10/dist-packages/ception_msgs/ception_msgs_s__rosidl_typesupport_c.cpython-310-aarch64-linux-gnu.so\n'}
[55.332328] (ception_msgs) StdoutLine: {'line': b'-- Symlinking: /home/diablo/diablo_ws/install/ception_msgs/share/ception_msgs/msg/IMUEuler.idl\n'}
[55.343410] (-) TimerEvent: {}
[55.382129] (ception_msgs) StdoutLine: {'line': b'-- Symlinking: /home/diablo/diablo_ws/install/ception_msgs/share/ception_msgs/msg/IMUEuler.msg\n'}
[55.430426] (ception_msgs) StdoutLine: {'line': b'-- Symlinking: /home/diablo/diablo_ws/install/ception_msgs/share/ament_index/resource_index/package_run_dependencies/ception_msgs\n'}
[55.443678] (-) TimerEvent: {}
[55.473412] (ception_msgs) StdoutLine: {'line': b'-- Symlinking: /home/diablo/diablo_ws/install/ception_msgs/share/ament_index/resource_index/parent_prefix_path/ception_msgs\n'}
[55.512457] (ception_msgs) StdoutLine: {'line': b'-- Symlinking: /home/diablo/diablo_ws/install/ception_msgs/share/ception_msgs/environment/ament_prefix_path.sh\n'}
[55.543962] (-) TimerEvent: {}
[55.554025] (ception_msgs) StdoutLine: {'line': b'-- Symlinking: /home/diablo/diablo_ws/install/ception_msgs/share/ception_msgs/environment/ament_prefix_path.dsv\n'}
[55.598445] (ception_msgs) StdoutLine: {'line': b'-- Symlinking: /home/diablo/diablo_ws/install/ception_msgs/share/ception_msgs/environment/path.sh\n'}
[55.642159] (ception_msgs) StdoutLine: {'line': b'-- Symlinking: /home/diablo/diablo_ws/install/ception_msgs/share/ception_msgs/environment/path.dsv\n'}
[55.644893] (-) TimerEvent: {}
[55.689334] (ception_msgs) StdoutLine: {'line': b'-- Symlinking: /home/diablo/diablo_ws/install/ception_msgs/share/ception_msgs/local_setup.bash\n'}
[55.735091] (ception_msgs) StdoutLine: {'line': b'-- Symlinking: /home/diablo/diablo_ws/install/ception_msgs/share/ception_msgs/local_setup.sh\n'}
[55.745133] (-) TimerEvent: {}
[55.783136] (ception_msgs) StdoutLine: {'line': b'-- Symlinking: /home/diablo/diablo_ws/install/ception_msgs/share/ception_msgs/local_setup.zsh\n'}
[55.829062] (ception_msgs) StdoutLine: {'line': b'-- Symlinking: /home/diablo/diablo_ws/install/ception_msgs/share/ception_msgs/local_setup.dsv\n'}
[55.845430] (-) TimerEvent: {}
[55.876216] (ception_msgs) StdoutLine: {'line': b'-- Symlinking: /home/diablo/diablo_ws/install/ception_msgs/share/ception_msgs/package.dsv\n'}
[55.923793] (ception_msgs) StdoutLine: {'line': b'-- Symlinking: /home/diablo/diablo_ws/install/ception_msgs/share/ament_index/resource_index/packages/ception_msgs\n'}
[55.945763] (-) TimerEvent: {}
[55.973281] (ception_msgs) StdoutLine: {'line': b'-- Symlinking: /home/diablo/diablo_ws/install/ception_msgs/share/ception_msgs/cmake/rosidl_cmake-extras.cmake\n'}
[56.015005] (ception_msgs) StdoutLine: {'line': b'-- Symlinking: /home/diablo/diablo_ws/install/ception_msgs/share/ception_msgs/cmake/ament_cmake_export_dependencies-extras.cmake\n'}
[56.046257] (-) TimerEvent: {}
[56.068346] (ception_msgs) StdoutLine: {'line': b'-- Symlinking: /home/diablo/diablo_ws/install/ception_msgs/share/ception_msgs/cmake/ament_cmake_export_include_directories-extras.cmake\n'}
[56.134380] (ception_msgs) StdoutLine: {'line': b'-- Symlinking: /home/diablo/diablo_ws/install/ception_msgs/share/ception_msgs/cmake/ament_cmake_export_libraries-extras.cmake\n'}
[56.146452] (-) TimerEvent: {}
[56.181292] (ception_msgs) StdoutLine: {'line': b'-- Symlinking: /home/diablo/diablo_ws/install/ception_msgs/share/ception_msgs/cmake/ament_cmake_export_targets-extras.cmake\n'}
[56.231462] (ception_msgs) StdoutLine: {'line': b'-- Symlinking: /home/diablo/diablo_ws/install/ception_msgs/share/ception_msgs/cmake/rosidl_cmake_export_typesupport_targets-extras.cmake\n'}
[56.246800] (-) TimerEvent: {}
[56.279040] (ception_msgs) StdoutLine: {'line': b'-- Symlinking: /home/diablo/diablo_ws/install/ception_msgs/share/ception_msgs/cmake/rosidl_cmake_export_typesupport_libraries-extras.cmake\n'}
[56.326139] (ception_msgs) StdoutLine: {'line': b'-- Symlinking: /home/diablo/diablo_ws/install/ception_msgs/share/ception_msgs/cmake/ception_msgsConfig.cmake\n'}
[56.347077] (-) TimerEvent: {}
[56.372228] (ception_msgs) StdoutLine: {'line': b'-- Symlinking: /home/diablo/diablo_ws/install/ception_msgs/share/ception_msgs/cmake/ception_msgsConfig-version.cmake\n'}
[56.421503] (ception_msgs) StdoutLine: {'line': b'-- Symlinking: /home/diablo/diablo_ws/install/ception_msgs/share/ception_msgs/package.xml\n'}
[56.447411] (-) TimerEvent: {}
[56.469122] (ception_msgs) StdoutLine: {'line': b'-- Installing: /home/diablo/diablo_ws/install/ception_msgs/lib/libception_msgs__rosidl_generator_c.so\n'}
[56.474442] (ception_msgs) StdoutLine: {'line': b'-- Set runtime path of "/home/diablo/diablo_ws/install/ception_msgs/lib/libception_msgs__rosidl_generator_c.so" to ""\n'}
[56.476968] (ception_msgs) StdoutLine: {'line': b'-- Installing: /home/diablo/diablo_ws/install/ception_msgs/lib/libception_msgs__rosidl_typesupport_fastrtps_c.so\n'}
[56.482021] (ception_msgs) StdoutLine: {'line': b'-- Set runtime path of "/home/diablo/diablo_ws/install/ception_msgs/lib/libception_msgs__rosidl_typesupport_fastrtps_c.so" to ""\n'}
[56.484602] (ception_msgs) StdoutLine: {'line': b'-- Installing: /home/diablo/diablo_ws/install/ception_msgs/lib/libception_msgs__rosidl_typesupport_introspection_c.so\n'}
[56.489629] (ception_msgs) StdoutLine: {'line': b'-- Set runtime path of "/home/diablo/diablo_ws/install/ception_msgs/lib/libception_msgs__rosidl_typesupport_introspection_c.so" to ""\n'}
[56.493970] (ception_msgs) StdoutLine: {'line': b'-- Installing: /home/diablo/diablo_ws/install/ception_msgs/lib/libception_msgs__rosidl_typesupport_c.so\n'}
[56.499272] (ception_msgs) StdoutLine: {'line': b'-- Set runtime path of "/home/diablo/diablo_ws/install/ception_msgs/lib/libception_msgs__rosidl_typesupport_c.so" to ""\n'}
[56.501997] (ception_msgs) StdoutLine: {'line': b'-- Installing: /home/diablo/diablo_ws/install/ception_msgs/lib/libception_msgs__rosidl_typesupport_fastrtps_cpp.so\n'}
[56.506901] (ception_msgs) StdoutLine: {'line': b'-- Set runtime path of "/home/diablo/diablo_ws/install/ception_msgs/lib/libception_msgs__rosidl_typesupport_fastrtps_cpp.so" to ""\n'}
[56.509245] (ception_msgs) StdoutLine: {'line': b'-- Installing: /home/diablo/diablo_ws/install/ception_msgs/lib/libception_msgs__rosidl_typesupport_introspection_cpp.so\n'}
[56.514567] (ception_msgs) StdoutLine: {'line': b'-- Set runtime path of "/home/diablo/diablo_ws/install/ception_msgs/lib/libception_msgs__rosidl_typesupport_introspection_cpp.so" to ""\n'}
[56.516690] (ception_msgs) StdoutLine: {'line': b'-- Installing: /home/diablo/diablo_ws/install/ception_msgs/lib/libception_msgs__rosidl_typesupport_cpp.so\n'}
[56.521467] (ception_msgs) StdoutLine: {'line': b'-- Set runtime path of "/home/diablo/diablo_ws/install/ception_msgs/lib/libception_msgs__rosidl_typesupport_cpp.so" to ""\n'}
[56.547636] (-) TimerEvent: {}
[56.650609] (-) TimerEvent: {}
[56.753222] (-) TimerEvent: {}
[56.804011] (ception_msgs) StdoutLine: {'line': b"Listing '/home/diablo/diablo_ws/install/ception_msgs/local/lib/python3.10/dist-packages/ception_msgs'...\n"}
[56.805642] (ception_msgs) StdoutLine: {'line': b"Compiling '/home/diablo/diablo_ws/install/ception_msgs/local/lib/python3.10/dist-packages/ception_msgs/__init__.py'...\n"}
[56.806749] (ception_msgs) StdoutLine: {'line': b"Listing '/home/diablo/diablo_ws/install/ception_msgs/local/lib/python3.10/dist-packages/ception_msgs/msg'...\n"}
[56.807553] (ception_msgs) StdoutLine: {'line': b"Compiling '/home/diablo/diablo_ws/install/ception_msgs/local/lib/python3.10/dist-packages/ception_msgs/msg/__init__.py'...\n"}
[56.808427] (ception_msgs) StdoutLine: {'line': b"Compiling '/home/diablo/diablo_ws/install/ception_msgs/local/lib/python3.10/dist-packages/ception_msgs/msg/_imu_euler.py'...\n"}
[56.853187] (ception_msgs) StdoutLine: {'line': b'-- Installing: /home/diablo/diablo_ws/install/ception_msgs/lib/libception_msgs__rosidl_generator_py.so\n'}
[56.854066] (-) TimerEvent: {}
[56.859669] (ception_msgs) StdoutLine: {'line': b'-- Set runtime path of "/home/diablo/diablo_ws/install/ception_msgs/lib/libception_msgs__rosidl_generator_py.so" to ""\n'}
[56.862166] (ception_msgs) StdoutLine: {'line': b'-- Installing: /home/diablo/diablo_ws/install/ception_msgs/share/ception_msgs/cmake/export_ception_msgs__rosidl_generator_cExport.cmake\n'}
[56.867432] (ception_msgs) StdoutLine: {'line': b'-- Installing: /home/diablo/diablo_ws/install/ception_msgs/share/ception_msgs/cmake/export_ception_msgs__rosidl_generator_cExport-release.cmake\n'}
[56.871984] (ception_msgs) StdoutLine: {'line': b'-- Installing: /home/diablo/diablo_ws/install/ception_msgs/share/ception_msgs/cmake/export_ception_msgs__rosidl_typesupport_fastrtps_cExport.cmake\n'}
[56.876333] (ception_msgs) StdoutLine: {'line': b'-- Installing: /home/diablo/diablo_ws/install/ception_msgs/share/ception_msgs/cmake/export_ception_msgs__rosidl_typesupport_fastrtps_cExport-release.cmake\n'}
[56.880508] (ception_msgs) StdoutLine: {'line': b'-- Installing: /home/diablo/diablo_ws/install/ception_msgs/share/ception_msgs/cmake/ception_msgs__rosidl_typesupport_introspection_cExport.cmake\n'}
[56.884959] (ception_msgs) StdoutLine: {'line': b'-- Installing: /home/diablo/diablo_ws/install/ception_msgs/share/ception_msgs/cmake/ception_msgs__rosidl_typesupport_introspection_cExport-release.cmake\n'}
[56.889455] (ception_msgs) StdoutLine: {'line': b'-- Installing: /home/diablo/diablo_ws/install/ception_msgs/share/ception_msgs/cmake/ception_msgs__rosidl_typesupport_cExport.cmake\n'}
[56.893655] (ception_msgs) StdoutLine: {'line': b'-- Installing: /home/diablo/diablo_ws/install/ception_msgs/share/ception_msgs/cmake/ception_msgs__rosidl_typesupport_cExport-release.cmake\n'}
[56.897722] (ception_msgs) StdoutLine: {'line': b'-- Installing: /home/diablo/diablo_ws/install/ception_msgs/share/ception_msgs/cmake/export_ception_msgs__rosidl_generator_cppExport.cmake\n'}
[56.902211] (ception_msgs) StdoutLine: {'line': b'-- Installing: /home/diablo/diablo_ws/install/ception_msgs/share/ception_msgs/cmake/export_ception_msgs__rosidl_typesupport_fastrtps_cppExport.cmake\n'}
[56.907493] (ception_msgs) StdoutLine: {'line': b'-- Installing: /home/diablo/diablo_ws/install/ception_msgs/share/ception_msgs/cmake/export_ception_msgs__rosidl_typesupport_fastrtps_cppExport-release.cmake\n'}
[56.911843] (ception_msgs) StdoutLine: {'line': b'-- Installing: /home/diablo/diablo_ws/install/ception_msgs/share/ception_msgs/cmake/ception_msgs__rosidl_typesupport_introspection_cppExport.cmake\n'}
[56.916160] (ception_msgs) StdoutLine: {'line': b'-- Installing: /home/diablo/diablo_ws/install/ception_msgs/share/ception_msgs/cmake/ception_msgs__rosidl_typesupport_introspection_cppExport-release.cmake\n'}
[56.920435] (ception_msgs) StdoutLine: {'line': b'-- Installing: /home/diablo/diablo_ws/install/ception_msgs/share/ception_msgs/cmake/ception_msgs__rosidl_typesupport_cppExport.cmake\n'}
[56.924627] (ception_msgs) StdoutLine: {'line': b'-- Installing: /home/diablo/diablo_ws/install/ception_msgs/share/ception_msgs/cmake/ception_msgs__rosidl_typesupport_cppExport-release.cmake\n'}
[56.929232] (ception_msgs) StdoutLine: {'line': b'-- Installing: /home/diablo/diablo_ws/install/ception_msgs/share/ception_msgs/cmake/export_ception_msgs__rosidl_generator_pyExport.cmake\n'}
[56.933718] (ception_msgs) StdoutLine: {'line': b'-- Installing: /home/diablo/diablo_ws/install/ception_msgs/share/ception_msgs/cmake/export_ception_msgs__rosidl_generator_pyExport-release.cmake\n'}
[56.952054] (ception_msgs) CommandEnded: {'returncode': 0}
[56.954252] (-) TimerEvent: {}
[57.057247] (-) TimerEvent: {}
[57.117381] (ception_msgs) JobEnded: {'identifier': 'ception_msgs', 'rc': 0}
[57.157517] (-) TimerEvent: {}
[57.258778] (-) TimerEvent: {}
[57.361561] (-) TimerEvent: {}
[57.462955] (-) TimerEvent: {}
[57.564384] (-) TimerEvent: {}
[57.665840] (-) TimerEvent: {}
[57.766938] (-) TimerEvent: {}
[57.860827] (motion_msgs) StdoutLine: {'line': b'[ 23%] \x1b[32m\x1b[1mLinking CXX shared library libmotion_msgs__rosidl_typesupport_fastrtps_cpp.so\x1b[0m\n'}
[57.867175] (-) TimerEvent: {}
[57.970092] (-) TimerEvent: {}
[58.074209] (-) TimerEvent: {}
[58.175096] (-) TimerEvent: {}
[58.275962] (-) TimerEvent: {}
[58.288426] (motion_msgs) StdoutLine: {'line': b'[ 23%] Built target motion_msgs__rosidl_typesupport_fastrtps_cpp\n'}
[58.340836] (motion_msgs) StdoutLine: {'line': b'[ 25%] \x1b[34m\x1b[1mGenerating C type support for eProsima Fast-RTPS\x1b[0m\n'}
[58.376154] (-) TimerEvent: {}
[58.477125] (-) TimerEvent: {}
[58.578103] (-) TimerEvent: {}
[58.678935] (-) TimerEvent: {}
[58.779821] (-) TimerEvent: {}
[58.880646] (-) TimerEvent: {}
[58.981495] (-) TimerEvent: {}
[59.082352] (-) TimerEvent: {}
[59.278027] (-) TimerEvent: {}
[59.378836] (-) TimerEvent: {}
[59.479776] (-) TimerEvent: {}
[59.580650] (-) TimerEvent: {}
[59.681938] (-) TimerEvent: {}
[59.783025] (-) TimerEvent: {}
[59.884305] (-) TimerEvent: {}
[59.985140] (-) TimerEvent: {}
[60.085958] (-) TimerEvent: {}
[60.186673] (-) TimerEvent: {}
[60.287355] (-) TimerEvent: {}
[60.388051] (-) TimerEvent: {}
[60.488735] (-) TimerEvent: {}
[60.589477] (-) TimerEvent: {}
[60.690401] (-) TimerEvent: {}
[60.791598] (-) TimerEvent: {}
[60.892429] (-) TimerEvent: {}
[60.993358] (-) TimerEvent: {}
[61.095594] (-) TimerEvent: {}
[61.121847] (motion_msgs) StdoutLine: {'line': b'[ 26%] \x1b[32mBuilding CXX object CMakeFiles/motion_msgs__rosidl_typesupport_fastrtps_c.dir/rosidl_typesupport_fastrtps_c/motion_msgs/msg/detail/ctrl_plot__type_support_c.cpp.o\x1b[0m\n'}
[61.196032] (-) TimerEvent: {}
[61.296828] (-) TimerEvent: {}
[61.397629] (-) TimerEvent: {}
[61.498493] (-) TimerEvent: {}
[61.600509] (-) TimerEvent: {}
[61.701529] (-) TimerEvent: {}
[61.802595] (-) TimerEvent: {}
[61.903575] (-) TimerEvent: {}
[62.004727] (-) TimerEvent: {}
[62.105723] (-) TimerEvent: {}
[62.206547] (-) TimerEvent: {}
[62.307441] (-) TimerEvent: {}
[62.408410] (-) TimerEvent: {}
[62.509396] (-) TimerEvent: {}
[62.610448] (-) TimerEvent: {}
[62.711333] (-) TimerEvent: {}
[62.812342] (-) TimerEvent: {}
[62.913408] (-) TimerEvent: {}
[63.015241] (-) TimerEvent: {}
[63.116121] (-) TimerEvent: {}
[63.216920] (-) TimerEvent: {}
[63.317806] (-) TimerEvent: {}
[63.418828] (-) TimerEvent: {}
[63.520190] (-) TimerEvent: {}
[63.534499] (motion_msgs) StdoutLine: {'line': b'[ 28%] \x1b[32mBuilding CXX object CMakeFiles/motion_msgs__rosidl_typesupport_fastrtps_c.dir/rosidl_typesupport_fastrtps_c/motion_msgs/msg/detail/leg_motors__type_support_c.cpp.o\x1b[0m\n'}
[63.620432] (-) TimerEvent: {}
[63.723139] (-) TimerEvent: {}
[63.824972] (-) TimerEvent: {}
[63.925970] (-) TimerEvent: {}
[64.027173] (-) TimerEvent: {}
[64.183785] (-) TimerEvent: {}
[64.349589] (-) TimerEvent: {}
[64.450760] (-) TimerEvent: {}
[64.552651] (-) TimerEvent: {}
[64.654453] (-) TimerEvent: {}
[64.756677] (-) TimerEvent: {}
[64.858788] (-) TimerEvent: {}
[64.960744] (-) TimerEvent: {}
[65.062769] (-) TimerEvent: {}
[65.164922] (-) TimerEvent: {}
[65.266861] (-) TimerEvent: {}
[65.368800] (-) TimerEvent: {}
[65.469934] (-) TimerEvent: {}
[65.571088] (-) TimerEvent: {}
[65.672118] (-) TimerEvent: {}
[65.731992] (motion_msgs) StdoutLine: {'line': b'[ 29%] \x1b[32mBuilding CXX object CMakeFiles/motion_msgs__rosidl_typesupport_fastrtps_c.dir/rosidl_typesupport_fastrtps_c/motion_msgs/msg/detail/motion_ctrl__type_support_c.cpp.o\x1b[0m\n'}
[65.772371] (-) TimerEvent: {}
[65.874864] (-) TimerEvent: {}
[65.975881] (-) TimerEvent: {}
[66.076896] (-) TimerEvent: {}
[66.177773] (-) TimerEvent: {}
[66.278787] (-) TimerEvent: {}
[66.380476] (-) TimerEvent: {}
[66.481405] (-) TimerEvent: {}
[66.582330] (-) TimerEvent: {}
[66.683305] (-) TimerEvent: {}
[66.785304] (-) TimerEvent: {}
[66.886628] (-) TimerEvent: {}
[66.987900] (-) TimerEvent: {}
[67.089006] (-) TimerEvent: {}
[67.189874] (-) TimerEvent: {}
[67.290976] (-) TimerEvent: {}
[67.391914] (-) TimerEvent: {}
[67.492884] (-) TimerEvent: {}
[67.593785] (-) TimerEvent: {}
[67.694580] (-) TimerEvent: {}
[67.795490] (-) TimerEvent: {}
[67.896284] (-) TimerEvent: {}
[67.997122] (-) TimerEvent: {}
[68.098370] (-) TimerEvent: {}
[68.199486] (-) TimerEvent: {}
[68.300602] (-) TimerEvent: {}
[68.401591] (-) TimerEvent: {}
[68.502673] (-) TimerEvent: {}
[68.604032] (-) TimerEvent: {}
[68.705109] (-) TimerEvent: {}
[68.806204] (-) TimerEvent: {}
[68.907316] (-) TimerEvent: {}
[69.008561] (-) TimerEvent: {}
[69.109961] (-) TimerEvent: {}
[69.211277] (-) TimerEvent: {}
[69.312520] (-) TimerEvent: {}
[70.562626] (diablo_test) StdoutLine: {'line': b'[ 75%] \x1b[32m\x1b[1mLinking CXX executable diablo_controller\x1b[0m\n'}
[70.588851] (-) TimerEvent: {}
[70.589576] (motion_msgs) StdoutLine: {'line': b'[ 30%] \x1b[32mBuilding CXX object CMakeFiles/motion_msgs__rosidl_typesupport_fastrtps_c.dir/rosidl_typesupport_fastrtps_c/motion_msgs/msg/detail/robot_status__type_support_c.cpp.o\x1b[0m\n'}
[70.691925] (-) TimerEvent: {}
[70.792750] (-) TimerEvent: {}
[70.893868] (-) TimerEvent: {}
[70.995013] (-) TimerEvent: {}
[71.096127] (-) TimerEvent: {}
[71.197350] (-) TimerEvent: {}
[71.299005] (-) TimerEvent: {}
[71.400275] (-) TimerEvent: {}
[71.502588] (-) TimerEvent: {}
[71.610864] (-) TimerEvent: {}
[71.650540] (diablo_test) StdoutLine: {'line': b'[ 75%] Built target diablo_controller\n'}
[71.658750] (diablo_test) StderrLine: {'line': b'gmake: *** [Makefile:146: all] Error 2\n'}
[71.671477] (diablo_test) CommandEnded: {'returncode': 2}
[71.712326] (diablo_test) JobEnded: {'identifier': 'diablo_test', 'rc': 2}
[71.719045] (-) TimerEvent: {}
[71.820197] (-) TimerEvent: {}
[71.921161] (-) TimerEvent: {}
[72.022365] (-) TimerEvent: {}
[72.123792] (-) TimerEvent: {}
[72.224780] (-) TimerEvent: {}
[72.325608] (-) TimerEvent: {}
[72.426611] (-) TimerEvent: {}
[72.527483] (-) TimerEvent: {}
[72.628545] (-) TimerEvent: {}
[72.729663] (-) TimerEvent: {}
[72.764369] (motion_msgs) StdoutLine: {'line': b'[ 32%] \x1b[32mBuilding CXX object CMakeFiles/motion_msgs__rosidl_typesupport_fastrtps_c.dir/rosidl_typesupport_fastrtps_c/motion_msgs/msg/detail/movement_ctrl_data__type_support_c.cpp.o\x1b[0m\n'}
[72.829876] (-) TimerEvent: {}
[72.930648] (-) TimerEvent: {}
[73.031452] (-) TimerEvent: {}
[73.132380] (-) TimerEvent: {}
[73.233522] (-) TimerEvent: {}
[73.335334] (-) TimerEvent: {}
[73.436960] (-) TimerEvent: {}
[73.538023] (-) TimerEvent: {}
[73.639369] (-) TimerEvent: {}
[73.740413] (-) TimerEvent: {}
[73.842004] (-) TimerEvent: {}
[73.942933] (-) TimerEvent: {}
[74.043971] (-) TimerEvent: {}
[74.144815] (-) TimerEvent: {}
[74.245827] (-) TimerEvent: {}
[74.347291] (-) TimerEvent: {}
[74.448639] (-) TimerEvent: {}
[74.550300] (-) TimerEvent: {}
[74.651231] (-) TimerEvent: {}
[74.752101] (-) TimerEvent: {}
[74.852972] (-) TimerEvent: {}
[74.953921] (-) TimerEvent: {}
[74.964848] (motion_msgs) StdoutLine: {'line': b'[ 33%] \x1b[32mBuilding CXX object CMakeFiles/motion_msgs__rosidl_typesupport_fastrtps_c.dir/rosidl_typesupport_fastrtps_c/motion_msgs/msg/detail/movement_ctrl_mode__type_support_c.cpp.o\x1b[0m\n'}
[75.054102] (-) TimerEvent: {}
[75.154924] (-) TimerEvent: {}
[75.255796] (-) TimerEvent: {}
[75.356523] (-) TimerEvent: {}
[75.457471] (-) TimerEvent: {}
[75.558347] (-) TimerEvent: {}
[75.659220] (-) TimerEvent: {}
[75.760131] (-) TimerEvent: {}
[75.860980] (-) TimerEvent: {}
[75.961914] (-) TimerEvent: {}
[76.062820] (-) TimerEvent: {}
[76.163687] (-) TimerEvent: {}
[76.266348] (-) TimerEvent: {}
[76.368907] (-) TimerEvent: {}
[76.471624] (-) TimerEvent: {}
[76.574759] (-) TimerEvent: {}
[76.677085] (-) TimerEvent: {}
[76.780026] (-) TimerEvent: {}
[76.881234] (motion_msgs) StdoutLine: {'line': b'[ 35%] \x1b[32m\x1b[1mLinking CXX shared library libmotion_msgs__rosidl_typesupport_fastrtps_c.so\x1b[0m\n'}
[76.881991] (-) TimerEvent: {}
[76.982829] (-) TimerEvent: {}
[77.083762] (-) TimerEvent: {}
[77.155869] (motion_msgs) StdoutLine: {'line': b'[ 36%] \x1b[34m\x1b[1mGenerating C introspection for ROS interfaces\x1b[0m\n'}
[77.183969] (-) TimerEvent: {}
[77.284430] (motion_msgs) StdoutLine: {'line': b'[ 36%] Built target motion_msgs__rosidl_typesupport_fastrtps_c\n'}
[77.285394] (-) TimerEvent: {}
[77.336881] (motion_msgs) StdoutLine: {'line': b'[ 38%] \x1b[34m\x1b[1mGenerating C++ type support dispatch for ROS interfaces\x1b[0m\n'}
[77.385645] (-) TimerEvent: {}
[77.488290] (-) TimerEvent: {}
[77.589909] (-) TimerEvent: {}
[77.691596] (-) TimerEvent: {}
[77.792453] (-) TimerEvent: {}
[77.894100] (-) TimerEvent: {}
[77.994989] (-) TimerEvent: {}
[78.096705] (-) TimerEvent: {}
[78.197582] (-) TimerEvent: {}
[78.300534] (-) TimerEvent: {}
[78.402054] (-) TimerEvent: {}
[78.502965] (-) TimerEvent: {}
[78.603836] (-) TimerEvent: {}
[78.704829] (-) TimerEvent: {}
[78.805595] (-) TimerEvent: {}
[78.906738] (-) TimerEvent: {}
[79.009506] (-) TimerEvent: {}
[79.113132] (-) TimerEvent: {}
[79.218017] (-) TimerEvent: {}
[79.323938] (-) TimerEvent: {}
[79.363853] (motion_msgs) StdoutLine: {'line': b'[ 39%] \x1b[32mBuilding CXX object CMakeFiles/motion_msgs__rosidl_typesupport_cpp.dir/rosidl_typesupport_cpp/motion_msgs/msg/ctrl_plot__type_support.cpp.o\x1b[0m\n'}
[79.424183] (-) TimerEvent: {}
[79.526574] (-) TimerEvent: {}
[79.629991] (-) TimerEvent: {}
[79.732432] (-) TimerEvent: {}
[79.791226] (motion_msgs) StdoutLine: {'line': b'[ 40%] \x1b[32mBuilding C object CMakeFiles/motion_msgs__rosidl_typesupport_introspection_c.dir/rosidl_typesupport_introspection_c/motion_msgs/msg/detail/ctrl_plot__type_support.c.o\x1b[0m\n'}
[79.832676] (-) TimerEvent: {}
[79.936841] (-) TimerEvent: {}
[80.034732] (motion_msgs) StdoutLine: {'line': b'[ 42%] \x1b[32mBuilding C object CMakeFiles/motion_msgs__rosidl_typesupport_introspection_c.dir/rosidl_typesupport_introspection_c/motion_msgs/msg/detail/leg_motors__type_support.c.o\x1b[0m\n'}
[80.036999] (-) TimerEvent: {}
[80.139376] (-) TimerEvent: {}
[80.241873] (-) TimerEvent: {}
[80.282338] (motion_msgs) StdoutLine: {'line': b'[ 43%] \x1b[32mBuilding C object CMakeFiles/motion_msgs__rosidl_typesupport_introspection_c.dir/rosidl_typesupport_introspection_c/motion_msgs/msg/detail/motion_ctrl__type_support.c.o\x1b[0m\n'}
[80.342080] (-) TimerEvent: {}
[80.444737] (-) TimerEvent: {}
[80.516140] (motion_msgs) StdoutLine: {'line': b'[ 45%] \x1b[32mBuilding C object CMakeFiles/motion_msgs__rosidl_typesupport_introspection_c.dir/rosidl_typesupport_introspection_c/motion_msgs/msg/detail/robot_status__type_support.c.o\x1b[0m\n'}
[80.544973] (-) TimerEvent: {}
[80.650101] (-) TimerEvent: {}
[80.752441] (-) TimerEvent: {}
[80.757325] (motion_msgs) StdoutLine: {'line': b'[ 46%] \x1b[32mBuilding C object CMakeFiles/motion_msgs__rosidl_typesupport_introspection_c.dir/rosidl_typesupport_introspection_c/motion_msgs/msg/detail/movement_ctrl_data__type_support.c.o\x1b[0m\n'}
[80.852665] (-) TimerEvent: {}
[80.954517] (-) TimerEvent: {}
[80.987977] (motion_msgs) StdoutLine: {'line': b'[ 47%] \x1b[32mBuilding C object CMakeFiles/motion_msgs__rosidl_typesupport_introspection_c.dir/rosidl_typesupport_introspection_c/motion_msgs/msg/detail/movement_ctrl_mode__type_support.c.o\x1b[0m\n'}
[81.054659] (-) TimerEvent: {}
[81.126543] (motion_msgs) StdoutLine: {'line': b'[ 49%] \x1b[32mBuilding CXX object CMakeFiles/motion_msgs__rosidl_typesupport_cpp.dir/rosidl_typesupport_cpp/motion_msgs/msg/leg_motors__type_support.cpp.o\x1b[0m\n'}
[81.155203] (-) TimerEvent: {}
[81.206035] (motion_msgs) StdoutLine: {'line': b'[ 50%] \x1b[32m\x1b[1mLinking C shared library libmotion_msgs__rosidl_typesupport_introspection_c.so\x1b[0m\n'}
[81.255353] (-) TimerEvent: {}
[81.357585] (-) TimerEvent: {}
[81.377784] (motion_msgs) StdoutLine: {'line': b'[ 50%] Built target motion_msgs__rosidl_typesupport_introspection_c\n'}
[81.416939] (motion_msgs) StdoutLine: {'line': b'[ 52%] \x1b[32mBuilding CXX object CMakeFiles/motion_msgs__rosidl_typesupport_cpp.dir/rosidl_typesupport_cpp/motion_msgs/msg/motion_ctrl__type_support.cpp.o\x1b[0m\n'}
[81.432284] (motion_msgs) StdoutLine: {'line': b'[ 53%] \x1b[34m\x1b[1mGenerating C type support dispatch for ROS interfaces\x1b[0m\n'}
[81.457841] (-) TimerEvent: {}
[81.562639] (-) TimerEvent: {}
[81.666253] (-) TimerEvent: {}
[81.768774] (-) TimerEvent: {}
[81.871017] (-) TimerEvent: {}
[81.973344] (-) TimerEvent: {}
[82.074881] (-) TimerEvent: {}
[82.176398] (-) TimerEvent: {}
[82.278168] (-) TimerEvent: {}
[82.379898] (-) TimerEvent: {}
[82.480938] (-) TimerEvent: {}
[82.583063] (-) TimerEvent: {}
[82.684760] (-) TimerEvent: {}
[82.787069] (-) TimerEvent: {}
[82.889343] (-) TimerEvent: {}
[82.991761] (-) TimerEvent: {}
[83.093471] (-) TimerEvent: {}
[83.195100] (-) TimerEvent: {}
[83.196387] (motion_msgs) StdoutLine: {'line': b'[ 54%] \x1b[32mBuilding CXX object CMakeFiles/motion_msgs__rosidl_typesupport_cpp.dir/rosidl_typesupport_cpp/motion_msgs/msg/robot_status__type_support.cpp.o\x1b[0m\n'}
[83.295395] (-) TimerEvent: {}
[83.396721] (-) TimerEvent: {}
[83.484819] (motion_msgs) StdoutLine: {'line': b'[ 56%] \x1b[32mBuilding CXX object CMakeFiles/motion_msgs__rosidl_typesupport_cpp.dir/rosidl_typesupport_cpp/motion_msgs/msg/movement_ctrl_data__type_support.cpp.o\x1b[0m\n'}
[83.496999] (-) TimerEvent: {}
[83.599882] (-) TimerEvent: {}
[83.703050] (-) TimerEvent: {}
[83.805393] (-) TimerEvent: {}
[83.814427] (motion_msgs) StdoutLine: {'line': b'[ 57%] \x1b[32mBuilding CXX object CMakeFiles/motion_msgs__rosidl_typesupport_c.dir/rosidl_typesupport_c/motion_msgs/msg/ctrl_plot__type_support.cpp.o\x1b[0m\n'}
[83.905695] (-) TimerEvent: {}
[84.008077] (-) TimerEvent: {}
[84.014771] (motion_msgs) StdoutLine: {'line': b'[ 59%] \x1b[32mBuilding CXX object CMakeFiles/motion_msgs__rosidl_typesupport_c.dir/rosidl_typesupport_c/motion_msgs/msg/leg_motors__type_support.cpp.o\x1b[0m\n'}
[84.109783] (-) TimerEvent: {}
[84.211845] (-) TimerEvent: {}
[84.254252] (motion_msgs) StdoutLine: {'line': b'[ 60%] \x1b[32mBuilding CXX object CMakeFiles/motion_msgs__rosidl_typesupport_c.dir/rosidl_typesupport_c/motion_msgs/msg/motion_ctrl__type_support.cpp.o\x1b[0m\n'}
[84.312046] (-) TimerEvent: {}
[84.415045] (-) TimerEvent: {}
[84.478861] (motion_msgs) StdoutLine: {'line': b'[ 61%] \x1b[32mBuilding CXX object CMakeFiles/motion_msgs__rosidl_typesupport_c.dir/rosidl_typesupport_c/motion_msgs/msg/robot_status__type_support.cpp.o\x1b[0m\n'}
[84.516049] (-) TimerEvent: {}
[84.617178] (-) TimerEvent: {}
[84.686486] (motion_msgs) StdoutLine: {'line': b'[ 63%] \x1b[32mBuilding CXX object CMakeFiles/motion_msgs__rosidl_typesupport_c.dir/rosidl_typesupport_c/motion_msgs/msg/movement_ctrl_data__type_support.cpp.o\x1b[0m\n'}
[84.717529] (-) TimerEvent: {}
[84.822384] (-) TimerEvent: {}
[84.891556] (motion_msgs) StdoutLine: {'line': b'[ 64%] \x1b[32mBuilding CXX object CMakeFiles/motion_msgs__rosidl_typesupport_c.dir/rosidl_typesupport_c/motion_msgs/msg/movement_ctrl_mode__type_support.cpp.o\x1b[0m\n'}
[84.922632] (-) TimerEvent: {}
[85.024351] (-) TimerEvent: {}
[85.097504] (motion_msgs) StdoutLine: {'line': b'[ 66%] \x1b[32m\x1b[1mLinking CXX shared library libmotion_msgs__rosidl_typesupport_c.so\x1b[0m\n'}
[85.124587] (-) TimerEvent: {}
[85.225678] (-) TimerEvent: {}
[85.280569] (motion_msgs) StdoutLine: {'line': b'[ 67%] \x1b[32mBuilding CXX object CMakeFiles/motion_msgs__rosidl_typesupport_cpp.dir/rosidl_typesupport_cpp/motion_msgs/msg/movement_ctrl_mode__type_support.cpp.o\x1b[0m\n'}
[85.325894] (-) TimerEvent: {}
[85.335582] (motion_msgs) StdoutLine: {'line': b'[ 67%] Built target motion_msgs__rosidl_typesupport_c\n'}
[85.392011] (motion_msgs) StdoutLine: {'line': b'[ 69%] \x1b[34m\x1b[1mGenerating C++ introspection for ROS interfaces\x1b[0m\n'}
[85.426233] (-) TimerEvent: {}
[85.527292] (-) TimerEvent: {}
[85.629708] (-) TimerEvent: {}
[85.732363] (-) TimerEvent: {}
[85.833270] (-) TimerEvent: {}
[85.934919] (-) TimerEvent: {}
[86.038424] (-) TimerEvent: {}
[86.142992] (-) TimerEvent: {}
[86.244831] (-) TimerEvent: {}
[86.348524] (-) TimerEvent: {}
[86.450325] (-) TimerEvent: {}
[86.551180] (-) TimerEvent: {}
[86.652210] (-) TimerEvent: {}
[86.753120] (-) TimerEvent: {}
[86.854579] (-) TimerEvent: {}
[86.955389] (-) TimerEvent: {}
[87.038695] (motion_msgs) StdoutLine: {'line': b'[ 70%] \x1b[32m\x1b[1mLinking CXX shared library libmotion_msgs__rosidl_typesupport_cpp.so\x1b[0m\n'}
[87.055631] (-) TimerEvent: {}
[87.158394] (-) TimerEvent: {}
[87.229864] (motion_msgs) StdoutLine: {'line': b'[ 70%] Built target motion_msgs__rosidl_typesupport_cpp\n'}
[87.258596] (-) TimerEvent: {}
[87.359365] (-) TimerEvent: {}
[87.460449] (-) TimerEvent: {}
[87.561574] (-) TimerEvent: {}
[87.663343] (-) TimerEvent: {}
[87.742613] (motion_msgs) StdoutLine: {'line': b'[ 71%] \x1b[32mBuilding CXX object CMakeFiles/motion_msgs__rosidl_typesupport_introspection_cpp.dir/rosidl_typesupport_introspection_cpp/motion_msgs/msg/detail/ctrl_plot__type_support.cpp.o\x1b[0m\n'}
[87.745338] (motion_msgs) StdoutLine: {'line': b'[ 73%] \x1b[32mBuilding CXX object CMakeFiles/motion_msgs__rosidl_typesupport_introspection_cpp.dir/rosidl_typesupport_introspection_cpp/motion_msgs/msg/detail/leg_motors__type_support.cpp.o\x1b[0m\n'}
[87.763645] (-) TimerEvent: {}
[87.868149] (-) TimerEvent: {}
[87.970964] (-) TimerEvent: {}
[88.071863] (-) TimerEvent: {}
[88.173816] (-) TimerEvent: {}
[88.274739] (-) TimerEvent: {}
[88.376330] (-) TimerEvent: {}
[88.477170] (-) TimerEvent: {}
[88.578755] (-) TimerEvent: {}
[88.679813] (-) TimerEvent: {}
[88.799923] (-) TimerEvent: {}
[88.801652] (motion_msgs) StdoutLine: {'line': b'[ 74%] \x1b[32mBuilding CXX object CMakeFiles/motion_msgs__rosidl_typesupport_introspection_cpp.dir/rosidl_typesupport_introspection_cpp/motion_msgs/msg/detail/robot_status__type_support.cpp.o\x1b[0m\n'}
[88.900181] (-) TimerEvent: {}
[89.002113] (-) TimerEvent: {}
[89.104040] (-) TimerEvent: {}
[89.205329] (-) TimerEvent: {}
[89.306878] (-) TimerEvent: {}
[89.407848] (-) TimerEvent: {}
[89.508856] (-) TimerEvent: {}
[89.609901] (-) TimerEvent: {}
[89.719913] (-) TimerEvent: {}
[89.822006] (-) TimerEvent: {}
[89.892046] (motion_msgs) StdoutLine: {'line': b'[ 76%] \x1b[32mBuilding CXX object CMakeFiles/motion_msgs__rosidl_typesupport_introspection_cpp.dir/rosidl_typesupport_introspection_cpp/motion_msgs/msg/detail/motion_ctrl__type_support.cpp.o\x1b[0m\n'}
[89.922274] (-) TimerEvent: {}
[90.025410] (-) TimerEvent: {}
[90.127419] (-) TimerEvent: {}
[90.230377] (-) TimerEvent: {}
[90.333861] (-) TimerEvent: {}
[90.435635] (-) TimerEvent: {}
[90.530930] (motion_msgs) StdoutLine: {'line': b'[ 77%] \x1b[32mBuilding CXX object CMakeFiles/motion_msgs__rosidl_typesupport_introspection_cpp.dir/rosidl_typesupport_introspection_cpp/motion_msgs/msg/detail/movement_ctrl_data__type_support.cpp.o\x1b[0m\n'}
[90.535929] (-) TimerEvent: {}
[90.638969] (-) TimerEvent: {}
[90.687523] (motion_msgs) StdoutLine: {'line': b'[ 78%] \x1b[32mBuilding CXX object CMakeFiles/motion_msgs__rosidl_typesupport_introspection_cpp.dir/rosidl_typesupport_introspection_cpp/motion_msgs/msg/detail/movement_ctrl_mode__type_support.cpp.o\x1b[0m\n'}
[90.739269] (-) TimerEvent: {}
[90.841627] (-) TimerEvent: {}
[90.943519] (-) TimerEvent: {}
[91.045159] (-) TimerEvent: {}
[91.148090] (-) TimerEvent: {}
[91.251479] (-) TimerEvent: {}
[91.355426] (-) TimerEvent: {}
[91.457134] (-) TimerEvent: {}
[91.559986] (-) TimerEvent: {}
[91.662142] (-) TimerEvent: {}
[91.763985] (-) TimerEvent: {}
[91.867203] (-) TimerEvent: {}
[91.969990] (-) TimerEvent: {}
[92.071993] (-) TimerEvent: {}
[92.174772] (-) TimerEvent: {}
[92.276951] (-) TimerEvent: {}
[92.380294] (-) TimerEvent: {}
[92.495971] (-) TimerEvent: {}
[92.603945] (-) TimerEvent: {}
[92.711952] (-) TimerEvent: {}
[92.819961] (-) TimerEvent: {}
[92.923993] (-) TimerEvent: {}
[93.031932] (-) TimerEvent: {}
[93.139935] (-) TimerEvent: {}
[93.252044] (-) TimerEvent: {}
[93.354770] (-) TimerEvent: {}
[93.457158] (-) TimerEvent: {}
[93.558851] (-) TimerEvent: {}
[93.660558] (-) TimerEvent: {}
[93.761640] (-) TimerEvent: {}
[93.863059] (-) TimerEvent: {}
[93.870236] (motion_msgs) StdoutLine: {'line': b'[ 80%] \x1b[32m\x1b[1mLinking CXX shared library libmotion_msgs__rosidl_typesupport_introspection_cpp.so\x1b[0m\n'}
[93.963284] (-) TimerEvent: {}
[94.064256] (-) TimerEvent: {}
[94.165247] (-) TimerEvent: {}
[94.183122] (motion_msgs) StdoutLine: {'line': b'[ 80%] Built target motion_msgs__rosidl_typesupport_introspection_cpp\n'}
[94.263042] (motion_msgs) StdoutLine: {'line': b'[ 80%] Built target motion_msgs\n'}
[94.265474] (-) TimerEvent: {}
[94.345135] (motion_msgs) StdoutLine: {'line': b'[ 81%] \x1b[34m\x1b[1mGenerating Python code for ROS interfaces\x1b[0m\n'}
[94.365689] (-) TimerEvent: {}
[94.466422] (-) TimerEvent: {}
[94.567109] (-) TimerEvent: {}
[94.667854] (-) TimerEvent: {}
[94.768779] (-) TimerEvent: {}
[94.869600] (-) TimerEvent: {}
[94.970361] (-) TimerEvent: {}
[95.071167] (-) TimerEvent: {}
[95.171984] (-) TimerEvent: {}
[95.272865] (-) TimerEvent: {}
[95.373615] (-) TimerEvent: {}
[95.474393] (-) TimerEvent: {}
[95.575164] (-) TimerEvent: {}
[95.676022] (-) TimerEvent: {}
[95.777016] (-) TimerEvent: {}
[95.878562] (-) TimerEvent: {}
[95.979382] (-) TimerEvent: {}
[96.080496] (-) TimerEvent: {}
[96.182174] (-) TimerEvent: {}
[96.282901] (-) TimerEvent: {}
[96.384132] (-) TimerEvent: {}
[96.485371] (-) TimerEvent: {}
[96.586529] (-) TimerEvent: {}
[96.687782] (-) TimerEvent: {}
[96.788497] (-) TimerEvent: {}
[96.889660] (-) TimerEvent: {}
[96.990409] (-) TimerEvent: {}
[97.091063] (-) TimerEvent: {}
[97.191696] (-) TimerEvent: {}
[97.292380] (-) TimerEvent: {}
[97.393087] (-) TimerEvent: {}
[97.493847] (-) TimerEvent: {}
[97.594846] (-) TimerEvent: {}
[97.695624] (-) TimerEvent: {}
[97.796466] (-) TimerEvent: {}
[97.897462] (-) TimerEvent: {}
[97.998818] (-) TimerEvent: {}
[98.099679] (-) TimerEvent: {}
[98.200878] (-) TimerEvent: {}
[98.304294] (-) TimerEvent: {}
[98.409786] (-) TimerEvent: {}
[98.510645] (-) TimerEvent: {}
[98.538087] (motion_msgs) StdoutLine: {'line': b'[ 81%] Built target motion_msgs__py\n'}
[98.611003] (-) TimerEvent: {}
[98.621479] (motion_msgs) StdoutLine: {'line': b'[ 83%] \x1b[32mBuilding C object CMakeFiles/motion_msgs__rosidl_generator_py.dir/rosidl_generator_py/motion_msgs/msg/_ctrl_plot_s.c.o\x1b[0m\n'}
[98.623463] (motion_msgs) StdoutLine: {'line': b'[ 84%] \x1b[32mBuilding C object CMakeFiles/motion_msgs__rosidl_generator_py.dir/rosidl_generator_py/motion_msgs/msg/_leg_motors_s.c.o\x1b[0m\n'}
[98.711241] (-) TimerEvent: {}
[98.813895] (-) TimerEvent: {}
[98.916473] (-) TimerEvent: {}
[99.017403] (-) TimerEvent: {}
[99.120061] (-) TimerEvent: {}
[99.221037] (-) TimerEvent: {}
[99.252498] (motion_msgs) StdoutLine: {'line': b'[ 85%] \x1b[32mBuilding C object CMakeFiles/motion_msgs__rosidl_generator_py.dir/rosidl_generator_py/motion_msgs/msg/_robot_status_s.c.o\x1b[0m\n'}
[99.321302] (-) TimerEvent: {}
[99.423067] (-) TimerEvent: {}
[99.524186] (-) TimerEvent: {}
[99.574266] (motion_msgs) StdoutLine: {'line': b'[ 87%] \x1b[32mBuilding C object CMakeFiles/motion_msgs__rosidl_generator_py.dir/rosidl_generator_py/motion_msgs/msg/_movement_ctrl_data_s.c.o\x1b[0m\n'}
[99.624785] (-) TimerEvent: {}
[99.728011] (-) TimerEvent: {}
[99.829034] (-) TimerEvent: {}
[99.921270] (motion_msgs) StdoutLine: {'line': b'[ 88%] \x1b[32mBuilding C object CMakeFiles/motion_msgs__rosidl_generator_py.dir/rosidl_generator_py/motion_msgs/msg/_movement_ctrl_mode_s.c.o\x1b[0m\n'}
[99.929402] (-) TimerEvent: {}
[100.032609] (-) TimerEvent: {}
[100.135594] (-) TimerEvent: {}
[100.238524] (-) TimerEvent: {}
[100.253974] (motion_msgs) StdoutLine: {'line': b'[ 90%] \x1b[32mBuilding C object CMakeFiles/motion_msgs__rosidl_generator_py.dir/rosidl_generator_py/motion_msgs/msg/_motion_ctrl_s.c.o\x1b[0m\n'}
[100.338761] (-) TimerEvent: {}
[100.439759] (-) TimerEvent: {}
[100.540856] (-) TimerEvent: {}
[100.641948] (-) TimerEvent: {}
[100.742963] (-) TimerEvent: {}
[100.843953] (-) TimerEvent: {}
[100.874027] (motion_msgs) StdoutLine: {'line': b'[ 91%] \x1b[32m\x1b[1mLinking C shared library rosidl_generator_py/motion_msgs/libmotion_msgs__rosidl_generator_py.so\x1b[0m\n'}
[100.944214] (-) TimerEvent: {}
[101.045241] (-) TimerEvent: {}
[101.085578] (motion_msgs) StdoutLine: {'line': b'[ 91%] Built target motion_msgs__rosidl_generator_py\n'}
[101.145433] (-) TimerEvent: {}
[101.174092] (motion_msgs) StdoutLine: {'line': b'[ 94%] \x1b[32mBuilding C object CMakeFiles/motion_msgs__rosidl_typesupport_fastrtps_c__pyext.dir/rosidl_generator_py/motion_msgs/_motion_msgs_s.ep.rosidl_typesupport_fastrtps_c.c.o\x1b[0m\n'}
[101.175094] (motion_msgs) StdoutLine: {'line': b'[ 94%] \x1b[32mBuilding C object CMakeFiles/motion_msgs__rosidl_typesupport_introspection_c__pyext.dir/rosidl_generator_py/motion_msgs/_motion_msgs_s.ep.rosidl_typesupport_introspection_c.c.o\x1b[0m\n'}
[101.245648] (-) TimerEvent: {}
[101.346350] (-) TimerEvent: {}
[101.447348] (-) TimerEvent: {}
[101.549641] (-) TimerEvent: {}
[101.651070] (-) TimerEvent: {}
[101.751925] (-) TimerEvent: {}
[101.852850] (-) TimerEvent: {}
[101.954118] (-) TimerEvent: {}
[102.055067] (-) TimerEvent: {}
[102.156263] (-) TimerEvent: {}
[102.257349] (-) TimerEvent: {}
[102.358480] (-) TimerEvent: {}
[102.459444] (-) TimerEvent: {}
[102.560579] (-) TimerEvent: {}
[102.661876] (-) TimerEvent: {}
[102.762900] (-) TimerEvent: {}
[102.863900] (-) TimerEvent: {}
[103.254129] (motion_msgs) StdoutLine: {'line': b'[ 97%] \x1b[32m\x1b[1mLinking C shared library rosidl_generator_py/motion_msgs/motion_msgs_s__rosidl_typesupport_introspection_c.cpython-310-aarch64-linux-gnu.so\x1b[0m\n'}
[103.255245] (-) TimerEvent: {}
[103.256367] (motion_msgs) StdoutLine: {'line': b'[ 97%] \x1b[32m\x1b[1mLinking C shared library rosidl_generator_py/motion_msgs/motion_msgs_s__rosidl_typesupport_fastrtps_c.cpython-310-aarch64-linux-gnu.so\x1b[0m\n'}
[103.355574] (-) TimerEvent: {}
[103.456662] (-) TimerEvent: {}
[103.498766] (motion_msgs) StdoutLine: {'line': b'[ 97%] Built target motion_msgs__rosidl_typesupport_fastrtps_c__pyext\n'}
[103.499759] (motion_msgs) StdoutLine: {'line': b'[ 97%] Built target motion_msgs__rosidl_typesupport_introspection_c__pyext\n'}
[103.556871] (-) TimerEvent: {}
[103.583679] (motion_msgs) StdoutLine: {'line': b'[ 98%] \x1b[32mBuilding C object CMakeFiles/motion_msgs__rosidl_typesupport_c__pyext.dir/rosidl_generator_py/motion_msgs/_motion_msgs_s.ep.rosidl_typesupport_c.c.o\x1b[0m\n'}
[103.657067] (-) TimerEvent: {}
[103.758764] (-) TimerEvent: {}
[103.860313] (-) TimerEvent: {}
[103.961064] (-) TimerEvent: {}
[104.061889] (-) TimerEvent: {}
[104.162658] (-) TimerEvent: {}
[104.263441] (-) TimerEvent: {}
[104.364290] (-) TimerEvent: {}
[104.465131] (-) TimerEvent: {}
[104.566270] (-) TimerEvent: {}
[104.667406] (-) TimerEvent: {}
[104.768537] (-) TimerEvent: {}
[104.869616] (-) TimerEvent: {}
[104.968820] (motion_msgs) StdoutLine: {'line': b'[100%] \x1b[32m\x1b[1mLinking C shared library rosidl_generator_py/motion_msgs/motion_msgs_s__rosidl_typesupport_c.cpython-310-aarch64-linux-gnu.so\x1b[0m\n'}
[104.969781] (-) TimerEvent: {}
[105.071009] (-) TimerEvent: {}
[105.154990] (motion_msgs) StdoutLine: {'line': b'[100%] Built target motion_msgs__rosidl_typesupport_c__pyext\n'}
[105.171211] (-) TimerEvent: {}
[105.202319] (motion_msgs) JobEnded: {'identifier': 'motion_msgs', 'rc': 'SIGINT'}
[105.214411] (diablo_rviz2_control_plugin) JobSkipped: {'identifier': 'diablo_rviz2_control_plugin'}
[105.214731] (diablo_teleop) JobSkipped: {'identifier': 'diablo_teleop'}
[105.214915] (diablo_utils) JobSkipped: {'identifier': 'diablo_utils'}
[105.215098] (diablo_body) JobSkipped: {'identifier': 'diablo_body'}
[105.215254] (diablo_ctrl) JobSkipped: {'identifier': 'diablo_ctrl'}
[105.215333] (diablo_simpose_trans) JobSkipped: {'identifier': 'diablo_simpose_trans'}
[105.215403] (-) EventReactorShutdown: {}
