[0.000000] (-) TimerEvent: {}
[0.001790] (-) JobUnselected: {'identifier': 'diablo_rviz2_control_plugin'}
[0.002324] (-) JobUnselected: {'identifier': 'diablo_simpose_trans'}
[0.002514] (-) JobUnselected: {'identifier': 'diablo_simulation'}
[0.002792] (-) JobUnselected: {'identifier': 'diablo_teleop'}
[0.002944] (-) JobUnselected: {'identifier': 'diablo_test'}
[0.003027] (-) JobUnselected: {'identifier': 'diablo_utils'}
[0.003113] (ception_msgs) JobQueued: {'identifier': 'ception_msgs', 'dependencies': OrderedDict()}
[0.003218] (motion_msgs) JobQueued: {'identifier': 'motion_msgs', 'dependencies': OrderedDict()}
[0.003295] (diablo_body) JobQueued: {'identifier': 'diablo_body', 'dependencies': OrderedDict([('ception_msgs', '/home/diablo/diablo_ws/install/ception_msgs'), ('motion_msgs', '/home/diablo/diablo_ws/install/motion_msgs'), ('diablo_utils', '/home/diablo/diablo_ws/install/diablo_utils')])}
[0.003430] (diablo_ctrl) JobQueued: {'identifier': 'diablo_ctrl', 'dependencies': OrderedDict([('ception_msgs', '/home/diablo/diablo_ws/install/ception_msgs'), ('motion_msgs', '/home/diablo/diablo_ws/install/motion_msgs'), ('diablo_utils', '/home/diablo/diablo_ws/install/diablo_utils'), ('diablo_body', '/home/diablo/diablo_ws/install/diablo_body')])}
[0.003523] (ception_msgs) JobStarted: {'identifier': 'ception_msgs'}
[0.040788] (motion_msgs) JobStarted: {'identifier': 'motion_msgs'}
[0.062131] (ception_msgs) JobProgress: {'identifier': 'ception_msgs', 'progress': 'cmake'}
[0.076573] (ception_msgs) Command: {'cmd': ['/usr/bin/cmake', '/home/diablo/diablo_ws/src/diablo_ros2/diablo_interfaces/ception_msgs', '-DAMENT_CMAKE_SYMLINK_INSTALL=1', '-DCMAKE_INSTALL_PREFIX=/home/diablo/diablo_ws/install/ception_msgs'], 'cwd': '/home/diablo/diablo_ws/build/ception_msgs', 'env': OrderedDict([('LESSOPEN', '| /usr/bin/lesspipe %s'), ('USER', 'diablo'), ('SSH_CLIENT', 'fc94:895d:2729:ce2e:5d7:5613:5e0f:cf5a 39252 22'), ('LC_TIME', 'C.UTF-8'), ('XDG_SESSION_TYPE', 'tty'), ('GIT_ASKPASS', '/home/diablo/.vscode-server/cli/servers/Stable-bf9252a2fb45be6893dd8870c0bf37e2e1766d61/server/extensions/git/dist/askpass.sh'), ('SHLVL', '2'), ('LD_LIBRARY_PATH', '/opt/ros/humble/lib/aarch64-linux-gnu:/opt/ros/humble/lib'), ('BROWSER', '/home/diablo/.vscode-server/cli/servers/Stable-bf9252a2fb45be6893dd8870c0bf37e2e1766d61/server/bin/helpers/browser.sh'), ('MOTD_SHOWN', 'pam'), ('HOME', '/home/diablo'), ('OLDPWD', '/home/diablo'), ('TERM_PROGRAM_VERSION', '1.106.3'), ('VSCODE_IPC_HOOK_CLI', '/run/user/1000/vscode-ipc-12dde7dd-235c-4c8d-8ec8-12920eff8c77.sock'), ('ROS_PYTHON_VERSION', '3'), ('VSCODE_GIT_ASKPASS_MAIN', '/home/diablo/.vscode-server/cli/servers/Stable-bf9252a2fb45be6893dd8870c0bf37e2e1766d61/server/extensions/git/dist/askpass-main.js'), ('LC_MONETARY', 'C.UTF-8'), ('VSCODE_GIT_ASKPASS_NODE', '/home/diablo/.vscode-server/cli/servers/Stable-bf9252a2fb45be6893dd8870c0bf37e2e1766d61/server/node'), ('SSL_CERT_FILE', '/usr/lib/ssl/certs/ca-certificates.crt'), ('VSCODE_PYTHON_AUTOACTIVATE_GUARD', '1'), ('DBUS_SESSION_BUS_ADDRESS', 'unix:path=/run/user/1000/bus'), ('COLORTERM', 'truecolor'), ('ROS_DISTRO', 'humble'), ('LOGNAME', 'diablo'), ('_', '/usr/bin/colcon'), ('ROS_VERSION', '2'), ('XDG_SESSION_CLASS', 'user'), ('TERM', 'xterm-256color'), ('XDG_SESSION_ID', '3'), ('ROS_LOCALHOST_ONLY', '0'), ('PATH', '/home/diablo/.vscode-server/data/User/globalStorage/github.copilot-chat/debugCommand:/home/diablo/.vscode-server/data/User/globalStorage/github.copilot-chat/copilotCli:/home/diablo/.vscode-server/cli/servers/Stable-bf9252a2fb45be6893dd8870c0bf37e2e1766d61/server/bin/remote-cli:/opt/ros/humble/bin:/usr/local/sbin:/usr/local/bin:/usr/sbin:/usr/bin:/sbin:/bin:/usr/games:/usr/local/games:/snap/bin'), ('LC_ADDRESS', 'C.UTF-8'), ('XDG_RUNTIME_DIR', '/run/user/1000'), ('SSL_CERT_DIR', '/usr/lib/ssl/certs'), ('LANG', 'C.UTF-8'), ('LC_TELEPHONE', 'C.UTF-8'), ('LS_COLORS', 'rs=0:di=01;34:ln=01;36:mh=00:pi=40;33:so=01;35:do=01;35:bd=40;33;01:cd=40;33;01:or=40;31;01:mi=00:su=37;41:sg=30;43:ca=30;41:tw=30;42:ow=34;42:st=37;44:ex=01;32:*.tar=01;31:*.tgz=01;31:*.arc=01;31:*.arj=01;31:*.taz=01;31:*.lha=01;31:*.lz4=01;31:*.lzh=01;31:*.lzma=01;31:*.tlz=01;31:*.txz=01;31:*.tzo=01;31:*.t7z=01;31:*.zip=01;31:*.z=01;31:*.dz=01;31:*.gz=01;31:*.lrz=01;31:*.lz=01;31:*.lzo=01;31:*.xz=01;31:*.zst=01;31:*.tzst=01;31:*.bz2=01;31:*.bz=01;31:*.tbz=01;31:*.tbz2=01;31:*.tz=01;31:*.deb=01;31:*.rpm=01;31:*.jar=01;31:*.war=01;31:*.ear=01;31:*.sar=01;31:*.rar=01;31:*.alz=01;31:*.ace=01;31:*.zoo=01;31:*.cpio=01;31:*.7z=01;31:*.rz=01;31:*.cab=01;31:*.wim=01;31:*.swm=01;31:*.dwm=01;31:*.esd=01;31:*.jpg=01;35:*.jpeg=01;35:*.mjpg=01;35:*.mjpeg=01;35:*.gif=01;35:*.bmp=01;35:*.pbm=01;35:*.pgm=01;35:*.ppm=01;35:*.tga=01;35:*.xbm=01;35:*.xpm=01;35:*.tif=01;35:*.tiff=01;35:*.png=01;35:*.svg=01;35:*.svgz=01;35:*.mng=01;35:*.pcx=01;35:*.mov=01;35:*.mpg=01;35:*.mpeg=01;35:*.m2v=01;35:*.mkv=01;35:*.webm=01;35:*.webp=01;35:*.ogm=01;35:*.mp4=01;35:*.m4v=01;35:*.mp4v=01;35:*.vob=01;35:*.qt=01;35:*.nuv=01;35:*.wmv=01;35:*.asf=01;35:*.rm=01;35:*.rmvb=01;35:*.flc=01;35:*.avi=01;35:*.fli=01;35:*.flv=01;35:*.gl=01;35:*.dl=01;35:*.xcf=01;35:*.xwd=01;35:*.yuv=01;35:*.cgm=01;35:*.emf=01;35:*.ogv=01;35:*.ogx=01;35:*.aac=00;36:*.au=00;36:*.flac=00;36:*.m4a=00;36:*.mid=00;36:*.midi=00;36:*.mka=00;36:*.mp3=00;36:*.mpc=00;36:*.ogg=00;36:*.ra=00;36:*.wav=00;36:*.oga=00;36:*.opus=00;36:*.spx=00;36:*.xspf=00;36:'), ('VSCODE_GIT_IPC_HANDLE', '/run/user/1000/vscode-git-c6434a1e83.sock'), ('TERM_PROGRAM', 'vscode'), ('AMENT_PREFIX_PATH', '/opt/ros/humble'), ('SHELL', '/bin/bash'), ('LC_NAME', 'C.UTF-8'), ('LESSCLOSE', '/usr/bin/lesspipe %s %s'), ('LC_MEASUREMENT', 'C.UTF-8'), ('LC_IDENTIFICATION', 'C.UTF-8'), ('VSCODE_GIT_ASKPASS_EXTRA_ARGS', ''), ('PWD', '/home/diablo/diablo_ws/build/ception_msgs'), ('SSH_CONNECTION', 'fc94:895d:2729:ce2e:5d7:5613:5e0f:cf5a 39252 fc94:64f0:8f29:7d71:97ae:cae5:211:47b1 22'), ('XDG_DATA_DIRS', '/usr/local/share:/usr/share:/var/lib/snapd/desktop'), ('PYTHONPATH', '/opt/ros/humble/lib/python3.10/site-packages:/opt/ros/humble/local/lib/python3.10/dist-packages'), ('LC_NUMERIC', 'C.UTF-8'), ('LC_PAPER', 'C.UTF-8'), ('COLCON', '1'), ('CMAKE_PREFIX_PATH', '/opt/ros/humble')]), 'shell': False}
[0.098506] (motion_msgs) JobProgress: {'identifier': 'motion_msgs', 'progress': 'cmake'}
[0.098839] (-) TimerEvent: {}
[0.119528] (motion_msgs) Command: {'cmd': ['/usr/bin/cmake', '/home/diablo/diablo_ws/src/diablo_ros2/diablo_interfaces/motion_msgs', '-DAMENT_CMAKE_SYMLINK_INSTALL=1', '-DCMAKE_INSTALL_PREFIX=/home/diablo/diablo_ws/install/motion_msgs'], 'cwd': '/home/diablo/diablo_ws/build/motion_msgs', 'env': OrderedDict([('LESSOPEN', '| /usr/bin/lesspipe %s'), ('USER', 'diablo'), ('SSH_CLIENT', 'fc94:895d:2729:ce2e:5d7:5613:5e0f:cf5a 39252 22'), ('LC_TIME', 'C.UTF-8'), ('XDG_SESSION_TYPE', 'tty'), ('GIT_ASKPASS', '/home/diablo/.vscode-server/cli/servers/Stable-bf9252a2fb45be6893dd8870c0bf37e2e1766d61/server/extensions/git/dist/askpass.sh'), ('SHLVL', '2'), ('LD_LIBRARY_PATH', '/opt/ros/humble/lib/aarch64-linux-gnu:/opt/ros/humble/lib'), ('BROWSER', '/home/diablo/.vscode-server/cli/servers/Stable-bf9252a2fb45be6893dd8870c0bf37e2e1766d61/server/bin/helpers/browser.sh'), ('MOTD_SHOWN', 'pam'), ('HOME', '/home/diablo'), ('OLDPWD', '/home/diablo'), ('TERM_PROGRAM_VERSION', '1.106.3'), ('VSCODE_IPC_HOOK_CLI', '/run/user/1000/vscode-ipc-12dde7dd-235c-4c8d-8ec8-12920eff8c77.sock'), ('ROS_PYTHON_VERSION', '3'), ('VSCODE_GIT_ASKPASS_MAIN', '/home/diablo/.vscode-server/cli/servers/Stable-bf9252a2fb45be6893dd8870c0bf37e2e1766d61/server/extensions/git/dist/askpass-main.js'), ('LC_MONETARY', 'C.UTF-8'), ('VSCODE_GIT_ASKPASS_NODE', '/home/diablo/.vscode-server/cli/servers/Stable-bf9252a2fb45be6893dd8870c0bf37e2e1766d61/server/node'), ('SSL_CERT_FILE', '/usr/lib/ssl/certs/ca-certificates.crt'), ('VSCODE_PYTHON_AUTOACTIVATE_GUARD', '1'), ('DBUS_SESSION_BUS_ADDRESS', 'unix:path=/run/user/1000/bus'), ('COLORTERM', 'truecolor'), ('ROS_DISTRO', 'humble'), ('LOGNAME', 'diablo'), ('_', '/usr/bin/colcon'), ('ROS_VERSION', '2'), ('XDG_SESSION_CLASS', 'user'), ('TERM', 'xterm-256color'), ('XDG_SESSION_ID', '3'), ('ROS_LOCALHOST_ONLY', '0'), ('PATH', '/home/diablo/.vscode-server/data/User/globalStorage/github.copilot-chat/debugCommand:/home/diablo/.vscode-server/data/User/globalStorage/github.copilot-chat/copilotCli:/home/diablo/.vscode-server/cli/servers/Stable-bf9252a2fb45be6893dd8870c0bf37e2e1766d61/server/bin/remote-cli:/opt/ros/humble/bin:/usr/local/sbin:/usr/local/bin:/usr/sbin:/usr/bin:/sbin:/bin:/usr/games:/usr/local/games:/snap/bin'), ('LC_ADDRESS', 'C.UTF-8'), ('XDG_RUNTIME_DIR', '/run/user/1000'), ('SSL_CERT_DIR', '/usr/lib/ssl/certs'), ('LANG', 'C.UTF-8'), ('LC_TELEPHONE', 'C.UTF-8'), ('LS_COLORS', 'rs=0:di=01;34:ln=01;36:mh=00:pi=40;33:so=01;35:do=01;35:bd=40;33;01:cd=40;33;01:or=40;31;01:mi=00:su=37;41:sg=30;43:ca=30;41:tw=30;42:ow=34;42:st=37;44:ex=01;32:*.tar=01;31:*.tgz=01;31:*.arc=01;31:*.arj=01;31:*.taz=01;31:*.lha=01;31:*.lz4=01;31:*.lzh=01;31:*.lzma=01;31:*.tlz=01;31:*.txz=01;31:*.tzo=01;31:*.t7z=01;31:*.zip=01;31:*.z=01;31:*.dz=01;31:*.gz=01;31:*.lrz=01;31:*.lz=01;31:*.lzo=01;31:*.xz=01;31:*.zst=01;31:*.tzst=01;31:*.bz2=01;31:*.bz=01;31:*.tbz=01;31:*.tbz2=01;31:*.tz=01;31:*.deb=01;31:*.rpm=01;31:*.jar=01;31:*.war=01;31:*.ear=01;31:*.sar=01;31:*.rar=01;31:*.alz=01;31:*.ace=01;31:*.zoo=01;31:*.cpio=01;31:*.7z=01;31:*.rz=01;31:*.cab=01;31:*.wim=01;31:*.swm=01;31:*.dwm=01;31:*.esd=01;31:*.jpg=01;35:*.jpeg=01;35:*.mjpg=01;35:*.mjpeg=01;35:*.gif=01;35:*.bmp=01;35:*.pbm=01;35:*.pgm=01;35:*.ppm=01;35:*.tga=01;35:*.xbm=01;35:*.xpm=01;35:*.tif=01;35:*.tiff=01;35:*.png=01;35:*.svg=01;35:*.svgz=01;35:*.mng=01;35:*.pcx=01;35:*.mov=01;35:*.mpg=01;35:*.mpeg=01;35:*.m2v=01;35:*.mkv=01;35:*.webm=01;35:*.webp=01;35:*.ogm=01;35:*.mp4=01;35:*.m4v=01;35:*.mp4v=01;35:*.vob=01;35:*.qt=01;35:*.nuv=01;35:*.wmv=01;35:*.asf=01;35:*.rm=01;35:*.rmvb=01;35:*.flc=01;35:*.avi=01;35:*.fli=01;35:*.flv=01;35:*.gl=01;35:*.dl=01;35:*.xcf=01;35:*.xwd=01;35:*.yuv=01;35:*.cgm=01;35:*.emf=01;35:*.ogv=01;35:*.ogx=01;35:*.aac=00;36:*.au=00;36:*.flac=00;36:*.m4a=00;36:*.mid=00;36:*.midi=00;36:*.mka=00;36:*.mp3=00;36:*.mpc=00;36:*.ogg=00;36:*.ra=00;36:*.wav=00;36:*.oga=00;36:*.opus=00;36:*.spx=00;36:*.xspf=00;36:'), ('VSCODE_GIT_IPC_HANDLE', '/run/user/1000/vscode-git-c6434a1e83.sock'), ('TERM_PROGRAM', 'vscode'), ('AMENT_PREFIX_PATH', '/opt/ros/humble'), ('SHELL', '/bin/bash'), ('LC_NAME', 'C.UTF-8'), ('LESSCLOSE', '/usr/bin/lesspipe %s %s'), ('LC_MEASUREMENT', 'C.UTF-8'), ('LC_IDENTIFICATION', 'C.UTF-8'), ('VSCODE_GIT_ASKPASS_EXTRA_ARGS', ''), ('PWD', '/home/diablo/diablo_ws/build/motion_msgs'), ('SSH_CONNECTION', 'fc94:895d:2729:ce2e:5d7:5613:5e0f:cf5a 39252 fc94:64f0:8f29:7d71:97ae:cae5:211:47b1 22'), ('XDG_DATA_DIRS', '/usr/local/share:/usr/share:/var/lib/snapd/desktop'), ('PYTHONPATH', '/opt/ros/humble/lib/python3.10/site-packages:/opt/ros/humble/local/lib/python3.10/dist-packages'), ('LC_NUMERIC', 'C.UTF-8'), ('LC_PAPER', 'C.UTF-8'), ('COLCON', '1'), ('CMAKE_PREFIX_PATH', '/opt/ros/humble')]), 'shell': False}
[0.199085] (-) TimerEvent: {}
[0.300002] (-) TimerEvent: {}
[0.400970] (-) TimerEvent: {}
[0.404048] (ception_msgs) StdoutLine: {'line': b'-- Found ament_cmake: 1.3.12 (/opt/ros/humble/share/ament_cmake/cmake)\n'}
[0.404954] (motion_msgs) StdoutLine: {'line': b'-- Found ament_cmake: 1.3.12 (/opt/ros/humble/share/ament_cmake/cmake)\n'}
[0.501252] (-) TimerEvent: {}
[0.602350] (-) TimerEvent: {}
[0.704341] (-) TimerEvent: {}
[0.805284] (-) TimerEvent: {}
[0.906197] (-) TimerEvent: {}
[1.007033] (-) TimerEvent: {}
[1.109528] (-) TimerEvent: {}
[1.188092] (ception_msgs) StdoutLine: {'line': b'-- Override CMake install command with custom implementation using symlinks instead of copying resources\n'}
[1.188795] (motion_msgs) StdoutLine: {'line': b'-- Override CMake install command with custom implementation using symlinks instead of copying resources\n'}
[1.209639] (-) TimerEvent: {}
[1.310585] (-) TimerEvent: {}
[1.369514] (motion_msgs) StdoutLine: {'line': b'-- Found rosidl_default_generators: 1.2.0 (/opt/ros/humble/share/rosidl_default_generators/cmake)\n'}
[1.370759] (ception_msgs) StdoutLine: {'line': b'-- Found rosidl_default_generators: 1.2.0 (/opt/ros/humble/share/rosidl_default_generators/cmake)\n'}
[1.384768] (ception_msgs) StdoutLine: {'line': b'-- Using all available rosidl_typesupport_c: rosidl_typesupport_fastrtps_c;rosidl_typesupport_introspection_c\n'}
[1.385587] (motion_msgs) StdoutLine: {'line': b'-- Using all available rosidl_typesupport_c: rosidl_typesupport_fastrtps_c;rosidl_typesupport_introspection_c\n'}
[1.405383] (ception_msgs) StdoutLine: {'line': b'-- Found rosidl_adapter: 3.1.8 (/opt/ros/humble/share/rosidl_adapter/cmake)\n'}
[1.406154] (motion_msgs) StdoutLine: {'line': b'-- Found rosidl_adapter: 3.1.8 (/opt/ros/humble/share/rosidl_adapter/cmake)\n'}
[1.410737] (-) TimerEvent: {}
[1.511554] (-) TimerEvent: {}
[1.613143] (-) TimerEvent: {}
[1.622309] (motion_msgs) StdoutLine: {'line': b'-- Using all available rosidl_typesupport_cpp: rosidl_typesupport_fastrtps_cpp;rosidl_typesupport_introspection_cpp\n'}
[1.623206] (ception_msgs) StdoutLine: {'line': b'-- Using all available rosidl_typesupport_cpp: rosidl_typesupport_fastrtps_cpp;rosidl_typesupport_introspection_cpp\n'}
[1.713352] (-) TimerEvent: {}
[1.780797] (motion_msgs) StdoutLine: {'line': b'-- Found std_msgs: 4.9.0 (/opt/ros/humble/share/std_msgs/cmake)\n'}
[1.781486] (ception_msgs) StdoutLine: {'line': b'-- Found std_msgs: 4.9.0 (/opt/ros/humble/share/std_msgs/cmake)\n'}
[1.813543] (-) TimerEvent: {}
[1.914407] (-) TimerEvent: {}
[2.015454] (-) TimerEvent: {}
[2.116898] (-) TimerEvent: {}
[2.218512] (-) TimerEvent: {}
[2.320457] (-) TimerEvent: {}
[2.421403] (-) TimerEvent: {}
[2.522444] (-) TimerEvent: {}
[2.623378] (-) TimerEvent: {}
[2.724337] (-) TimerEvent: {}
[2.825413] (-) TimerEvent: {}
[2.926232] (-) TimerEvent: {}
[3.027050] (-) TimerEvent: {}
[3.127899] (-) TimerEvent: {}
[3.228724] (-) TimerEvent: {}
[3.329934] (-) TimerEvent: {}
[3.430710] (-) TimerEvent: {}
[3.511500] (ception_msgs) StdoutLine: {'line': b'-- Found ament_cmake_ros: 0.10.0 (/opt/ros/humble/share/ament_cmake_ros/cmake)\n'}
[3.530990] (-) TimerEvent: {}
[3.631883] (-) TimerEvent: {}
[3.640528] (motion_msgs) StdoutLine: {'line': b'-- Found ament_cmake_ros: 0.10.0 (/opt/ros/humble/share/ament_cmake_ros/cmake)\n'}
[3.732100] (-) TimerEvent: {}
[3.832919] (-) TimerEvent: {}
[3.933939] (-) TimerEvent: {}
[4.034716] (-) TimerEvent: {}
[4.135526] (-) TimerEvent: {}
[4.236738] (-) TimerEvent: {}
[4.337445] (-) TimerEvent: {}
[4.439119] (-) TimerEvent: {}
[4.540505] (-) TimerEvent: {}
[4.641631] (-) TimerEvent: {}
[4.642885] (ception_msgs) StdoutLine: {'line': b'-- Using all available rosidl_typesupport_c: rosidl_typesupport_fastrtps_c;rosidl_typesupport_introspection_c\n'}
[4.741997] (-) TimerEvent: {}
[4.760696] (motion_msgs) StdoutLine: {'line': b'-- Using all available rosidl_typesupport_c: rosidl_typesupport_fastrtps_c;rosidl_typesupport_introspection_c\n'}
[4.842131] (-) TimerEvent: {}
[4.942904] (-) TimerEvent: {}
[5.043777] (-) TimerEvent: {}
[5.144473] (-) TimerEvent: {}
[5.245395] (-) TimerEvent: {}
[5.346610] (-) TimerEvent: {}
[5.447407] (-) TimerEvent: {}
[5.548716] (-) TimerEvent: {}
[5.649479] (-) TimerEvent: {}
[5.750456] (-) TimerEvent: {}
[5.851794] (-) TimerEvent: {}
[5.953149] (-) TimerEvent: {}
[6.054257] (-) TimerEvent: {}
[6.149436] (ception_msgs) StdoutLine: {'line': b'-- Using all available rosidl_typesupport_cpp: rosidl_typesupport_fastrtps_cpp;rosidl_typesupport_introspection_cpp\n'}
[6.154472] (-) TimerEvent: {}
[6.255513] (-) TimerEvent: {}
[6.265175] (motion_msgs) StdoutLine: {'line': b'-- Using all available rosidl_typesupport_cpp: rosidl_typesupport_fastrtps_cpp;rosidl_typesupport_introspection_cpp\n'}
[6.289230] (ception_msgs) StdoutLine: {'line': b'-- Found python_cmake_module: 0.10.0 (/opt/ros/humble/share/python_cmake_module/cmake)\n'}
[6.355637] (-) TimerEvent: {}
[6.385795] (motion_msgs) StdoutLine: {'line': b'-- Found python_cmake_module: 0.10.0 (/opt/ros/humble/share/python_cmake_module/cmake)\n'}
[6.432209] (ception_msgs) StdoutLine: {'line': b'-- Using PYTHON_EXECUTABLE: /usr/bin/python3\n'}
[6.433142] (ception_msgs) StdoutLine: {'line': b'-- Using PYTHON_INCLUDE_DIRS: /usr/include/python3.10\n'}
[6.433588] (ception_msgs) StdoutLine: {'line': b'-- Using PYTHON_LIBRARIES: /usr/lib/aarch64-linux-gnu/libpython3.10.so\n'}
[6.455801] (-) TimerEvent: {}
[6.501506] (motion_msgs) StdoutLine: {'line': b'-- Using PYTHON_EXECUTABLE: /usr/bin/python3\n'}
[6.502191] (motion_msgs) StdoutLine: {'line': b'-- Using PYTHON_INCLUDE_DIRS: /usr/include/python3.10\n'}
[6.502572] (motion_msgs) StdoutLine: {'line': b'-- Using PYTHON_LIBRARIES: /usr/lib/aarch64-linux-gnu/libpython3.10.so\n'}
[6.556006] (-) TimerEvent: {}
[6.630783] (ception_msgs) StdoutLine: {'line': b'-- Configuring done\n'}
[6.656195] (-) TimerEvent: {}
[6.694092] (motion_msgs) StdoutLine: {'line': b'-- Configuring done\n'}
[6.756400] (-) TimerEvent: {}
[6.857288] (-) TimerEvent: {}
[6.958296] (-) TimerEvent: {}
[7.001861] (ception_msgs) StdoutLine: {'line': b'-- Generating done\n'}
[7.058558] (-) TimerEvent: {}
[7.092254] (ception_msgs) StdoutLine: {'line': b'-- Build files have been written to: /home/diablo/diablo_ws/build/ception_msgs\n'}
[7.158762] (-) TimerEvent: {}
[7.223830] (ception_msgs) CommandEnded: {'returncode': 0}
[7.226162] (ception_msgs) JobProgress: {'identifier': 'ception_msgs', 'progress': 'build'}
[7.229146] (ception_msgs) Command: {'cmd': ['/usr/bin/cmake', '--build', '/home/diablo/diablo_ws/build/ception_msgs', '--', '-j4', '-l4'], 'cwd': '/home/diablo/diablo_ws/build/ception_msgs', 'env': OrderedDict([('LESSOPEN', '| /usr/bin/lesspipe %s'), ('USER', 'diablo'), ('SSH_CLIENT', 'fc94:895d:2729:ce2e:5d7:5613:5e0f:cf5a 39252 22'), ('LC_TIME', 'C.UTF-8'), ('XDG_SESSION_TYPE', 'tty'), ('GIT_ASKPASS', '/home/diablo/.vscode-server/cli/servers/Stable-bf9252a2fb45be6893dd8870c0bf37e2e1766d61/server/extensions/git/dist/askpass.sh'), ('SHLVL', '2'), ('LD_LIBRARY_PATH', '/opt/ros/humble/lib/aarch64-linux-gnu:/opt/ros/humble/lib'), ('BROWSER', '/home/diablo/.vscode-server/cli/servers/Stable-bf9252a2fb45be6893dd8870c0bf37e2e1766d61/server/bin/helpers/browser.sh'), ('MOTD_SHOWN', 'pam'), ('HOME', '/home/diablo'), ('OLDPWD', '/home/diablo'), ('TERM_PROGRAM_VERSION', '1.106.3'), ('VSCODE_IPC_HOOK_CLI', '/run/user/1000/vscode-ipc-12dde7dd-235c-4c8d-8ec8-12920eff8c77.sock'), ('ROS_PYTHON_VERSION', '3'), ('VSCODE_GIT_ASKPASS_MAIN', '/home/diablo/.vscode-server/cli/servers/Stable-bf9252a2fb45be6893dd8870c0bf37e2e1766d61/server/extensions/git/dist/askpass-main.js'), ('LC_MONETARY', 'C.UTF-8'), ('VSCODE_GIT_ASKPASS_NODE', '/home/diablo/.vscode-server/cli/servers/Stable-bf9252a2fb45be6893dd8870c0bf37e2e1766d61/server/node'), ('SSL_CERT_FILE', '/usr/lib/ssl/certs/ca-certificates.crt'), ('VSCODE_PYTHON_AUTOACTIVATE_GUARD', '1'), ('DBUS_SESSION_BUS_ADDRESS', 'unix:path=/run/user/1000/bus'), ('COLORTERM', 'truecolor'), ('ROS_DISTRO', 'humble'), ('LOGNAME', 'diablo'), ('_', '/usr/bin/colcon'), ('ROS_VERSION', '2'), ('XDG_SESSION_CLASS', 'user'), ('TERM', 'xterm-256color'), ('XDG_SESSION_ID', '3'), ('ROS_LOCALHOST_ONLY', '0'), ('PATH', '/home/diablo/.vscode-server/data/User/globalStorage/github.copilot-chat/debugCommand:/home/diablo/.vscode-server/data/User/globalStorage/github.copilot-chat/copilotCli:/home/diablo/.vscode-server/cli/servers/Stable-bf9252a2fb45be6893dd8870c0bf37e2e1766d61/server/bin/remote-cli:/opt/ros/humble/bin:/usr/local/sbin:/usr/local/bin:/usr/sbin:/usr/bin:/sbin:/bin:/usr/games:/usr/local/games:/snap/bin'), ('LC_ADDRESS', 'C.UTF-8'), ('XDG_RUNTIME_DIR', '/run/user/1000'), ('SSL_CERT_DIR', '/usr/lib/ssl/certs'), ('LANG', 'C.UTF-8'), ('LC_TELEPHONE', 'C.UTF-8'), ('LS_COLORS', 'rs=0:di=01;34:ln=01;36:mh=00:pi=40;33:so=01;35:do=01;35:bd=40;33;01:cd=40;33;01:or=40;31;01:mi=00:su=37;41:sg=30;43:ca=30;41:tw=30;42:ow=34;42:st=37;44:ex=01;32:*.tar=01;31:*.tgz=01;31:*.arc=01;31:*.arj=01;31:*.taz=01;31:*.lha=01;31:*.lz4=01;31:*.lzh=01;31:*.lzma=01;31:*.tlz=01;31:*.txz=01;31:*.tzo=01;31:*.t7z=01;31:*.zip=01;31:*.z=01;31:*.dz=01;31:*.gz=01;31:*.lrz=01;31:*.lz=01;31:*.lzo=01;31:*.xz=01;31:*.zst=01;31:*.tzst=01;31:*.bz2=01;31:*.bz=01;31:*.tbz=01;31:*.tbz2=01;31:*.tz=01;31:*.deb=01;31:*.rpm=01;31:*.jar=01;31:*.war=01;31:*.ear=01;31:*.sar=01;31:*.rar=01;31:*.alz=01;31:*.ace=01;31:*.zoo=01;31:*.cpio=01;31:*.7z=01;31:*.rz=01;31:*.cab=01;31:*.wim=01;31:*.swm=01;31:*.dwm=01;31:*.esd=01;31:*.jpg=01;35:*.jpeg=01;35:*.mjpg=01;35:*.mjpeg=01;35:*.gif=01;35:*.bmp=01;35:*.pbm=01;35:*.pgm=01;35:*.ppm=01;35:*.tga=01;35:*.xbm=01;35:*.xpm=01;35:*.tif=01;35:*.tiff=01;35:*.png=01;35:*.svg=01;35:*.svgz=01;35:*.mng=01;35:*.pcx=01;35:*.mov=01;35:*.mpg=01;35:*.mpeg=01;35:*.m2v=01;35:*.mkv=01;35:*.webm=01;35:*.webp=01;35:*.ogm=01;35:*.mp4=01;35:*.m4v=01;35:*.mp4v=01;35:*.vob=01;35:*.qt=01;35:*.nuv=01;35:*.wmv=01;35:*.asf=01;35:*.rm=01;35:*.rmvb=01;35:*.flc=01;35:*.avi=01;35:*.fli=01;35:*.flv=01;35:*.gl=01;35:*.dl=01;35:*.xcf=01;35:*.xwd=01;35:*.yuv=01;35:*.cgm=01;35:*.emf=01;35:*.ogv=01;35:*.ogx=01;35:*.aac=00;36:*.au=00;36:*.flac=00;36:*.m4a=00;36:*.mid=00;36:*.midi=00;36:*.mka=00;36:*.mp3=00;36:*.mpc=00;36:*.ogg=00;36:*.ra=00;36:*.wav=00;36:*.oga=00;36:*.opus=00;36:*.spx=00;36:*.xspf=00;36:'), ('VSCODE_GIT_IPC_HANDLE', '/run/user/1000/vscode-git-c6434a1e83.sock'), ('TERM_PROGRAM', 'vscode'), ('AMENT_PREFIX_PATH', '/opt/ros/humble'), ('SHELL', '/bin/bash'), ('LC_NAME', 'C.UTF-8'), ('LESSCLOSE', '/usr/bin/lesspipe %s %s'), ('LC_MEASUREMENT', 'C.UTF-8'), ('LC_IDENTIFICATION', 'C.UTF-8'), ('VSCODE_GIT_ASKPASS_EXTRA_ARGS', ''), ('PWD', '/home/diablo/diablo_ws/build/ception_msgs'), ('SSH_CONNECTION', 'fc94:895d:2729:ce2e:5d7:5613:5e0f:cf5a 39252 fc94:64f0:8f29:7d71:97ae:cae5:211:47b1 22'), ('XDG_DATA_DIRS', '/usr/local/share:/usr/share:/var/lib/snapd/desktop'), ('PYTHONPATH', '/opt/ros/humble/lib/python3.10/site-packages:/opt/ros/humble/local/lib/python3.10/dist-packages'), ('LC_NUMERIC', 'C.UTF-8'), ('LC_PAPER', 'C.UTF-8'), ('COLCON', '1'), ('CMAKE_PREFIX_PATH', '/opt/ros/humble')]), 'shell': False}
[7.237585] (motion_msgs) StdoutLine: {'line': b'-- Generating done\n'}
[7.258931] (-) TimerEvent: {}
[7.327738] (motion_msgs) StdoutLine: {'line': b'-- Build files have been written to: /home/diablo/diablo_ws/build/motion_msgs\n'}
[7.359191] (-) TimerEvent: {}
[7.361876] (motion_msgs) CommandEnded: {'returncode': 0}
[7.364323] (motion_msgs) JobProgress: {'identifier': 'motion_msgs', 'progress': 'build'}
[7.365599] (motion_msgs) Command: {'cmd': ['/usr/bin/cmake', '--build', '/home/diablo/diablo_ws/build/motion_msgs', '--', '-j4', '-l4'], 'cwd': '/home/diablo/diablo_ws/build/motion_msgs', 'env': OrderedDict([('LESSOPEN', '| /usr/bin/lesspipe %s'), ('USER', 'diablo'), ('SSH_CLIENT', 'fc94:895d:2729:ce2e:5d7:5613:5e0f:cf5a 39252 22'), ('LC_TIME', 'C.UTF-8'), ('XDG_SESSION_TYPE', 'tty'), ('GIT_ASKPASS', '/home/diablo/.vscode-server/cli/servers/Stable-bf9252a2fb45be6893dd8870c0bf37e2e1766d61/server/extensions/git/dist/askpass.sh'), ('SHLVL', '2'), ('LD_LIBRARY_PATH', '/opt/ros/humble/lib/aarch64-linux-gnu:/opt/ros/humble/lib'), ('BROWSER', '/home/diablo/.vscode-server/cli/servers/Stable-bf9252a2fb45be6893dd8870c0bf37e2e1766d61/server/bin/helpers/browser.sh'), ('MOTD_SHOWN', 'pam'), ('HOME', '/home/diablo'), ('OLDPWD', '/home/diablo'), ('TERM_PROGRAM_VERSION', '1.106.3'), ('VSCODE_IPC_HOOK_CLI', '/run/user/1000/vscode-ipc-12dde7dd-235c-4c8d-8ec8-12920eff8c77.sock'), ('ROS_PYTHON_VERSION', '3'), ('VSCODE_GIT_ASKPASS_MAIN', '/home/diablo/.vscode-server/cli/servers/Stable-bf9252a2fb45be6893dd8870c0bf37e2e1766d61/server/extensions/git/dist/askpass-main.js'), ('LC_MONETARY', 'C.UTF-8'), ('VSCODE_GIT_ASKPASS_NODE', '/home/diablo/.vscode-server/cli/servers/Stable-bf9252a2fb45be6893dd8870c0bf37e2e1766d61/server/node'), ('SSL_CERT_FILE', '/usr/lib/ssl/certs/ca-certificates.crt'), ('VSCODE_PYTHON_AUTOACTIVATE_GUARD', '1'), ('DBUS_SESSION_BUS_ADDRESS', 'unix:path=/run/user/1000/bus'), ('COLORTERM', 'truecolor'), ('ROS_DISTRO', 'humble'), ('LOGNAME', 'diablo'), ('_', '/usr/bin/colcon'), ('ROS_VERSION', '2'), ('XDG_SESSION_CLASS', 'user'), ('TERM', 'xterm-256color'), ('XDG_SESSION_ID', '3'), ('ROS_LOCALHOST_ONLY', '0'), ('PATH', '/home/diablo/.vscode-server/data/User/globalStorage/github.copilot-chat/debugCommand:/home/diablo/.vscode-server/data/User/globalStorage/github.copilot-chat/copilotCli:/home/diablo/.vscode-server/cli/servers/Stable-bf9252a2fb45be6893dd8870c0bf37e2e1766d61/server/bin/remote-cli:/opt/ros/humble/bin:/usr/local/sbin:/usr/local/bin:/usr/sbin:/usr/bin:/sbin:/bin:/usr/games:/usr/local/games:/snap/bin'), ('LC_ADDRESS', 'C.UTF-8'), ('XDG_RUNTIME_DIR', '/run/user/1000'), ('SSL_CERT_DIR', '/usr/lib/ssl/certs'), ('LANG', 'C.UTF-8'), ('LC_TELEPHONE', 'C.UTF-8'), ('LS_COLORS', 'rs=0:di=01;34:ln=01;36:mh=00:pi=40;33:so=01;35:do=01;35:bd=40;33;01:cd=40;33;01:or=40;31;01:mi=00:su=37;41:sg=30;43:ca=30;41:tw=30;42:ow=34;42:st=37;44:ex=01;32:*.tar=01;31:*.tgz=01;31:*.arc=01;31:*.arj=01;31:*.taz=01;31:*.lha=01;31:*.lz4=01;31:*.lzh=01;31:*.lzma=01;31:*.tlz=01;31:*.txz=01;31:*.tzo=01;31:*.t7z=01;31:*.zip=01;31:*.z=01;31:*.dz=01;31:*.gz=01;31:*.lrz=01;31:*.lz=01;31:*.lzo=01;31:*.xz=01;31:*.zst=01;31:*.tzst=01;31:*.bz2=01;31:*.bz=01;31:*.tbz=01;31:*.tbz2=01;31:*.tz=01;31:*.deb=01;31:*.rpm=01;31:*.jar=01;31:*.war=01;31:*.ear=01;31:*.sar=01;31:*.rar=01;31:*.alz=01;31:*.ace=01;31:*.zoo=01;31:*.cpio=01;31:*.7z=01;31:*.rz=01;31:*.cab=01;31:*.wim=01;31:*.swm=01;31:*.dwm=01;31:*.esd=01;31:*.jpg=01;35:*.jpeg=01;35:*.mjpg=01;35:*.mjpeg=01;35:*.gif=01;35:*.bmp=01;35:*.pbm=01;35:*.pgm=01;35:*.ppm=01;35:*.tga=01;35:*.xbm=01;35:*.xpm=01;35:*.tif=01;35:*.tiff=01;35:*.png=01;35:*.svg=01;35:*.svgz=01;35:*.mng=01;35:*.pcx=01;35:*.mov=01;35:*.mpg=01;35:*.mpeg=01;35:*.m2v=01;35:*.mkv=01;35:*.webm=01;35:*.webp=01;35:*.ogm=01;35:*.mp4=01;35:*.m4v=01;35:*.mp4v=01;35:*.vob=01;35:*.qt=01;35:*.nuv=01;35:*.wmv=01;35:*.asf=01;35:*.rm=01;35:*.rmvb=01;35:*.flc=01;35:*.avi=01;35:*.fli=01;35:*.flv=01;35:*.gl=01;35:*.dl=01;35:*.xcf=01;35:*.xwd=01;35:*.yuv=01;35:*.cgm=01;35:*.emf=01;35:*.ogv=01;35:*.ogx=01;35:*.aac=00;36:*.au=00;36:*.flac=00;36:*.m4a=00;36:*.mid=00;36:*.midi=00;36:*.mka=00;36:*.mp3=00;36:*.mpc=00;36:*.ogg=00;36:*.ra=00;36:*.wav=00;36:*.oga=00;36:*.opus=00;36:*.spx=00;36:*.xspf=00;36:'), ('VSCODE_GIT_IPC_HANDLE', '/run/user/1000/vscode-git-c6434a1e83.sock'), ('TERM_PROGRAM', 'vscode'), ('AMENT_PREFIX_PATH', '/opt/ros/humble'), ('SHELL', '/bin/bash'), ('LC_NAME', 'C.UTF-8'), ('LESSCLOSE', '/usr/bin/lesspipe %s %s'), ('LC_MEASUREMENT', 'C.UTF-8'), ('LC_IDENTIFICATION', 'C.UTF-8'), ('VSCODE_GIT_ASKPASS_EXTRA_ARGS', ''), ('PWD', '/home/diablo/diablo_ws/build/motion_msgs'), ('SSH_CONNECTION', 'fc94:895d:2729:ce2e:5d7:5613:5e0f:cf5a 39252 fc94:64f0:8f29:7d71:97ae:cae5:211:47b1 22'), ('XDG_DATA_DIRS', '/usr/local/share:/usr/share:/var/lib/snapd/desktop'), ('PYTHONPATH', '/opt/ros/humble/lib/python3.10/site-packages:/opt/ros/humble/local/lib/python3.10/dist-packages'), ('LC_NUMERIC', 'C.UTF-8'), ('LC_PAPER', 'C.UTF-8'), ('COLCON', '1'), ('CMAKE_PREFIX_PATH', '/opt/ros/humble')]), 'shell': False}
[7.459491] (-) TimerEvent: {}
[7.491092] (ception_msgs) StdoutLine: {'line': b'\x1b[35m\x1b[1mConsolidate compiler generated dependencies of target ception_msgs__rosidl_generator_c\x1b[0m\n'}
[7.538072] (ception_msgs) StdoutLine: {'line': b'[  3%] Built target ception_msgs__cpp\n'}
[7.559788] (-) TimerEvent: {}
[7.577924] (ception_msgs) StdoutLine: {'line': b'[ 12%] Built target ception_msgs__rosidl_generator_c\n'}
[7.579812] (motion_msgs) StdoutLine: {'line': b'\x1b[35m\x1b[1mConsolidate compiler generated dependencies of target motion_msgs__rosidl_generator_c\x1b[0m\n'}
[7.608411] (ception_msgs) StdoutLine: {'line': b'[ 12%] Built target ament_cmake_python_symlink_ception_msgs\n'}
[7.631361] (ception_msgs) StdoutLine: {'line': b'\x1b[35m\x1b[1mConsolidate compiler generated dependencies of target ception_msgs__rosidl_typesupport_fastrtps_cpp\x1b[0m\n'}
[7.660244] (-) TimerEvent: {}
[7.662971] (ception_msgs) StdoutLine: {'line': b'\x1b[35m\x1b[1mConsolidate compiler generated dependencies of target ception_msgs__rosidl_typesupport_cpp\x1b[0m\n'}
[7.683985] (ception_msgs) StdoutLine: {'line': b'\x1b[35m\x1b[1mConsolidate compiler generated dependencies of target ception_msgs__rosidl_typesupport_fastrtps_c\x1b[0m\n'}
[7.688990] (ception_msgs) StdoutLine: {'line': b'\x1b[35m\x1b[1mConsolidate compiler generated dependencies of target ception_msgs__rosidl_typesupport_introspection_cpp\x1b[0m\n'}
[7.690050] (motion_msgs) StdoutLine: {'line': b'[  1%] Built target motion_msgs__cpp\n'}
[7.714216] (motion_msgs) StdoutLine: {'line': b'[ 12%] Built target motion_msgs__rosidl_generator_c\n'}
[7.760509] (-) TimerEvent: {}
[7.780624] (motion_msgs) StdoutLine: {'line': b'[ 12%] Built target ament_cmake_python_symlink_motion_msgs\n'}
[7.791716] (motion_msgs) StdoutLine: {'line': b'\x1b[35m\x1b[1mConsolidate compiler generated dependencies of target motion_msgs__rosidl_typesupport_cpp\x1b[0m\n'}
[7.801241] (motion_msgs) StdoutLine: {'line': b'\x1b[35m\x1b[1mConsolidate compiler generated dependencies of target motion_msgs__rosidl_typesupport_introspection_cpp\x1b[0m\n'}
[7.814380] (ception_msgs) StdoutLine: {'line': b'[ 22%] Built target ception_msgs__rosidl_typesupport_fastrtps_c\n'}
[7.833393] (ception_msgs) StdoutLine: {'line': b'[ 32%] Built target ception_msgs__rosidl_typesupport_cpp\n'}
[7.846239] (ception_msgs) StdoutLine: {'line': b'[ 51%] Built target ception_msgs__rosidl_typesupport_introspection_cpp\n'}
[7.855599] (ception_msgs) StdoutLine: {'line': b'[ 51%] Built target ception_msgs__rosidl_typesupport_fastrtps_cpp\n'}
[7.861071] (-) TimerEvent: {}
[7.871833] (motion_msgs) StdoutLine: {'line': b'\x1b[35m\x1b[1mConsolidate compiler generated dependencies of target motion_msgs__rosidl_typesupport_fastrtps_cpp\x1b[0m\n'}
[7.897133] (motion_msgs) StdoutLine: {'line': b'\x1b[35m\x1b[1mConsolidate compiler generated dependencies of target motion_msgs__rosidl_typesupport_fastrtps_c\x1b[0m\n'}
[7.928657] (ception_msgs) StdoutLine: {'line': b'\x1b[35m\x1b[1mConsolidate compiler generated dependencies of target ception_msgs__rosidl_typesupport_introspection_c\x1b[0m\n'}
[7.960558] (ception_msgs) StdoutLine: {'line': b'\x1b[35m\x1b[1mConsolidate compiler generated dependencies of target ception_msgs__rosidl_typesupport_c\x1b[0m\n'}
[7.961327] (-) TimerEvent: {}
[7.973038] (motion_msgs) StdoutLine: {'line': b'[ 23%] Built target motion_msgs__rosidl_typesupport_cpp\n'}
[7.977238] (motion_msgs) StdoutLine: {'line': b'[ 35%] Built target motion_msgs__rosidl_typesupport_introspection_cpp\n'}
[8.014894] (motion_msgs) StdoutLine: {'line': b'[ 53%] Built target motion_msgs__rosidl_typesupport_fastrtps_c\n'}
[8.019187] (motion_msgs) StdoutLine: {'line': b'[ 57%] Built target motion_msgs__rosidl_typesupport_fastrtps_cpp\n'}
[8.027212] (ception_msgs) StdoutLine: {'line': b'[ 61%] Built target ception_msgs__rosidl_typesupport_introspection_c\n'}
[8.043917] (ception_msgs) StdoutLine: {'line': b'[ 70%] Built target ception_msgs__rosidl_typesupport_c\n'}
[8.061615] (-) TimerEvent: {}
[8.082851] (motion_msgs) StdoutLine: {'line': b'\x1b[35m\x1b[1mConsolidate compiler generated dependencies of target motion_msgs__rosidl_typesupport_introspection_c\x1b[0m\n'}
[8.108361] (motion_msgs) StdoutLine: {'line': b'\x1b[35m\x1b[1mConsolidate compiler generated dependencies of target motion_msgs__rosidl_typesupport_c\x1b[0m\n'}
[8.161962] (-) TimerEvent: {}
[8.181153] (ception_msgs) StdoutLine: {'line': b'[ 70%] Built target ception_msgs\n'}
[8.192238] (motion_msgs) StdoutLine: {'line': b'[ 69%] Built target motion_msgs__rosidl_typesupport_introspection_c\n'}
[8.224674] (motion_msgs) StdoutLine: {'line': b'[ 80%] Built target motion_msgs__rosidl_typesupport_c\n'}
[8.262250] (-) TimerEvent: {}
[8.302701] (ception_msgs) StdoutLine: {'line': b'[ 74%] Built target ception_msgs__py\n'}
[8.338497] (motion_msgs) StdoutLine: {'line': b'[ 80%] Built target motion_msgs\n'}
[8.362106] (ception_msgs) StdoutLine: {'line': b'\x1b[35m\x1b[1mConsolidate compiler generated dependencies of target ception_msgs__rosidl_generator_py\x1b[0m\n'}
[8.362762] (-) TimerEvent: {}
[8.464430] (ception_msgs) StdoutLine: {'line': b'[ 80%] Built target ception_msgs__rosidl_generator_py\n'}
[8.465389] (-) TimerEvent: {}
[8.471120] (motion_msgs) StdoutLine: {'line': b'[ 81%] Built target motion_msgs__py\n'}
[8.551515] (ception_msgs) StdoutLine: {'line': b'\x1b[35m\x1b[1mConsolidate compiler generated dependencies of target ception_msgs__rosidl_typesupport_fastrtps_c__pyext\x1b[0m\n'}
[8.559197] (ception_msgs) StdoutLine: {'line': b'\x1b[35m\x1b[1mConsolidate compiler generated dependencies of target ception_msgs__rosidl_typesupport_introspection_c__pyext\x1b[0m\n'}
[8.565674] (-) TimerEvent: {}
[8.592208] (ception_msgs) StdoutLine: {'line': b'\x1b[35m\x1b[1mConsolidate compiler generated dependencies of target ception_msgs__rosidl_typesupport_c__pyext\x1b[0m\n'}
[8.599590] (motion_msgs) StdoutLine: {'line': b'\x1b[35m\x1b[1mConsolidate compiler generated dependencies of target motion_msgs__rosidl_generator_py\x1b[0m\n'}
[8.659276] (ception_msgs) StdoutLine: {'line': b'[ 87%] Built target ception_msgs__rosidl_typesupport_introspection_c__pyext\n'}
[8.665955] (-) TimerEvent: {}
[8.687524] (ception_msgs) StdoutLine: {'line': b'[ 93%] Built target ception_msgs__rosidl_typesupport_fastrtps_c__pyext\n'}
[8.703011] (ception_msgs) StdoutLine: {'line': b'[100%] Built target ception_msgs__rosidl_typesupport_c__pyext\n'}
[8.738768] (motion_msgs) StdoutLine: {'line': b'[ 91%] Built target motion_msgs__rosidl_generator_py\n'}
[8.766148] (-) TimerEvent: {}
[8.793673] (motion_msgs) StdoutLine: {'line': b'\x1b[35m\x1b[1mConsolidate compiler generated dependencies of target motion_msgs__rosidl_typesupport_fastrtps_c__pyext\x1b[0m\n'}
[8.817839] (motion_msgs) StdoutLine: {'line': b'\x1b[35m\x1b[1mConsolidate compiler generated dependencies of target motion_msgs__rosidl_typesupport_introspection_c__pyext\x1b[0m\n'}
[8.838548] (motion_msgs) StdoutLine: {'line': b'\x1b[35m\x1b[1mConsolidate compiler generated dependencies of target motion_msgs__rosidl_typesupport_c__pyext\x1b[0m\n'}
[8.866425] (-) TimerEvent: {}
[8.899415] (motion_msgs) StdoutLine: {'line': b'[ 94%] Built target motion_msgs__rosidl_typesupport_fastrtps_c__pyext\n'}
[8.929344] (motion_msgs) StdoutLine: {'line': b'[ 97%] Built target motion_msgs__rosidl_typesupport_introspection_c__pyext\n'}
[8.949258] (motion_msgs) StdoutLine: {'line': b'[100%] Built target motion_msgs__rosidl_typesupport_c__pyext\n'}
[8.966584] (-) TimerEvent: {}
[9.067337] (-) TimerEvent: {}
[9.168053] (-) TimerEvent: {}
[9.268845] (-) TimerEvent: {}
[9.369606] (-) TimerEvent: {}
[9.421975] (ception_msgs) StdoutLine: {'line': b'running egg_info\n'}
[9.422627] (motion_msgs) StdoutLine: {'line': b'running egg_info\n'}
[9.424912] (motion_msgs) StdoutLine: {'line': b'writing motion_msgs.egg-info/PKG-INFO\n'}
[9.425586] (ception_msgs) StdoutLine: {'line': b'writing ception_msgs.egg-info/PKG-INFO\n'}
[9.426241] (motion_msgs) StdoutLine: {'line': b'writing dependency_links to motion_msgs.egg-info/dependency_links.txt\n'}
[9.426851] (ception_msgs) StdoutLine: {'line': b'writing dependency_links to ception_msgs.egg-info/dependency_links.txt\n'}
[9.427479] (motion_msgs) StdoutLine: {'line': b'writing top-level names to motion_msgs.egg-info/top_level.txt\n'}
[9.428028] (ception_msgs) StdoutLine: {'line': b'writing top-level names to ception_msgs.egg-info/top_level.txt\n'}
[9.441163] (ception_msgs) StdoutLine: {'line': b"reading manifest file 'ception_msgs.egg-info/SOURCES.txt'\n"}
[9.441942] (motion_msgs) StdoutLine: {'line': b"reading manifest file 'motion_msgs.egg-info/SOURCES.txt'\n"}
[9.444587] (ception_msgs) StdoutLine: {'line': b"writing manifest file 'ception_msgs.egg-info/SOURCES.txt'\n"}
[9.445946] (motion_msgs) StdoutLine: {'line': b"writing manifest file 'motion_msgs.egg-info/SOURCES.txt'\n"}
[9.470065] (-) TimerEvent: {}
[9.571934] (-) TimerEvent: {}
[9.639502] (ception_msgs) StdoutLine: {'line': b'[100%] Built target ament_cmake_python_build_ception_msgs_egg\n'}
[9.640528] (motion_msgs) StdoutLine: {'line': b'[100%] Built target ament_cmake_python_build_motion_msgs_egg\n'}
[9.672078] (-) TimerEvent: {}
[9.683917] (ception_msgs) CommandEnded: {'returncode': 0}
[9.687182] (ception_msgs) JobProgress: {'identifier': 'ception_msgs', 'progress': 'install'}
[9.720683] (ception_msgs) Command: {'cmd': ['/usr/bin/cmake', '--install', '/home/diablo/diablo_ws/build/ception_msgs'], 'cwd': '/home/diablo/diablo_ws/build/ception_msgs', 'env': OrderedDict([('LESSOPEN', '| /usr/bin/lesspipe %s'), ('USER', 'diablo'), ('SSH_CLIENT', 'fc94:895d:2729:ce2e:5d7:5613:5e0f:cf5a 39252 22'), ('LC_TIME', 'C.UTF-8'), ('XDG_SESSION_TYPE', 'tty'), ('GIT_ASKPASS', '/home/diablo/.vscode-server/cli/servers/Stable-bf9252a2fb45be6893dd8870c0bf37e2e1766d61/server/extensions/git/dist/askpass.sh'), ('SHLVL', '2'), ('LD_LIBRARY_PATH', '/opt/ros/humble/lib/aarch64-linux-gnu:/opt/ros/humble/lib'), ('BROWSER', '/home/diablo/.vscode-server/cli/servers/Stable-bf9252a2fb45be6893dd8870c0bf37e2e1766d61/server/bin/helpers/browser.sh'), ('MOTD_SHOWN', 'pam'), ('HOME', '/home/diablo'), ('OLDPWD', '/home/diablo'), ('TERM_PROGRAM_VERSION', '1.106.3'), ('VSCODE_IPC_HOOK_CLI', '/run/user/1000/vscode-ipc-12dde7dd-235c-4c8d-8ec8-12920eff8c77.sock'), ('ROS_PYTHON_VERSION', '3'), ('VSCODE_GIT_ASKPASS_MAIN', '/home/diablo/.vscode-server/cli/servers/Stable-bf9252a2fb45be6893dd8870c0bf37e2e1766d61/server/extensions/git/dist/askpass-main.js'), ('LC_MONETARY', 'C.UTF-8'), ('VSCODE_GIT_ASKPASS_NODE', '/home/diablo/.vscode-server/cli/servers/Stable-bf9252a2fb45be6893dd8870c0bf37e2e1766d61/server/node'), ('SSL_CERT_FILE', '/usr/lib/ssl/certs/ca-certificates.crt'), ('VSCODE_PYTHON_AUTOACTIVATE_GUARD', '1'), ('DBUS_SESSION_BUS_ADDRESS', 'unix:path=/run/user/1000/bus'), ('COLORTERM', 'truecolor'), ('ROS_DISTRO', 'humble'), ('LOGNAME', 'diablo'), ('_', '/usr/bin/colcon'), ('ROS_VERSION', '2'), ('XDG_SESSION_CLASS', 'user'), ('TERM', 'xterm-256color'), ('XDG_SESSION_ID', '3'), ('ROS_LOCALHOST_ONLY', '0'), ('PATH', '/home/diablo/.vscode-server/data/User/globalStorage/github.copilot-chat/debugCommand:/home/diablo/.vscode-server/data/User/globalStorage/github.copilot-chat/copilotCli:/home/diablo/.vscode-server/cli/servers/Stable-bf9252a2fb45be6893dd8870c0bf37e2e1766d61/server/bin/remote-cli:/opt/ros/humble/bin:/usr/local/sbin:/usr/local/bin:/usr/sbin:/usr/bin:/sbin:/bin:/usr/games:/usr/local/games:/snap/bin'), ('LC_ADDRESS', 'C.UTF-8'), ('XDG_RUNTIME_DIR', '/run/user/1000'), ('SSL_CERT_DIR', '/usr/lib/ssl/certs'), ('LANG', 'C.UTF-8'), ('LC_TELEPHONE', 'C.UTF-8'), ('LS_COLORS', 'rs=0:di=01;34:ln=01;36:mh=00:pi=40;33:so=01;35:do=01;35:bd=40;33;01:cd=40;33;01:or=40;31;01:mi=00:su=37;41:sg=30;43:ca=30;41:tw=30;42:ow=34;42:st=37;44:ex=01;32:*.tar=01;31:*.tgz=01;31:*.arc=01;31:*.arj=01;31:*.taz=01;31:*.lha=01;31:*.lz4=01;31:*.lzh=01;31:*.lzma=01;31:*.tlz=01;31:*.txz=01;31:*.tzo=01;31:*.t7z=01;31:*.zip=01;31:*.z=01;31:*.dz=01;31:*.gz=01;31:*.lrz=01;31:*.lz=01;31:*.lzo=01;31:*.xz=01;31:*.zst=01;31:*.tzst=01;31:*.bz2=01;31:*.bz=01;31:*.tbz=01;31:*.tbz2=01;31:*.tz=01;31:*.deb=01;31:*.rpm=01;31:*.jar=01;31:*.war=01;31:*.ear=01;31:*.sar=01;31:*.rar=01;31:*.alz=01;31:*.ace=01;31:*.zoo=01;31:*.cpio=01;31:*.7z=01;31:*.rz=01;31:*.cab=01;31:*.wim=01;31:*.swm=01;31:*.dwm=01;31:*.esd=01;31:*.jpg=01;35:*.jpeg=01;35:*.mjpg=01;35:*.mjpeg=01;35:*.gif=01;35:*.bmp=01;35:*.pbm=01;35:*.pgm=01;35:*.ppm=01;35:*.tga=01;35:*.xbm=01;35:*.xpm=01;35:*.tif=01;35:*.tiff=01;35:*.png=01;35:*.svg=01;35:*.svgz=01;35:*.mng=01;35:*.pcx=01;35:*.mov=01;35:*.mpg=01;35:*.mpeg=01;35:*.m2v=01;35:*.mkv=01;35:*.webm=01;35:*.webp=01;35:*.ogm=01;35:*.mp4=01;35:*.m4v=01;35:*.mp4v=01;35:*.vob=01;35:*.qt=01;35:*.nuv=01;35:*.wmv=01;35:*.asf=01;35:*.rm=01;35:*.rmvb=01;35:*.flc=01;35:*.avi=01;35:*.fli=01;35:*.flv=01;35:*.gl=01;35:*.dl=01;35:*.xcf=01;35:*.xwd=01;35:*.yuv=01;35:*.cgm=01;35:*.emf=01;35:*.ogv=01;35:*.ogx=01;35:*.aac=00;36:*.au=00;36:*.flac=00;36:*.m4a=00;36:*.mid=00;36:*.midi=00;36:*.mka=00;36:*.mp3=00;36:*.mpc=00;36:*.ogg=00;36:*.ra=00;36:*.wav=00;36:*.oga=00;36:*.opus=00;36:*.spx=00;36:*.xspf=00;36:'), ('VSCODE_GIT_IPC_HANDLE', '/run/user/1000/vscode-git-c6434a1e83.sock'), ('TERM_PROGRAM', 'vscode'), ('AMENT_PREFIX_PATH', '/opt/ros/humble'), ('SHELL', '/bin/bash'), ('LC_NAME', 'C.UTF-8'), ('LESSCLOSE', '/usr/bin/lesspipe %s %s'), ('LC_MEASUREMENT', 'C.UTF-8'), ('LC_IDENTIFICATION', 'C.UTF-8'), ('VSCODE_GIT_ASKPASS_EXTRA_ARGS', ''), ('PWD', '/home/diablo/diablo_ws/build/ception_msgs'), ('SSH_CONNECTION', 'fc94:895d:2729:ce2e:5d7:5613:5e0f:cf5a 39252 fc94:64f0:8f29:7d71:97ae:cae5:211:47b1 22'), ('XDG_DATA_DIRS', '/usr/local/share:/usr/share:/var/lib/snapd/desktop'), ('PYTHONPATH', '/opt/ros/humble/lib/python3.10/site-packages:/opt/ros/humble/local/lib/python3.10/dist-packages'), ('LC_NUMERIC', 'C.UTF-8'), ('LC_PAPER', 'C.UTF-8'), ('COLCON', '1'), ('CMAKE_PREFIX_PATH', '/opt/ros/humble')]), 'shell': False}
[9.731428] (motion_msgs) CommandEnded: {'returncode': 0}
[9.735159] (motion_msgs) JobProgress: {'identifier': 'motion_msgs', 'progress': 'install'}
[9.736427] (motion_msgs) Command: {'cmd': ['/usr/bin/cmake', '--install', '/home/diablo/diablo_ws/build/motion_msgs'], 'cwd': '/home/diablo/diablo_ws/build/motion_msgs', 'env': OrderedDict([('LESSOPEN', '| /usr/bin/lesspipe %s'), ('USER', 'diablo'), ('SSH_CLIENT', 'fc94:895d:2729:ce2e:5d7:5613:5e0f:cf5a 39252 22'), ('LC_TIME', 'C.UTF-8'), ('XDG_SESSION_TYPE', 'tty'), ('GIT_ASKPASS', '/home/diablo/.vscode-server/cli/servers/Stable-bf9252a2fb45be6893dd8870c0bf37e2e1766d61/server/extensions/git/dist/askpass.sh'), ('SHLVL', '2'), ('LD_LIBRARY_PATH', '/opt/ros/humble/lib/aarch64-linux-gnu:/opt/ros/humble/lib'), ('BROWSER', '/home/diablo/.vscode-server/cli/servers/Stable-bf9252a2fb45be6893dd8870c0bf37e2e1766d61/server/bin/helpers/browser.sh'), ('MOTD_SHOWN', 'pam'), ('HOME', '/home/diablo'), ('OLDPWD', '/home/diablo'), ('TERM_PROGRAM_VERSION', '1.106.3'), ('VSCODE_IPC_HOOK_CLI', '/run/user/1000/vscode-ipc-12dde7dd-235c-4c8d-8ec8-12920eff8c77.sock'), ('ROS_PYTHON_VERSION', '3'), ('VSCODE_GIT_ASKPASS_MAIN', '/home/diablo/.vscode-server/cli/servers/Stable-bf9252a2fb45be6893dd8870c0bf37e2e1766d61/server/extensions/git/dist/askpass-main.js'), ('LC_MONETARY', 'C.UTF-8'), ('VSCODE_GIT_ASKPASS_NODE', '/home/diablo/.vscode-server/cli/servers/Stable-bf9252a2fb45be6893dd8870c0bf37e2e1766d61/server/node'), ('SSL_CERT_FILE', '/usr/lib/ssl/certs/ca-certificates.crt'), ('VSCODE_PYTHON_AUTOACTIVATE_GUARD', '1'), ('DBUS_SESSION_BUS_ADDRESS', 'unix:path=/run/user/1000/bus'), ('COLORTERM', 'truecolor'), ('ROS_DISTRO', 'humble'), ('LOGNAME', 'diablo'), ('_', '/usr/bin/colcon'), ('ROS_VERSION', '2'), ('XDG_SESSION_CLASS', 'user'), ('TERM', 'xterm-256color'), ('XDG_SESSION_ID', '3'), ('ROS_LOCALHOST_ONLY', '0'), ('PATH', '/home/diablo/.vscode-server/data/User/globalStorage/github.copilot-chat/debugCommand:/home/diablo/.vscode-server/data/User/globalStorage/github.copilot-chat/copilotCli:/home/diablo/.vscode-server/cli/servers/Stable-bf9252a2fb45be6893dd8870c0bf37e2e1766d61/server/bin/remote-cli:/opt/ros/humble/bin:/usr/local/sbin:/usr/local/bin:/usr/sbin:/usr/bin:/sbin:/bin:/usr/games:/usr/local/games:/snap/bin'), ('LC_ADDRESS', 'C.UTF-8'), ('XDG_RUNTIME_DIR', '/run/user/1000'), ('SSL_CERT_DIR', '/usr/lib/ssl/certs'), ('LANG', 'C.UTF-8'), ('LC_TELEPHONE', 'C.UTF-8'), ('LS_COLORS', 'rs=0:di=01;34:ln=01;36:mh=00:pi=40;33:so=01;35:do=01;35:bd=40;33;01:cd=40;33;01:or=40;31;01:mi=00:su=37;41:sg=30;43:ca=30;41:tw=30;42:ow=34;42:st=37;44:ex=01;32:*.tar=01;31:*.tgz=01;31:*.arc=01;31:*.arj=01;31:*.taz=01;31:*.lha=01;31:*.lz4=01;31:*.lzh=01;31:*.lzma=01;31:*.tlz=01;31:*.txz=01;31:*.tzo=01;31:*.t7z=01;31:*.zip=01;31:*.z=01;31:*.dz=01;31:*.gz=01;31:*.lrz=01;31:*.lz=01;31:*.lzo=01;31:*.xz=01;31:*.zst=01;31:*.tzst=01;31:*.bz2=01;31:*.bz=01;31:*.tbz=01;31:*.tbz2=01;31:*.tz=01;31:*.deb=01;31:*.rpm=01;31:*.jar=01;31:*.war=01;31:*.ear=01;31:*.sar=01;31:*.rar=01;31:*.alz=01;31:*.ace=01;31:*.zoo=01;31:*.cpio=01;31:*.7z=01;31:*.rz=01;31:*.cab=01;31:*.wim=01;31:*.swm=01;31:*.dwm=01;31:*.esd=01;31:*.jpg=01;35:*.jpeg=01;35:*.mjpg=01;35:*.mjpeg=01;35:*.gif=01;35:*.bmp=01;35:*.pbm=01;35:*.pgm=01;35:*.ppm=01;35:*.tga=01;35:*.xbm=01;35:*.xpm=01;35:*.tif=01;35:*.tiff=01;35:*.png=01;35:*.svg=01;35:*.svgz=01;35:*.mng=01;35:*.pcx=01;35:*.mov=01;35:*.mpg=01;35:*.mpeg=01;35:*.m2v=01;35:*.mkv=01;35:*.webm=01;35:*.webp=01;35:*.ogm=01;35:*.mp4=01;35:*.m4v=01;35:*.mp4v=01;35:*.vob=01;35:*.qt=01;35:*.nuv=01;35:*.wmv=01;35:*.asf=01;35:*.rm=01;35:*.rmvb=01;35:*.flc=01;35:*.avi=01;35:*.fli=01;35:*.flv=01;35:*.gl=01;35:*.dl=01;35:*.xcf=01;35:*.xwd=01;35:*.yuv=01;35:*.cgm=01;35:*.emf=01;35:*.ogv=01;35:*.ogx=01;35:*.aac=00;36:*.au=00;36:*.flac=00;36:*.m4a=00;36:*.mid=00;36:*.midi=00;36:*.mka=00;36:*.mp3=00;36:*.mpc=00;36:*.ogg=00;36:*.ra=00;36:*.wav=00;36:*.oga=00;36:*.opus=00;36:*.spx=00;36:*.xspf=00;36:'), ('VSCODE_GIT_IPC_HANDLE', '/run/user/1000/vscode-git-c6434a1e83.sock'), ('TERM_PROGRAM', 'vscode'), ('AMENT_PREFIX_PATH', '/opt/ros/humble'), ('SHELL', '/bin/bash'), ('LC_NAME', 'C.UTF-8'), ('LESSCLOSE', '/usr/bin/lesspipe %s %s'), ('LC_MEASUREMENT', 'C.UTF-8'), ('LC_IDENTIFICATION', 'C.UTF-8'), ('VSCODE_GIT_ASKPASS_EXTRA_ARGS', ''), ('PWD', '/home/diablo/diablo_ws/build/motion_msgs'), ('SSH_CONNECTION', 'fc94:895d:2729:ce2e:5d7:5613:5e0f:cf5a 39252 fc94:64f0:8f29:7d71:97ae:cae5:211:47b1 22'), ('XDG_DATA_DIRS', '/usr/local/share:/usr/share:/var/lib/snapd/desktop'), ('PYTHONPATH', '/opt/ros/humble/lib/python3.10/site-packages:/opt/ros/humble/local/lib/python3.10/dist-packages'), ('LC_NUMERIC', 'C.UTF-8'), ('LC_PAPER', 'C.UTF-8'), ('COLCON', '1'), ('CMAKE_PREFIX_PATH', '/opt/ros/humble')]), 'shell': False}
[9.756850] (ception_msgs) StdoutLine: {'line': b'-- Install configuration: "Release"\n'}
[9.759265] (ception_msgs) StdoutLine: {'line': b'-- Execute custom install script\n'}
[9.764998] (ception_msgs) StdoutLine: {'line': b'-- Up-to-date symlink: /home/diablo/diablo_ws/install/ception_msgs/share/ament_index/resource_index/rosidl_interfaces/ception_msgs\n'}
[9.770646] (ception_msgs) StdoutLine: {'line': b'-- Up-to-date symlink: /home/diablo/diablo_ws/install/ception_msgs/include/ception_msgs/ception_msgs/msg/detail/imu_euler__functions.h\n'}
[9.772027] (motion_msgs) StdoutLine: {'line': b'-- Install configuration: "Release"\n'}
[9.772544] (-) TimerEvent: {}
[9.773149] (ception_msgs) StdoutLine: {'line': b'-- Up-to-date symlink: /home/diablo/diablo_ws/install/ception_msgs/include/ception_msgs/ception_msgs/msg/detail/imu_euler__struct.h\n'}
[9.774622] (ception_msgs) StdoutLine: {'line': b'-- Up-to-date symlink: /home/diablo/diablo_ws/install/ception_msgs/include/ception_msgs/ception_msgs/msg/detail/imu_euler__type_support.h\n'}
[9.775441] (motion_msgs) StdoutLine: {'line': b'-- Execute custom install script\n'}
[9.776155] (ception_msgs) StdoutLine: {'line': b'-- Up-to-date symlink: /home/diablo/diablo_ws/install/ception_msgs/include/ception_msgs/ception_msgs/msg/imu_euler.h\n'}
[9.776924] (motion_msgs) StdoutLine: {'line': b'-- Symlinking: /home/diablo/diablo_ws/install/motion_msgs/share/ament_index/resource_index/rosidl_interfaces/motion_msgs\n'}
[9.777795] (ception_msgs) StdoutLine: {'line': b'-- Up-to-date symlink: /home/diablo/diablo_ws/install/ception_msgs/include/ception_msgs/ception_msgs/msg/rosidl_generator_c__visibility_control.h\n'}
[9.781089] (ception_msgs) StdoutLine: {'line': b'-- Up-to-date symlink: /home/diablo/diablo_ws/install/ception_msgs/share/ception_msgs/environment/library_path.sh\n'}
[9.783135] (ception_msgs) StdoutLine: {'line': b'-- Up-to-date symlink: /home/diablo/diablo_ws/install/ception_msgs/share/ception_msgs/environment/library_path.dsv\n'}
[9.787193] (ception_msgs) StdoutLine: {'line': b'-- Up-to-date symlink: /home/diablo/diablo_ws/install/ception_msgs/include/ception_msgs/ception_msgs/msg/detail/imu_euler__rosidl_typesupport_fastrtps_c.h\n'}
[9.788839] (ception_msgs) StdoutLine: {'line': b'-- Up-to-date symlink: /home/diablo/diablo_ws/install/ception_msgs/include/ception_msgs/ception_msgs/msg/rosidl_typesupport_fastrtps_c__visibility_control.h\n'}
[9.792154] (ception_msgs) StdoutLine: {'line': b'-- Up-to-date symlink: /home/diablo/diablo_ws/install/ception_msgs/include/ception_msgs/ception_msgs/msg/detail/imu_euler__rosidl_typesupport_introspection_c.h\n'}
[9.794129] (ception_msgs) StdoutLine: {'line': b'-- Up-to-date symlink: /home/diablo/diablo_ws/install/ception_msgs/include/ception_msgs/ception_msgs/msg/rosidl_typesupport_introspection_c__visibility_control.h\n'}
[9.797482] (ception_msgs) StdoutLine: {'line': b'-- Up-to-date symlink: /home/diablo/diablo_ws/install/ception_msgs/include/ception_msgs/ception_msgs/msg/detail/imu_euler__builder.hpp\n'}
[9.799392] (ception_msgs) StdoutLine: {'line': b'-- Up-to-date symlink: /home/diablo/diablo_ws/install/ception_msgs/include/ception_msgs/ception_msgs/msg/detail/imu_euler__struct.hpp\n'}
[9.801432] (ception_msgs) StdoutLine: {'line': b'-- Up-to-date symlink: /home/diablo/diablo_ws/install/ception_msgs/include/ception_msgs/ception_msgs/msg/detail/imu_euler__traits.hpp\n'}
[9.803180] (ception_msgs) StdoutLine: {'line': b'-- Up-to-date symlink: /home/diablo/diablo_ws/install/ception_msgs/include/ception_msgs/ception_msgs/msg/detail/imu_euler__type_support.hpp\n'}
[9.804836] (ception_msgs) StdoutLine: {'line': b'-- Up-to-date symlink: /home/diablo/diablo_ws/install/ception_msgs/include/ception_msgs/ception_msgs/msg/imu_euler.hpp\n'}
[9.806541] (ception_msgs) StdoutLine: {'line': b'-- Up-to-date symlink: /home/diablo/diablo_ws/install/ception_msgs/include/ception_msgs/ception_msgs/msg/rosidl_generator_cpp__visibility_control.hpp\n'}
[9.810914] (ception_msgs) StdoutLine: {'line': b'-- Up-to-date symlink: /home/diablo/diablo_ws/install/ception_msgs/include/ception_msgs/ception_msgs/msg/detail/imu_euler__rosidl_typesupport_fastrtps_cpp.hpp\n'}
[9.812764] (ception_msgs) StdoutLine: {'line': b'-- Up-to-date symlink: /home/diablo/diablo_ws/install/ception_msgs/include/ception_msgs/ception_msgs/msg/rosidl_typesupport_fastrtps_cpp__visibility_control.h\n'}
[9.815622] (ception_msgs) StdoutLine: {'line': b'-- Up-to-date symlink: /home/diablo/diablo_ws/install/ception_msgs/include/ception_msgs/ception_msgs/msg/detail/imu_euler__rosidl_typesupport_introspection_cpp.hpp\n'}
[9.817091] (ception_msgs) StdoutLine: {'line': b'-- Up-to-date symlink: /home/diablo/diablo_ws/install/ception_msgs/share/ception_msgs/environment/pythonpath.sh\n'}
[9.818081] (motion_msgs) StdoutLine: {'line': b'-- Symlinking: /home/diablo/diablo_ws/install/motion_msgs/include/motion_msgs/motion_msgs/msg/ctrl_plot.h\n'}
[9.819014] (ception_msgs) StdoutLine: {'line': b'-- Up-to-date symlink: /home/diablo/diablo_ws/install/ception_msgs/share/ception_msgs/environment/pythonpath.dsv\n'}
[9.823890] (ception_msgs) StdoutLine: {'line': b'-- Up-to-date symlink: /home/diablo/diablo_ws/install/ception_msgs/local/lib/python3.10/dist-packages/ception_msgs-1.0.0-py3.10.egg-info/PKG-INFO\n'}
[9.825489] (ception_msgs) StdoutLine: {'line': b'-- Up-to-date symlink: /home/diablo/diablo_ws/install/ception_msgs/local/lib/python3.10/dist-packages/ception_msgs-1.0.0-py3.10.egg-info/SOURCES.txt\n'}
[9.827169] (ception_msgs) StdoutLine: {'line': b'-- Up-to-date symlink: /home/diablo/diablo_ws/install/ception_msgs/local/lib/python3.10/dist-packages/ception_msgs-1.0.0-py3.10.egg-info/dependency_links.txt\n'}
[9.828868] (ception_msgs) StdoutLine: {'line': b'-- Up-to-date symlink: /home/diablo/diablo_ws/install/ception_msgs/local/lib/python3.10/dist-packages/ception_msgs-1.0.0-py3.10.egg-info/top_level.txt\n'}
[9.835861] (ception_msgs) StdoutLine: {'line': b'-- Up-to-date symlink: /home/diablo/diablo_ws/install/ception_msgs/local/lib/python3.10/dist-packages/ception_msgs/__init__.py\n'}
[9.837627] (ception_msgs) StdoutLine: {'line': b'-- Up-to-date symlink: /home/diablo/diablo_ws/install/ception_msgs/local/lib/python3.10/dist-packages/ception_msgs/_ception_msgs_s.ep.rosidl_typesupport_c.c\n'}
[9.839626] (ception_msgs) StdoutLine: {'line': b'-- Up-to-date symlink: /home/diablo/diablo_ws/install/ception_msgs/local/lib/python3.10/dist-packages/ception_msgs/_ception_msgs_s.ep.rosidl_typesupport_fastrtps_c.c\n'}
[9.841331] (ception_msgs) StdoutLine: {'line': b'-- Up-to-date symlink: /home/diablo/diablo_ws/install/ception_msgs/local/lib/python3.10/dist-packages/ception_msgs/_ception_msgs_s.ep.rosidl_typesupport_introspection_c.c\n'}
[9.843079] (ception_msgs) StdoutLine: {'line': b'-- Up-to-date symlink: /home/diablo/diablo_ws/install/ception_msgs/local/lib/python3.10/dist-packages/ception_msgs/ception_msgs_s__rosidl_typesupport_c.cpython-310-aarch64-linux-gnu.so\n'}
[9.844833] (ception_msgs) StdoutLine: {'line': b'-- Up-to-date symlink: /home/diablo/diablo_ws/install/ception_msgs/local/lib/python3.10/dist-packages/ception_msgs/ception_msgs_s__rosidl_typesupport_fastrtps_c.cpython-310-aarch64-linux-gnu.so\n'}
[9.846599] (ception_msgs) StdoutLine: {'line': b'-- Up-to-date symlink: /home/diablo/diablo_ws/install/ception_msgs/local/lib/python3.10/dist-packages/ception_msgs/ception_msgs_s__rosidl_typesupport_introspection_c.cpython-310-aarch64-linux-gnu.so\n'}
[9.848192] (ception_msgs) StdoutLine: {'line': b'-- Up-to-date symlink: /home/diablo/diablo_ws/install/ception_msgs/local/lib/python3.10/dist-packages/ception_msgs/libception_msgs__rosidl_generator_py.so\n'}
[9.850752] (ception_msgs) StdoutLine: {'line': b'-- Up-to-date symlink: /home/diablo/diablo_ws/install/ception_msgs/local/lib/python3.10/dist-packages/ception_msgs/msg/__init__.py\n'}
[9.852355] (motion_msgs) StdoutLine: {'line': b'-- Symlinking: /home/diablo/diablo_ws/install/motion_msgs/include/motion_msgs/motion_msgs/msg/detail/ctrl_plot__functions.h\n'}
[9.853062] (ception_msgs) StdoutLine: {'line': b'-- Up-to-date symlink: /home/diablo/diablo_ws/install/ception_msgs/local/lib/python3.10/dist-packages/ception_msgs/msg/_imu_euler.py\n'}
[9.853991] (ception_msgs) StdoutLine: {'line': b'-- Up-to-date symlink: /home/diablo/diablo_ws/install/ception_msgs/local/lib/python3.10/dist-packages/ception_msgs/msg/_imu_euler_s.c\n'}
[9.855832] (ception_msgs) StdoutLine: {'line': b'-- Up-to-date symlink: /home/diablo/diablo_ws/install/ception_msgs/local/lib/python3.10/dist-packages/ception_msgs/ception_msgs_s__rosidl_typesupport_fastrtps_c.cpython-310-aarch64-linux-gnu.so\n'}
[9.857605] (ception_msgs) StdoutLine: {'line': b'-- Up-to-date symlink: /home/diablo/diablo_ws/install/ception_msgs/local/lib/python3.10/dist-packages/ception_msgs/ception_msgs_s__rosidl_typesupport_introspection_c.cpython-310-aarch64-linux-gnu.so\n'}
[9.859398] (ception_msgs) StdoutLine: {'line': b'-- Up-to-date symlink: /home/diablo/diablo_ws/install/ception_msgs/local/lib/python3.10/dist-packages/ception_msgs/ception_msgs_s__rosidl_typesupport_c.cpython-310-aarch64-linux-gnu.so\n'}
[9.861940] (ception_msgs) StdoutLine: {'line': b'-- Up-to-date symlink: /home/diablo/diablo_ws/install/ception_msgs/share/ception_msgs/msg/IMUEuler.idl\n'}
[9.863587] (ception_msgs) StdoutLine: {'line': b'-- Up-to-date symlink: /home/diablo/diablo_ws/install/ception_msgs/share/ception_msgs/msg/IMUEuler.msg\n'}
[9.866218] (ception_msgs) StdoutLine: {'line': b'-- Up-to-date symlink: /home/diablo/diablo_ws/install/ception_msgs/share/ament_index/resource_index/package_run_dependencies/ception_msgs\n'}
[9.868537] (ception_msgs) StdoutLine: {'line': b'-- Up-to-date symlink: /home/diablo/diablo_ws/install/ception_msgs/share/ament_index/resource_index/parent_prefix_path/ception_msgs\n'}
[9.870555] (ception_msgs) StdoutLine: {'line': b'-- Up-to-date symlink: /home/diablo/diablo_ws/install/ception_msgs/share/ception_msgs/environment/ament_prefix_path.sh\n'}
[9.872372] (ception_msgs) StdoutLine: {'line': b'-- Up-to-date symlink: /home/diablo/diablo_ws/install/ception_msgs/share/ception_msgs/environment/ament_prefix_path.dsv\n'}
[9.872979] (-) TimerEvent: {}
[9.874730] (ception_msgs) StdoutLine: {'line': b'-- Up-to-date symlink: /home/diablo/diablo_ws/install/ception_msgs/share/ception_msgs/environment/path.sh\n'}
[9.876460] (ception_msgs) StdoutLine: {'line': b'-- Up-to-date symlink: /home/diablo/diablo_ws/install/ception_msgs/share/ception_msgs/environment/path.dsv\n'}
[9.878322] (ception_msgs) StdoutLine: {'line': b'-- Up-to-date symlink: /home/diablo/diablo_ws/install/ception_msgs/share/ception_msgs/local_setup.bash\n'}
[9.880614] (ception_msgs) StdoutLine: {'line': b'-- Up-to-date symlink: /home/diablo/diablo_ws/install/ception_msgs/share/ception_msgs/local_setup.sh\n'}
[9.882263] (ception_msgs) StdoutLine: {'line': b'-- Up-to-date symlink: /home/diablo/diablo_ws/install/ception_msgs/share/ception_msgs/local_setup.zsh\n'}
[9.884008] (ception_msgs) StdoutLine: {'line': b'-- Up-to-date symlink: /home/diablo/diablo_ws/install/ception_msgs/share/ception_msgs/local_setup.dsv\n'}
[9.884891] (ception_msgs) StdoutLine: {'line': b'-- Symlinking: /home/diablo/diablo_ws/install/ception_msgs/share/ception_msgs/package.dsv\n'}
[9.888968] (motion_msgs) StdoutLine: {'line': b'-- Symlinking: /home/diablo/diablo_ws/install/motion_msgs/include/motion_msgs/motion_msgs/msg/detail/ctrl_plot__struct.h\n'}
[9.920333] (ception_msgs) StdoutLine: {'line': b'-- Up-to-date symlink: /home/diablo/diablo_ws/install/ception_msgs/share/ament_index/resource_index/packages/ception_msgs\n'}
[9.922094] (motion_msgs) StdoutLine: {'line': b'-- Symlinking: /home/diablo/diablo_ws/install/motion_msgs/include/motion_msgs/motion_msgs/msg/detail/ctrl_plot__type_support.h\n'}
[9.922863] (ception_msgs) StdoutLine: {'line': b'-- Up-to-date symlink: /home/diablo/diablo_ws/install/ception_msgs/share/ception_msgs/cmake/rosidl_cmake-extras.cmake\n'}
[9.924152] (ception_msgs) StdoutLine: {'line': b'-- Up-to-date symlink: /home/diablo/diablo_ws/install/ception_msgs/share/ception_msgs/cmake/ament_cmake_export_dependencies-extras.cmake\n'}
[9.925929] (ception_msgs) StdoutLine: {'line': b'-- Up-to-date symlink: /home/diablo/diablo_ws/install/ception_msgs/share/ception_msgs/cmake/ament_cmake_export_include_directories-extras.cmake\n'}
[9.927482] (ception_msgs) StdoutLine: {'line': b'-- Up-to-date symlink: /home/diablo/diablo_ws/install/ception_msgs/share/ception_msgs/cmake/ament_cmake_export_libraries-extras.cmake\n'}
[9.929206] (ception_msgs) StdoutLine: {'line': b'-- Up-to-date symlink: /home/diablo/diablo_ws/install/ception_msgs/share/ception_msgs/cmake/ament_cmake_export_targets-extras.cmake\n'}
[9.930883] (ception_msgs) StdoutLine: {'line': b'-- Up-to-date symlink: /home/diablo/diablo_ws/install/ception_msgs/share/ception_msgs/cmake/rosidl_cmake_export_typesupport_targets-extras.cmake\n'}
[9.932586] (ception_msgs) StdoutLine: {'line': b'-- Up-to-date symlink: /home/diablo/diablo_ws/install/ception_msgs/share/ception_msgs/cmake/rosidl_cmake_export_typesupport_libraries-extras.cmake\n'}
[9.934357] (ception_msgs) StdoutLine: {'line': b'-- Up-to-date symlink: /home/diablo/diablo_ws/install/ception_msgs/share/ception_msgs/cmake/ception_msgsConfig.cmake\n'}
[9.935881] (ception_msgs) StdoutLine: {'line': b'-- Up-to-date symlink: /home/diablo/diablo_ws/install/ception_msgs/share/ception_msgs/cmake/ception_msgsConfig-version.cmake\n'}
[9.937766] (ception_msgs) StdoutLine: {'line': b'-- Up-to-date symlink: /home/diablo/diablo_ws/install/ception_msgs/share/ception_msgs/package.xml\n'}
[9.941137] (ception_msgs) StdoutLine: {'line': b'-- Up-to-date: /home/diablo/diablo_ws/install/ception_msgs/lib/libception_msgs__rosidl_generator_c.so\n'}
[9.945091] (ception_msgs) StdoutLine: {'line': b'-- Up-to-date: /home/diablo/diablo_ws/install/ception_msgs/lib/libception_msgs__rosidl_typesupport_fastrtps_c.so\n'}
[9.948395] (ception_msgs) StdoutLine: {'line': b'-- Up-to-date: /home/diablo/diablo_ws/install/ception_msgs/lib/libception_msgs__rosidl_typesupport_introspection_c.so\n'}
[9.951502] (ception_msgs) StdoutLine: {'line': b'-- Up-to-date: /home/diablo/diablo_ws/install/ception_msgs/lib/libception_msgs__rosidl_typesupport_c.so\n'}
[9.954876] (ception_msgs) StdoutLine: {'line': b'-- Up-to-date: /home/diablo/diablo_ws/install/ception_msgs/lib/libception_msgs__rosidl_typesupport_fastrtps_cpp.so\n'}
[9.958034] (motion_msgs) StdoutLine: {'line': b'-- Symlinking: /home/diablo/diablo_ws/install/motion_msgs/include/motion_msgs/motion_msgs/msg/detail/leg_motors__functions.h\n'}
[9.958826] (ception_msgs) StdoutLine: {'line': b'-- Up-to-date: /home/diablo/diablo_ws/install/ception_msgs/lib/libception_msgs__rosidl_typesupport_introspection_cpp.so\n'}
[9.961674] (ception_msgs) StdoutLine: {'line': b'-- Up-to-date: /home/diablo/diablo_ws/install/ception_msgs/lib/libception_msgs__rosidl_typesupport_cpp.so\n'}
[9.973422] (-) TimerEvent: {}
[9.994761] (motion_msgs) StdoutLine: {'line': b'-- Symlinking: /home/diablo/diablo_ws/install/motion_msgs/include/motion_msgs/motion_msgs/msg/detail/leg_motors__struct.h\n'}
[10.027936] (motion_msgs) StdoutLine: {'line': b'-- Symlinking: /home/diablo/diablo_ws/install/motion_msgs/include/motion_msgs/motion_msgs/msg/detail/leg_motors__type_support.h\n'}
[10.061082] (motion_msgs) StdoutLine: {'line': b'-- Symlinking: /home/diablo/diablo_ws/install/motion_msgs/include/motion_msgs/motion_msgs/msg/detail/motion_ctrl__functions.h\n'}
[10.073665] (-) TimerEvent: {}
[10.095173] (motion_msgs) StdoutLine: {'line': b'-- Symlinking: /home/diablo/diablo_ws/install/motion_msgs/include/motion_msgs/motion_msgs/msg/detail/motion_ctrl__struct.h\n'}
[10.129222] (motion_msgs) StdoutLine: {'line': b'-- Symlinking: /home/diablo/diablo_ws/install/motion_msgs/include/motion_msgs/motion_msgs/msg/detail/motion_ctrl__type_support.h\n'}
[10.155085] (ception_msgs) StdoutLine: {'line': b"Listing '/home/diablo/diablo_ws/install/ception_msgs/local/lib/python3.10/dist-packages/ception_msgs'...\n"}
[10.156705] (ception_msgs) StdoutLine: {'line': b"Compiling '/home/diablo/diablo_ws/install/ception_msgs/local/lib/python3.10/dist-packages/ception_msgs/__init__.py'...\n"}
[10.157971] (ception_msgs) StdoutLine: {'line': b"Listing '/home/diablo/diablo_ws/install/ception_msgs/local/lib/python3.10/dist-packages/ception_msgs/msg'...\n"}
[10.166015] (motion_msgs) StdoutLine: {'line': b'-- Symlinking: /home/diablo/diablo_ws/install/motion_msgs/include/motion_msgs/motion_msgs/msg/detail/movement_ctrl_data__functions.h\n'}
[10.174013] (-) TimerEvent: {}
[10.190242] (ception_msgs) StdoutLine: {'line': b'-- Up-to-date: /home/diablo/diablo_ws/install/ception_msgs/lib/libception_msgs__rosidl_generator_py.so\n'}
[10.193222] (ception_msgs) StdoutLine: {'line': b'-- Up-to-date: /home/diablo/diablo_ws/install/ception_msgs/share/ception_msgs/cmake/export_ception_msgs__rosidl_generator_cExport.cmake\n'}
[10.193956] (ception_msgs) StdoutLine: {'line': b'-- Up-to-date: /home/diablo/diablo_ws/install/ception_msgs/share/ception_msgs/cmake/export_ception_msgs__rosidl_generator_cExport-release.cmake\n'}
[10.195691] (ception_msgs) StdoutLine: {'line': b'-- Up-to-date: /home/diablo/diablo_ws/install/ception_msgs/share/ception_msgs/cmake/export_ception_msgs__rosidl_typesupport_fastrtps_cExport.cmake\n'}
[10.196413] (ception_msgs) StdoutLine: {'line': b'-- Up-to-date: /home/diablo/diablo_ws/install/ception_msgs/share/ception_msgs/cmake/export_ception_msgs__rosidl_typesupport_fastrtps_cExport-release.cmake\n'}
[10.198342] (ception_msgs) StdoutLine: {'line': b'-- Up-to-date: /home/diablo/diablo_ws/install/ception_msgs/share/ception_msgs/cmake/ception_msgs__rosidl_typesupport_introspection_cExport.cmake\n'}
[10.199102] (ception_msgs) StdoutLine: {'line': b'-- Up-to-date: /home/diablo/diablo_ws/install/ception_msgs/share/ception_msgs/cmake/ception_msgs__rosidl_typesupport_introspection_cExport-release.cmake\n'}
[10.200651] (ception_msgs) StdoutLine: {'line': b'-- Up-to-date: /home/diablo/diablo_ws/install/ception_msgs/share/ception_msgs/cmake/ception_msgs__rosidl_typesupport_cExport.cmake\n'}
[10.201385] (ception_msgs) StdoutLine: {'line': b'-- Up-to-date: /home/diablo/diablo_ws/install/ception_msgs/share/ception_msgs/cmake/ception_msgs__rosidl_typesupport_cExport-release.cmake\n'}
[10.203131] (ception_msgs) StdoutLine: {'line': b'-- Up-to-date: /home/diablo/diablo_ws/install/ception_msgs/share/ception_msgs/cmake/export_ception_msgs__rosidl_generator_cppExport.cmake\n'}
[10.204957] (ception_msgs) StdoutLine: {'line': b'-- Up-to-date: /home/diablo/diablo_ws/install/ception_msgs/share/ception_msgs/cmake/export_ception_msgs__rosidl_typesupport_fastrtps_cppExport.cmake\n'}
[10.205706] (motion_msgs) StdoutLine: {'line': b'-- Symlinking: /home/diablo/diablo_ws/install/motion_msgs/include/motion_msgs/motion_msgs/msg/detail/movement_ctrl_data__struct.h\n'}
[10.206364] (ception_msgs) StdoutLine: {'line': b'-- Up-to-date: /home/diablo/diablo_ws/install/ception_msgs/share/ception_msgs/cmake/export_ception_msgs__rosidl_typesupport_fastrtps_cppExport-release.cmake\n'}
[10.207473] (ception_msgs) StdoutLine: {'line': b'-- Up-to-date: /home/diablo/diablo_ws/install/ception_msgs/share/ception_msgs/cmake/ception_msgs__rosidl_typesupport_introspection_cppExport.cmake\n'}
[10.208027] (ception_msgs) StdoutLine: {'line': b'-- Up-to-date: /home/diablo/diablo_ws/install/ception_msgs/share/ception_msgs/cmake/ception_msgs__rosidl_typesupport_introspection_cppExport-release.cmake\n'}
[10.209709] (ception_msgs) StdoutLine: {'line': b'-- Up-to-date: /home/diablo/diablo_ws/install/ception_msgs/share/ception_msgs/cmake/ception_msgs__rosidl_typesupport_cppExport.cmake\n'}
[10.210488] (ception_msgs) StdoutLine: {'line': b'-- Up-to-date: /home/diablo/diablo_ws/install/ception_msgs/share/ception_msgs/cmake/ception_msgs__rosidl_typesupport_cppExport-release.cmake\n'}
[10.212321] (ception_msgs) StdoutLine: {'line': b'-- Up-to-date: /home/diablo/diablo_ws/install/ception_msgs/share/ception_msgs/cmake/export_ception_msgs__rosidl_generator_pyExport.cmake\n'}
[10.212995] (ception_msgs) StdoutLine: {'line': b'-- Up-to-date: /home/diablo/diablo_ws/install/ception_msgs/share/ception_msgs/cmake/export_ception_msgs__rosidl_generator_pyExport-release.cmake\n'}
[10.220398] (ception_msgs) CommandEnded: {'returncode': 0}
[10.240367] (motion_msgs) StdoutLine: {'line': b'-- Symlinking: /home/diablo/diablo_ws/install/motion_msgs/include/motion_msgs/motion_msgs/msg/detail/movement_ctrl_data__type_support.h\n'}
[10.275110] (motion_msgs) StdoutLine: {'line': b'-- Symlinking: /home/diablo/diablo_ws/install/motion_msgs/include/motion_msgs/motion_msgs/msg/detail/movement_ctrl_mode__functions.h\n'}
[10.275868] (-) TimerEvent: {}
[10.312072] (motion_msgs) StdoutLine: {'line': b'-- Symlinking: /home/diablo/diablo_ws/install/motion_msgs/include/motion_msgs/motion_msgs/msg/detail/movement_ctrl_mode__struct.h\n'}
[10.346619] (motion_msgs) StdoutLine: {'line': b'-- Symlinking: /home/diablo/diablo_ws/install/motion_msgs/include/motion_msgs/motion_msgs/msg/detail/movement_ctrl_mode__type_support.h\n'}
[10.376220] (-) TimerEvent: {}
[10.380231] (ception_msgs) JobEnded: {'identifier': 'ception_msgs', 'rc': 0}
[10.382864] (motion_msgs) StdoutLine: {'line': b'-- Symlinking: /home/diablo/diablo_ws/install/motion_msgs/include/motion_msgs/motion_msgs/msg/detail/robot_status__functions.h\n'}
[10.413190] (motion_msgs) StdoutLine: {'line': b'-- Symlinking: /home/diablo/diablo_ws/install/motion_msgs/include/motion_msgs/motion_msgs/msg/detail/robot_status__struct.h\n'}
[10.444355] (motion_msgs) StdoutLine: {'line': b'-- Symlinking: /home/diablo/diablo_ws/install/motion_msgs/include/motion_msgs/motion_msgs/msg/detail/robot_status__type_support.h\n'}
[10.475674] (motion_msgs) StdoutLine: {'line': b'-- Symlinking: /home/diablo/diablo_ws/install/motion_msgs/include/motion_msgs/motion_msgs/msg/leg_motors.h\n'}
[10.476315] (-) TimerEvent: {}
[10.509425] (motion_msgs) StdoutLine: {'line': b'-- Symlinking: /home/diablo/diablo_ws/install/motion_msgs/include/motion_msgs/motion_msgs/msg/motion_ctrl.h\n'}
[10.540935] (motion_msgs) StdoutLine: {'line': b'-- Symlinking: /home/diablo/diablo_ws/install/motion_msgs/include/motion_msgs/motion_msgs/msg/movement_ctrl_data.h\n'}
[10.572102] (motion_msgs) StdoutLine: {'line': b'-- Symlinking: /home/diablo/diablo_ws/install/motion_msgs/include/motion_msgs/motion_msgs/msg/movement_ctrl_mode.h\n'}
[10.576523] (-) TimerEvent: {}
[10.606787] (motion_msgs) StdoutLine: {'line': b'-- Symlinking: /home/diablo/diablo_ws/install/motion_msgs/include/motion_msgs/motion_msgs/msg/robot_status.h\n'}
[10.638384] (motion_msgs) StdoutLine: {'line': b'-- Symlinking: /home/diablo/diablo_ws/install/motion_msgs/include/motion_msgs/motion_msgs/msg/rosidl_generator_c__visibility_control.h\n'}
[10.670364] (motion_msgs) StdoutLine: {'line': b'-- Symlinking: /home/diablo/diablo_ws/install/motion_msgs/share/motion_msgs/environment/library_path.sh\n'}
[10.676688] (-) TimerEvent: {}
[10.702349] (motion_msgs) StdoutLine: {'line': b'-- Symlinking: /home/diablo/diablo_ws/install/motion_msgs/share/motion_msgs/environment/library_path.dsv\n'}
[10.736871] (motion_msgs) StdoutLine: {'line': b'-- Symlinking: /home/diablo/diablo_ws/install/motion_msgs/include/motion_msgs/motion_msgs/msg/detail/ctrl_plot__rosidl_typesupport_fastrtps_c.h\n'}
[10.771194] (motion_msgs) StdoutLine: {'line': b'-- Symlinking: /home/diablo/diablo_ws/install/motion_msgs/include/motion_msgs/motion_msgs/msg/detail/leg_motors__rosidl_typesupport_fastrtps_c.h\n'}
[10.776957] (-) TimerEvent: {}
[10.803480] (motion_msgs) StdoutLine: {'line': b'-- Symlinking: /home/diablo/diablo_ws/install/motion_msgs/include/motion_msgs/motion_msgs/msg/detail/motion_ctrl__rosidl_typesupport_fastrtps_c.h\n'}
[10.834185] (motion_msgs) StdoutLine: {'line': b'-- Symlinking: /home/diablo/diablo_ws/install/motion_msgs/include/motion_msgs/motion_msgs/msg/detail/movement_ctrl_data__rosidl_typesupport_fastrtps_c.h\n'}
[10.866092] (motion_msgs) StdoutLine: {'line': b'-- Symlinking: /home/diablo/diablo_ws/install/motion_msgs/include/motion_msgs/motion_msgs/msg/detail/movement_ctrl_mode__rosidl_typesupport_fastrtps_c.h\n'}
[10.877129] (-) TimerEvent: {}
[10.897464] (motion_msgs) StdoutLine: {'line': b'-- Symlinking: /home/diablo/diablo_ws/install/motion_msgs/include/motion_msgs/motion_msgs/msg/detail/robot_status__rosidl_typesupport_fastrtps_c.h\n'}
[10.928734] (motion_msgs) StdoutLine: {'line': b'-- Symlinking: /home/diablo/diablo_ws/install/motion_msgs/include/motion_msgs/motion_msgs/msg/rosidl_typesupport_fastrtps_c__visibility_control.h\n'}
[10.965105] (motion_msgs) StdoutLine: {'line': b'-- Symlinking: /home/diablo/diablo_ws/install/motion_msgs/include/motion_msgs/motion_msgs/msg/detail/ctrl_plot__rosidl_typesupport_introspection_c.h\n'}
[10.977332] (-) TimerEvent: {}
[10.999673] (motion_msgs) StdoutLine: {'line': b'-- Symlinking: /home/diablo/diablo_ws/install/motion_msgs/include/motion_msgs/motion_msgs/msg/detail/leg_motors__rosidl_typesupport_introspection_c.h\n'}
[11.034806] (motion_msgs) StdoutLine: {'line': b'-- Symlinking: /home/diablo/diablo_ws/install/motion_msgs/include/motion_msgs/motion_msgs/msg/detail/motion_ctrl__rosidl_typesupport_introspection_c.h\n'}
[11.066799] (motion_msgs) StdoutLine: {'line': b'-- Symlinking: /home/diablo/diablo_ws/install/motion_msgs/include/motion_msgs/motion_msgs/msg/detail/movement_ctrl_data__rosidl_typesupport_introspection_c.h\n'}
[11.077978] (-) TimerEvent: {}
[11.104609] (motion_msgs) StdoutLine: {'line': b'-- Symlinking: /home/diablo/diablo_ws/install/motion_msgs/include/motion_msgs/motion_msgs/msg/detail/movement_ctrl_mode__rosidl_typesupport_introspection_c.h\n'}
[11.136020] (motion_msgs) StdoutLine: {'line': b'-- Symlinking: /home/diablo/diablo_ws/install/motion_msgs/include/motion_msgs/motion_msgs/msg/detail/robot_status__rosidl_typesupport_introspection_c.h\n'}
[11.167455] (motion_msgs) StdoutLine: {'line': b'-- Symlinking: /home/diablo/diablo_ws/install/motion_msgs/include/motion_msgs/motion_msgs/msg/rosidl_typesupport_introspection_c__visibility_control.h\n'}
[11.178142] (-) TimerEvent: {}
[11.203097] (motion_msgs) StdoutLine: {'line': b'-- Symlinking: /home/diablo/diablo_ws/install/motion_msgs/include/motion_msgs/motion_msgs/msg/ctrl_plot.hpp\n'}
[11.236461] (motion_msgs) StdoutLine: {'line': b'-- Symlinking: /home/diablo/diablo_ws/install/motion_msgs/include/motion_msgs/motion_msgs/msg/detail/ctrl_plot__builder.hpp\n'}
[11.278346] (-) TimerEvent: {}
[11.311190] (motion_msgs) StdoutLine: {'line': b'-- Symlinking: /home/diablo/diablo_ws/install/motion_msgs/include/motion_msgs/motion_msgs/msg/detail/ctrl_plot__struct.hpp\n'}
[11.346912] (motion_msgs) StdoutLine: {'line': b'-- Symlinking: /home/diablo/diablo_ws/install/motion_msgs/include/motion_msgs/motion_msgs/msg/detail/ctrl_plot__traits.hpp\n'}
[11.378604] (motion_msgs) StdoutLine: {'line': b'-- Symlinking: /home/diablo/diablo_ws/install/motion_msgs/include/motion_msgs/motion_msgs/msg/detail/ctrl_plot__type_support.hpp\n'}
[11.379161] (-) TimerEvent: {}
[11.411397] (motion_msgs) StdoutLine: {'line': b'-- Symlinking: /home/diablo/diablo_ws/install/motion_msgs/include/motion_msgs/motion_msgs/msg/detail/leg_motors__builder.hpp\n'}
[11.442742] (motion_msgs) StdoutLine: {'line': b'-- Symlinking: /home/diablo/diablo_ws/install/motion_msgs/include/motion_msgs/motion_msgs/msg/detail/leg_motors__struct.hpp\n'}
[11.474897] (motion_msgs) StdoutLine: {'line': b'-- Symlinking: /home/diablo/diablo_ws/install/motion_msgs/include/motion_msgs/motion_msgs/msg/detail/leg_motors__traits.hpp\n'}
[11.479368] (-) TimerEvent: {}
[11.506970] (motion_msgs) StdoutLine: {'line': b'-- Symlinking: /home/diablo/diablo_ws/install/motion_msgs/include/motion_msgs/motion_msgs/msg/detail/leg_motors__type_support.hpp\n'}
[11.539100] (motion_msgs) StdoutLine: {'line': b'-- Symlinking: /home/diablo/diablo_ws/install/motion_msgs/include/motion_msgs/motion_msgs/msg/detail/motion_ctrl__builder.hpp\n'}
[11.570397] (motion_msgs) StdoutLine: {'line': b'-- Symlinking: /home/diablo/diablo_ws/install/motion_msgs/include/motion_msgs/motion_msgs/msg/detail/motion_ctrl__struct.hpp\n'}
[11.579578] (-) TimerEvent: {}
[11.603667] (motion_msgs) StdoutLine: {'line': b'-- Symlinking: /home/diablo/diablo_ws/install/motion_msgs/include/motion_msgs/motion_msgs/msg/detail/motion_ctrl__traits.hpp\n'}
[11.637217] (motion_msgs) StdoutLine: {'line': b'-- Symlinking: /home/diablo/diablo_ws/install/motion_msgs/include/motion_msgs/motion_msgs/msg/detail/motion_ctrl__type_support.hpp\n'}
[11.669246] (motion_msgs) StdoutLine: {'line': b'-- Symlinking: /home/diablo/diablo_ws/install/motion_msgs/include/motion_msgs/motion_msgs/msg/detail/movement_ctrl_data__builder.hpp\n'}
[11.679775] (-) TimerEvent: {}
[11.701191] (motion_msgs) StdoutLine: {'line': b'-- Symlinking: /home/diablo/diablo_ws/install/motion_msgs/include/motion_msgs/motion_msgs/msg/detail/movement_ctrl_data__struct.hpp\n'}
[11.733044] (motion_msgs) StdoutLine: {'line': b'-- Symlinking: /home/diablo/diablo_ws/install/motion_msgs/include/motion_msgs/motion_msgs/msg/detail/movement_ctrl_data__traits.hpp\n'}
[11.766095] (motion_msgs) StdoutLine: {'line': b'-- Symlinking: /home/diablo/diablo_ws/install/motion_msgs/include/motion_msgs/motion_msgs/msg/detail/movement_ctrl_data__type_support.hpp\n'}
[11.779975] (-) TimerEvent: {}
[11.798594] (motion_msgs) StdoutLine: {'line': b'-- Symlinking: /home/diablo/diablo_ws/install/motion_msgs/include/motion_msgs/motion_msgs/msg/detail/movement_ctrl_mode__builder.hpp\n'}
[11.830891] (motion_msgs) StdoutLine: {'line': b'-- Symlinking: /home/diablo/diablo_ws/install/motion_msgs/include/motion_msgs/motion_msgs/msg/detail/movement_ctrl_mode__struct.hpp\n'}
[11.864018] (motion_msgs) StdoutLine: {'line': b'-- Symlinking: /home/diablo/diablo_ws/install/motion_msgs/include/motion_msgs/motion_msgs/msg/detail/movement_ctrl_mode__traits.hpp\n'}
[11.880307] (-) TimerEvent: {}
[11.898820] (motion_msgs) StdoutLine: {'line': b'-- Symlinking: /home/diablo/diablo_ws/install/motion_msgs/include/motion_msgs/motion_msgs/msg/detail/movement_ctrl_mode__type_support.hpp\n'}
[11.930782] (motion_msgs) StdoutLine: {'line': b'-- Symlinking: /home/diablo/diablo_ws/install/motion_msgs/include/motion_msgs/motion_msgs/msg/detail/robot_status__builder.hpp\n'}
[11.962731] (motion_msgs) StdoutLine: {'line': b'-- Symlinking: /home/diablo/diablo_ws/install/motion_msgs/include/motion_msgs/motion_msgs/msg/detail/robot_status__struct.hpp\n'}
[11.980518] (-) TimerEvent: {}
[11.994555] (motion_msgs) StdoutLine: {'line': b'-- Symlinking: /home/diablo/diablo_ws/install/motion_msgs/include/motion_msgs/motion_msgs/msg/detail/robot_status__traits.hpp\n'}
[12.025599] (motion_msgs) StdoutLine: {'line': b'-- Symlinking: /home/diablo/diablo_ws/install/motion_msgs/include/motion_msgs/motion_msgs/msg/detail/robot_status__type_support.hpp\n'}
[12.057392] (motion_msgs) StdoutLine: {'line': b'-- Symlinking: /home/diablo/diablo_ws/install/motion_msgs/include/motion_msgs/motion_msgs/msg/leg_motors.hpp\n'}
[12.080753] (-) TimerEvent: {}
[12.091063] (motion_msgs) StdoutLine: {'line': b'-- Symlinking: /home/diablo/diablo_ws/install/motion_msgs/include/motion_msgs/motion_msgs/msg/motion_ctrl.hpp\n'}
[12.122207] (motion_msgs) StdoutLine: {'line': b'-- Symlinking: /home/diablo/diablo_ws/install/motion_msgs/include/motion_msgs/motion_msgs/msg/movement_ctrl_data.hpp\n'}
[12.153302] (motion_msgs) StdoutLine: {'line': b'-- Symlinking: /home/diablo/diablo_ws/install/motion_msgs/include/motion_msgs/motion_msgs/msg/movement_ctrl_mode.hpp\n'}
[12.180983] (-) TimerEvent: {}
[12.184726] (motion_msgs) StdoutLine: {'line': b'-- Symlinking: /home/diablo/diablo_ws/install/motion_msgs/include/motion_msgs/motion_msgs/msg/robot_status.hpp\n'}
[12.216508] (motion_msgs) StdoutLine: {'line': b'-- Symlinking: /home/diablo/diablo_ws/install/motion_msgs/include/motion_msgs/motion_msgs/msg/rosidl_generator_cpp__visibility_control.hpp\n'}
[12.252843] (motion_msgs) StdoutLine: {'line': b'-- Symlinking: /home/diablo/diablo_ws/install/motion_msgs/include/motion_msgs/motion_msgs/msg/detail/ctrl_plot__rosidl_typesupport_fastrtps_cpp.hpp\n'}
[12.281247] (-) TimerEvent: {}
[12.286516] (motion_msgs) StdoutLine: {'line': b'-- Symlinking: /home/diablo/diablo_ws/install/motion_msgs/include/motion_msgs/motion_msgs/msg/detail/leg_motors__rosidl_typesupport_fastrtps_cpp.hpp\n'}
[12.320139] (motion_msgs) StdoutLine: {'line': b'-- Symlinking: /home/diablo/diablo_ws/install/motion_msgs/include/motion_msgs/motion_msgs/msg/detail/motion_ctrl__rosidl_typesupport_fastrtps_cpp.hpp\n'}
[12.351523] (motion_msgs) StdoutLine: {'line': b'-- Symlinking: /home/diablo/diablo_ws/install/motion_msgs/include/motion_msgs/motion_msgs/msg/detail/movement_ctrl_data__rosidl_typesupport_fastrtps_cpp.hpp\n'}
[12.381476] (-) TimerEvent: {}
[12.383329] (motion_msgs) StdoutLine: {'line': b'-- Symlinking: /home/diablo/diablo_ws/install/motion_msgs/include/motion_msgs/motion_msgs/msg/detail/movement_ctrl_mode__rosidl_typesupport_fastrtps_cpp.hpp\n'}
[12.418141] (motion_msgs) StdoutLine: {'line': b'-- Symlinking: /home/diablo/diablo_ws/install/motion_msgs/include/motion_msgs/motion_msgs/msg/detail/robot_status__rosidl_typesupport_fastrtps_cpp.hpp\n'}
[12.449307] (motion_msgs) StdoutLine: {'line': b'-- Symlinking: /home/diablo/diablo_ws/install/motion_msgs/include/motion_msgs/motion_msgs/msg/rosidl_typesupport_fastrtps_cpp__visibility_control.h\n'}
[12.481731] (-) TimerEvent: {}
[12.482766] (motion_msgs) StdoutLine: {'line': b'-- Symlinking: /home/diablo/diablo_ws/install/motion_msgs/include/motion_msgs/motion_msgs/msg/detail/ctrl_plot__rosidl_typesupport_introspection_cpp.hpp\n'}
[12.516082] (motion_msgs) StdoutLine: {'line': b'-- Symlinking: /home/diablo/diablo_ws/install/motion_msgs/include/motion_msgs/motion_msgs/msg/detail/leg_motors__rosidl_typesupport_introspection_cpp.hpp\n'}
[12.548637] (motion_msgs) StdoutLine: {'line': b'-- Symlinking: /home/diablo/diablo_ws/install/motion_msgs/include/motion_msgs/motion_msgs/msg/detail/motion_ctrl__rosidl_typesupport_introspection_cpp.hpp\n'}
[12.582016] (-) TimerEvent: {}
[12.582707] (motion_msgs) StdoutLine: {'line': b'-- Symlinking: /home/diablo/diablo_ws/install/motion_msgs/include/motion_msgs/motion_msgs/msg/detail/movement_ctrl_data__rosidl_typesupport_introspection_cpp.hpp\n'}
[12.614879] (motion_msgs) StdoutLine: {'line': b'-- Symlinking: /home/diablo/diablo_ws/install/motion_msgs/include/motion_msgs/motion_msgs/msg/detail/movement_ctrl_mode__rosidl_typesupport_introspection_cpp.hpp\n'}
[12.646618] (motion_msgs) StdoutLine: {'line': b'-- Symlinking: /home/diablo/diablo_ws/install/motion_msgs/include/motion_msgs/motion_msgs/msg/detail/robot_status__rosidl_typesupport_introspection_cpp.hpp\n'}
[12.680134] (motion_msgs) StdoutLine: {'line': b'-- Symlinking: /home/diablo/diablo_ws/install/motion_msgs/share/motion_msgs/environment/pythonpath.sh\n'}
[12.682093] (-) TimerEvent: {}
[12.713556] (motion_msgs) StdoutLine: {'line': b'-- Symlinking: /home/diablo/diablo_ws/install/motion_msgs/share/motion_msgs/environment/pythonpath.dsv\n'}
[12.747175] (motion_msgs) StdoutLine: {'line': b'-- Symlinking: /home/diablo/diablo_ws/install/motion_msgs/local/lib/python3.10/dist-packages/motion_msgs-1.0.0-py3.10.egg-info/PKG-INFO\n'}
[12.779138] (motion_msgs) StdoutLine: {'line': b'-- Symlinking: /home/diablo/diablo_ws/install/motion_msgs/local/lib/python3.10/dist-packages/motion_msgs-1.0.0-py3.10.egg-info/SOURCES.txt\n'}
[12.782267] (-) TimerEvent: {}
[12.812009] (motion_msgs) StdoutLine: {'line': b'-- Symlinking: /home/diablo/diablo_ws/install/motion_msgs/local/lib/python3.10/dist-packages/motion_msgs-1.0.0-py3.10.egg-info/dependency_links.txt\n'}
[12.843943] (motion_msgs) StdoutLine: {'line': b'-- Symlinking: /home/diablo/diablo_ws/install/motion_msgs/local/lib/python3.10/dist-packages/motion_msgs-1.0.0-py3.10.egg-info/top_level.txt\n'}
[12.882442] (-) TimerEvent: {}
[12.884646] (motion_msgs) StdoutLine: {'line': b'-- Symlinking: /home/diablo/diablo_ws/install/motion_msgs/local/lib/python3.10/dist-packages/motion_msgs/__init__.py\n'}
[12.918251] (motion_msgs) StdoutLine: {'line': b'-- Symlinking: /home/diablo/diablo_ws/install/motion_msgs/local/lib/python3.10/dist-packages/motion_msgs/_motion_msgs_s.ep.rosidl_typesupport_c.c\n'}
[12.949529] (motion_msgs) StdoutLine: {'line': b'-- Symlinking: /home/diablo/diablo_ws/install/motion_msgs/local/lib/python3.10/dist-packages/motion_msgs/_motion_msgs_s.ep.rosidl_typesupport_fastrtps_c.c\n'}
[12.981802] (motion_msgs) StdoutLine: {'line': b'-- Symlinking: /home/diablo/diablo_ws/install/motion_msgs/local/lib/python3.10/dist-packages/motion_msgs/_motion_msgs_s.ep.rosidl_typesupport_introspection_c.c\n'}
[12.982553] (-) TimerEvent: {}
[13.014970] (motion_msgs) StdoutLine: {'line': b'-- Symlinking: /home/diablo/diablo_ws/install/motion_msgs/local/lib/python3.10/dist-packages/motion_msgs/libmotion_msgs__rosidl_generator_py.so\n'}
[13.046092] (motion_msgs) StdoutLine: {'line': b'-- Symlinking: /home/diablo/diablo_ws/install/motion_msgs/local/lib/python3.10/dist-packages/motion_msgs/motion_msgs_s__rosidl_typesupport_c.cpython-310-aarch64-linux-gnu.so\n'}
[13.078070] (motion_msgs) StdoutLine: {'line': b'-- Symlinking: /home/diablo/diablo_ws/install/motion_msgs/local/lib/python3.10/dist-packages/motion_msgs/motion_msgs_s__rosidl_typesupport_fastrtps_c.cpython-310-aarch64-linux-gnu.so\n'}
[13.082740] (-) TimerEvent: {}
[13.110533] (motion_msgs) StdoutLine: {'line': b'-- Symlinking: /home/diablo/diablo_ws/install/motion_msgs/local/lib/python3.10/dist-packages/motion_msgs/motion_msgs_s__rosidl_typesupport_introspection_c.cpython-310-aarch64-linux-gnu.so\n'}
[13.141940] (motion_msgs) StdoutLine: {'line': b'-- Symlinking: /home/diablo/diablo_ws/install/motion_msgs/local/lib/python3.10/dist-packages/motion_msgs/msg/__init__.py\n'}
[13.173297] (motion_msgs) StdoutLine: {'line': b'-- Symlinking: /home/diablo/diablo_ws/install/motion_msgs/local/lib/python3.10/dist-packages/motion_msgs/msg/_ctrl_plot.py\n'}
[13.182922] (-) TimerEvent: {}
[13.205208] (motion_msgs) StdoutLine: {'line': b'-- Symlinking: /home/diablo/diablo_ws/install/motion_msgs/local/lib/python3.10/dist-packages/motion_msgs/msg/_ctrl_plot_s.c\n'}
[13.235683] (motion_msgs) StdoutLine: {'line': b'-- Symlinking: /home/diablo/diablo_ws/install/motion_msgs/local/lib/python3.10/dist-packages/motion_msgs/msg/_leg_motors.py\n'}
[13.271202] (motion_msgs) StdoutLine: {'line': b'-- Symlinking: /home/diablo/diablo_ws/install/motion_msgs/local/lib/python3.10/dist-packages/motion_msgs/msg/_leg_motors_s.c\n'}
[13.283106] (-) TimerEvent: {}
[13.303193] (motion_msgs) StdoutLine: {'line': b'-- Symlinking: /home/diablo/diablo_ws/install/motion_msgs/local/lib/python3.10/dist-packages/motion_msgs/msg/_motion_ctrl.py\n'}
[13.334085] (motion_msgs) StdoutLine: {'line': b'-- Symlinking: /home/diablo/diablo_ws/install/motion_msgs/local/lib/python3.10/dist-packages/motion_msgs/msg/_motion_ctrl_s.c\n'}
[13.367621] (motion_msgs) StdoutLine: {'line': b'-- Symlinking: /home/diablo/diablo_ws/install/motion_msgs/local/lib/python3.10/dist-packages/motion_msgs/msg/_movement_ctrl_data.py\n'}
[13.383436] (-) TimerEvent: {}
[13.402387] (motion_msgs) StdoutLine: {'line': b'-- Symlinking: /home/diablo/diablo_ws/install/motion_msgs/local/lib/python3.10/dist-packages/motion_msgs/msg/_movement_ctrl_data_s.c\n'}
[13.433557] (motion_msgs) StdoutLine: {'line': b'-- Symlinking: /home/diablo/diablo_ws/install/motion_msgs/local/lib/python3.10/dist-packages/motion_msgs/msg/_movement_ctrl_mode.py\n'}
[13.464943] (motion_msgs) StdoutLine: {'line': b'-- Symlinking: /home/diablo/diablo_ws/install/motion_msgs/local/lib/python3.10/dist-packages/motion_msgs/msg/_movement_ctrl_mode_s.c\n'}
[13.483721] (-) TimerEvent: {}
[13.496759] (motion_msgs) StdoutLine: {'line': b'-- Symlinking: /home/diablo/diablo_ws/install/motion_msgs/local/lib/python3.10/dist-packages/motion_msgs/msg/_robot_status.py\n'}
[13.527789] (motion_msgs) StdoutLine: {'line': b'-- Symlinking: /home/diablo/diablo_ws/install/motion_msgs/local/lib/python3.10/dist-packages/motion_msgs/msg/_robot_status_s.c\n'}
[13.560530] (motion_msgs) StdoutLine: {'line': b'-- Up-to-date symlink: /home/diablo/diablo_ws/install/motion_msgs/local/lib/python3.10/dist-packages/motion_msgs/motion_msgs_s__rosidl_typesupport_fastrtps_c.cpython-310-aarch64-linux-gnu.so\n'}
[13.561952] (motion_msgs) StdoutLine: {'line': b'-- Up-to-date symlink: /home/diablo/diablo_ws/install/motion_msgs/local/lib/python3.10/dist-packages/motion_msgs/motion_msgs_s__rosidl_typesupport_introspection_c.cpython-310-aarch64-linux-gnu.so\n'}
[13.563429] (motion_msgs) StdoutLine: {'line': b'-- Up-to-date symlink: /home/diablo/diablo_ws/install/motion_msgs/local/lib/python3.10/dist-packages/motion_msgs/motion_msgs_s__rosidl_typesupport_c.cpython-310-aarch64-linux-gnu.so\n'}
[13.564476] (motion_msgs) StdoutLine: {'line': b'-- Symlinking: /home/diablo/diablo_ws/install/motion_msgs/share/motion_msgs/msg/CtrlPlot.idl\n'}
[13.583950] (-) TimerEvent: {}
[13.598267] (motion_msgs) StdoutLine: {'line': b'-- Symlinking: /home/diablo/diablo_ws/install/motion_msgs/share/motion_msgs/msg/LegMotors.idl\n'}
[13.631695] (motion_msgs) StdoutLine: {'line': b'-- Symlinking: /home/diablo/diablo_ws/install/motion_msgs/share/motion_msgs/msg/MotionCtrl.idl\n'}
[13.666506] (motion_msgs) StdoutLine: {'line': b'-- Symlinking: /home/diablo/diablo_ws/install/motion_msgs/share/motion_msgs/msg/RobotStatus.idl\n'}
[13.684238] (-) TimerEvent: {}
[13.699679] (motion_msgs) StdoutLine: {'line': b'-- Symlinking: /home/diablo/diablo_ws/install/motion_msgs/share/motion_msgs/msg/MovementCtrlData.idl\n'}
[13.731101] (motion_msgs) StdoutLine: {'line': b'-- Symlinking: /home/diablo/diablo_ws/install/motion_msgs/share/motion_msgs/msg/MovementCtrlMode.idl\n'}
[13.762920] (motion_msgs) StdoutLine: {'line': b'-- Symlinking: /home/diablo/diablo_ws/install/motion_msgs/share/motion_msgs/msg/CtrlPlot.msg\n'}
[13.784488] (-) TimerEvent: {}
[13.796426] (motion_msgs) StdoutLine: {'line': b'-- Symlinking: /home/diablo/diablo_ws/install/motion_msgs/share/motion_msgs/msg/LegMotors.msg\n'}
[13.831369] (motion_msgs) StdoutLine: {'line': b'-- Symlinking: /home/diablo/diablo_ws/install/motion_msgs/share/motion_msgs/msg/MotionCtrl.msg\n'}
[13.864437] (motion_msgs) StdoutLine: {'line': b'-- Symlinking: /home/diablo/diablo_ws/install/motion_msgs/share/motion_msgs/msg/RobotStatus.msg\n'}
[13.884795] (-) TimerEvent: {}
[13.896980] (motion_msgs) StdoutLine: {'line': b'-- Symlinking: /home/diablo/diablo_ws/install/motion_msgs/share/motion_msgs/msg/MovementCtrlData.msg\n'}
[13.929793] (motion_msgs) StdoutLine: {'line': b'-- Symlinking: /home/diablo/diablo_ws/install/motion_msgs/share/motion_msgs/msg/MovementCtrlMode.msg\n'}
[13.960995] (motion_msgs) StdoutLine: {'line': b'-- Symlinking: /home/diablo/diablo_ws/install/motion_msgs/share/ament_index/resource_index/package_run_dependencies/motion_msgs\n'}
[13.985014] (-) TimerEvent: {}
[13.994307] (motion_msgs) StdoutLine: {'line': b'-- Symlinking: /home/diablo/diablo_ws/install/motion_msgs/share/ament_index/resource_index/parent_prefix_path/motion_msgs\n'}
[14.026897] (motion_msgs) StdoutLine: {'line': b'-- Symlinking: /home/diablo/diablo_ws/install/motion_msgs/share/motion_msgs/environment/ament_prefix_path.sh\n'}
[14.058268] (motion_msgs) StdoutLine: {'line': b'-- Symlinking: /home/diablo/diablo_ws/install/motion_msgs/share/motion_msgs/environment/ament_prefix_path.dsv\n'}
[14.085261] (-) TimerEvent: {}
[14.091397] (motion_msgs) StdoutLine: {'line': b'-- Symlinking: /home/diablo/diablo_ws/install/motion_msgs/share/motion_msgs/environment/path.sh\n'}
[14.126088] (motion_msgs) StdoutLine: {'line': b'-- Symlinking: /home/diablo/diablo_ws/install/motion_msgs/share/motion_msgs/environment/path.dsv\n'}
[14.157375] (motion_msgs) StdoutLine: {'line': b'-- Symlinking: /home/diablo/diablo_ws/install/motion_msgs/share/motion_msgs/local_setup.bash\n'}
[14.185489] (-) TimerEvent: {}
[14.190468] (motion_msgs) StdoutLine: {'line': b'-- Symlinking: /home/diablo/diablo_ws/install/motion_msgs/share/motion_msgs/local_setup.sh\n'}
[14.222629] (motion_msgs) StdoutLine: {'line': b'-- Symlinking: /home/diablo/diablo_ws/install/motion_msgs/share/motion_msgs/local_setup.zsh\n'}
[14.255005] (motion_msgs) StdoutLine: {'line': b'-- Symlinking: /home/diablo/diablo_ws/install/motion_msgs/share/motion_msgs/local_setup.dsv\n'}
[14.285691] (-) TimerEvent: {}
[14.286858] (motion_msgs) StdoutLine: {'line': b'-- Symlinking: /home/diablo/diablo_ws/install/motion_msgs/share/motion_msgs/package.dsv\n'}
[14.319265] (motion_msgs) StdoutLine: {'line': b'-- Symlinking: /home/diablo/diablo_ws/install/motion_msgs/share/ament_index/resource_index/packages/motion_msgs\n'}
[14.352129] (motion_msgs) StdoutLine: {'line': b'-- Symlinking: /home/diablo/diablo_ws/install/motion_msgs/share/motion_msgs/cmake/rosidl_cmake-extras.cmake\n'}
[14.385919] (-) TimerEvent: {}
[14.387135] (motion_msgs) StdoutLine: {'line': b'-- Symlinking: /home/diablo/diablo_ws/install/motion_msgs/share/motion_msgs/cmake/ament_cmake_export_dependencies-extras.cmake\n'}
[14.421540] (motion_msgs) StdoutLine: {'line': b'-- Symlinking: /home/diablo/diablo_ws/install/motion_msgs/share/motion_msgs/cmake/ament_cmake_export_include_directories-extras.cmake\n'}
[14.453774] (motion_msgs) StdoutLine: {'line': b'-- Symlinking: /home/diablo/diablo_ws/install/motion_msgs/share/motion_msgs/cmake/ament_cmake_export_libraries-extras.cmake\n'}
[14.485377] (motion_msgs) StdoutLine: {'line': b'-- Symlinking: /home/diablo/diablo_ws/install/motion_msgs/share/motion_msgs/cmake/ament_cmake_export_targets-extras.cmake\n'}
[14.486047] (-) TimerEvent: {}
[14.517653] (motion_msgs) StdoutLine: {'line': b'-- Symlinking: /home/diablo/diablo_ws/install/motion_msgs/share/motion_msgs/cmake/rosidl_cmake_export_typesupport_targets-extras.cmake\n'}
[14.548817] (motion_msgs) StdoutLine: {'line': b'-- Symlinking: /home/diablo/diablo_ws/install/motion_msgs/share/motion_msgs/cmake/rosidl_cmake_export_typesupport_libraries-extras.cmake\n'}
[14.580085] (motion_msgs) StdoutLine: {'line': b'-- Symlinking: /home/diablo/diablo_ws/install/motion_msgs/share/motion_msgs/cmake/motion_msgsConfig.cmake\n'}
[14.586241] (-) TimerEvent: {}
[14.612933] (motion_msgs) StdoutLine: {'line': b'-- Symlinking: /home/diablo/diablo_ws/install/motion_msgs/share/motion_msgs/cmake/motion_msgsConfig-version.cmake\n'}
[14.644764] (motion_msgs) StdoutLine: {'line': b'-- Symlinking: /home/diablo/diablo_ws/install/motion_msgs/share/motion_msgs/package.xml\n'}
[14.678977] (motion_msgs) StdoutLine: {'line': b'-- Installing: /home/diablo/diablo_ws/install/motion_msgs/lib/libmotion_msgs__rosidl_generator_c.so\n'}
[14.686455] (-) TimerEvent: {}
[14.687253] (motion_msgs) StdoutLine: {'line': b'-- Set runtime path of "/home/diablo/diablo_ws/install/motion_msgs/lib/libmotion_msgs__rosidl_generator_c.so" to ""\n'}
[14.688190] (motion_msgs) StdoutLine: {'line': b'-- Installing: /home/diablo/diablo_ws/install/motion_msgs/lib/libmotion_msgs__rosidl_typesupport_fastrtps_c.so\n'}
[14.694279] (motion_msgs) StdoutLine: {'line': b'-- Set runtime path of "/home/diablo/diablo_ws/install/motion_msgs/lib/libmotion_msgs__rosidl_typesupport_fastrtps_c.so" to ""\n'}
[14.695317] (motion_msgs) StdoutLine: {'line': b'-- Installing: /home/diablo/diablo_ws/install/motion_msgs/lib/libmotion_msgs__rosidl_typesupport_introspection_c.so\n'}
[14.699888] (motion_msgs) StdoutLine: {'line': b'-- Set runtime path of "/home/diablo/diablo_ws/install/motion_msgs/lib/libmotion_msgs__rosidl_typesupport_introspection_c.so" to ""\n'}
[14.700496] (motion_msgs) StdoutLine: {'line': b'-- Installing: /home/diablo/diablo_ws/install/motion_msgs/lib/libmotion_msgs__rosidl_typesupport_c.so\n'}
[14.703937] (motion_msgs) StdoutLine: {'line': b'-- Set runtime path of "/home/diablo/diablo_ws/install/motion_msgs/lib/libmotion_msgs__rosidl_typesupport_c.so" to ""\n'}
[14.704535] (motion_msgs) StdoutLine: {'line': b'-- Installing: /home/diablo/diablo_ws/install/motion_msgs/lib/libmotion_msgs__rosidl_typesupport_fastrtps_cpp.so\n'}
[14.709407] (motion_msgs) StdoutLine: {'line': b'-- Set runtime path of "/home/diablo/diablo_ws/install/motion_msgs/lib/libmotion_msgs__rosidl_typesupport_fastrtps_cpp.so" to ""\n'}
[14.710062] (motion_msgs) StdoutLine: {'line': b'-- Installing: /home/diablo/diablo_ws/install/motion_msgs/lib/libmotion_msgs__rosidl_typesupport_introspection_cpp.so\n'}
[14.714876] (motion_msgs) StdoutLine: {'line': b'-- Set runtime path of "/home/diablo/diablo_ws/install/motion_msgs/lib/libmotion_msgs__rosidl_typesupport_introspection_cpp.so" to ""\n'}
[14.715453] (motion_msgs) StdoutLine: {'line': b'-- Installing: /home/diablo/diablo_ws/install/motion_msgs/lib/libmotion_msgs__rosidl_typesupport_cpp.so\n'}
[14.719407] (motion_msgs) StdoutLine: {'line': b'-- Set runtime path of "/home/diablo/diablo_ws/install/motion_msgs/lib/libmotion_msgs__rosidl_typesupport_cpp.so" to ""\n'}
[14.786588] (-) TimerEvent: {}
[14.887306] (-) TimerEvent: {}
[14.917440] (motion_msgs) StdoutLine: {'line': b"Listing '/home/diablo/diablo_ws/install/motion_msgs/local/lib/python3.10/dist-packages/motion_msgs'...\n"}
[14.918956] (motion_msgs) StdoutLine: {'line': b"Compiling '/home/diablo/diablo_ws/install/motion_msgs/local/lib/python3.10/dist-packages/motion_msgs/__init__.py'...\n"}
[14.919922] (motion_msgs) StdoutLine: {'line': b"Listing '/home/diablo/diablo_ws/install/motion_msgs/local/lib/python3.10/dist-packages/motion_msgs/msg'...\n"}
[14.920893] (motion_msgs) StdoutLine: {'line': b"Compiling '/home/diablo/diablo_ws/install/motion_msgs/local/lib/python3.10/dist-packages/motion_msgs/msg/__init__.py'...\n"}
[14.921825] (motion_msgs) StdoutLine: {'line': b"Compiling '/home/diablo/diablo_ws/install/motion_msgs/local/lib/python3.10/dist-packages/motion_msgs/msg/_ctrl_plot.py'...\n"}
[14.922739] (motion_msgs) StdoutLine: {'line': b"Compiling '/home/diablo/diablo_ws/install/motion_msgs/local/lib/python3.10/dist-packages/motion_msgs/msg/_leg_motors.py'...\n"}
[14.923960] (motion_msgs) StdoutLine: {'line': b"Compiling '/home/diablo/diablo_ws/install/motion_msgs/local/lib/python3.10/dist-packages/motion_msgs/msg/_motion_ctrl.py'...\n"}
[14.924750] (motion_msgs) StdoutLine: {'line': b"Compiling '/home/diablo/diablo_ws/install/motion_msgs/local/lib/python3.10/dist-packages/motion_msgs/msg/_movement_ctrl_data.py'...\n"}
[14.925993] (motion_msgs) StdoutLine: {'line': b"Compiling '/home/diablo/diablo_ws/install/motion_msgs/local/lib/python3.10/dist-packages/motion_msgs/msg/_movement_ctrl_mode.py'...\n"}
[14.927061] (motion_msgs) StdoutLine: {'line': b"Compiling '/home/diablo/diablo_ws/install/motion_msgs/local/lib/python3.10/dist-packages/motion_msgs/msg/_robot_status.py'...\n"}
[14.945575] (motion_msgs) StdoutLine: {'line': b'-- Installing: /home/diablo/diablo_ws/install/motion_msgs/lib/libmotion_msgs__rosidl_generator_py.so\n'}
[14.949875] (motion_msgs) StdoutLine: {'line': b'-- Set runtime path of "/home/diablo/diablo_ws/install/motion_msgs/lib/libmotion_msgs__rosidl_generator_py.so" to ""\n'}
[14.950440] (motion_msgs) StdoutLine: {'line': b'-- Installing: /home/diablo/diablo_ws/install/motion_msgs/share/motion_msgs/cmake/export_motion_msgs__rosidl_generator_cExport.cmake\n'}
[14.951811] (motion_msgs) StdoutLine: {'line': b'-- Installing: /home/diablo/diablo_ws/install/motion_msgs/share/motion_msgs/cmake/export_motion_msgs__rosidl_generator_cExport-release.cmake\n'}
[14.953306] (motion_msgs) StdoutLine: {'line': b'-- Installing: /home/diablo/diablo_ws/install/motion_msgs/share/motion_msgs/cmake/export_motion_msgs__rosidl_typesupport_fastrtps_cExport.cmake\n'}
[14.954750] (motion_msgs) StdoutLine: {'line': b'-- Installing: /home/diablo/diablo_ws/install/motion_msgs/share/motion_msgs/cmake/export_motion_msgs__rosidl_typesupport_fastrtps_cExport-release.cmake\n'}
[14.956602] (motion_msgs) StdoutLine: {'line': b'-- Installing: /home/diablo/diablo_ws/install/motion_msgs/share/motion_msgs/cmake/motion_msgs__rosidl_typesupport_introspection_cExport.cmake\n'}
[14.958410] (motion_msgs) StdoutLine: {'line': b'-- Installing: /home/diablo/diablo_ws/install/motion_msgs/share/motion_msgs/cmake/motion_msgs__rosidl_typesupport_introspection_cExport-release.cmake\n'}
[14.960182] (motion_msgs) StdoutLine: {'line': b'-- Installing: /home/diablo/diablo_ws/install/motion_msgs/share/motion_msgs/cmake/motion_msgs__rosidl_typesupport_cExport.cmake\n'}
[14.961899] (motion_msgs) StdoutLine: {'line': b'-- Installing: /home/diablo/diablo_ws/install/motion_msgs/share/motion_msgs/cmake/motion_msgs__rosidl_typesupport_cExport-release.cmake\n'}
[14.963650] (motion_msgs) StdoutLine: {'line': b'-- Installing: /home/diablo/diablo_ws/install/motion_msgs/share/motion_msgs/cmake/export_motion_msgs__rosidl_generator_cppExport.cmake\n'}
[14.965405] (motion_msgs) StdoutLine: {'line': b'-- Installing: /home/diablo/diablo_ws/install/motion_msgs/share/motion_msgs/cmake/export_motion_msgs__rosidl_typesupport_fastrtps_cppExport.cmake\n'}
[14.967124] (motion_msgs) StdoutLine: {'line': b'-- Installing: /home/diablo/diablo_ws/install/motion_msgs/share/motion_msgs/cmake/export_motion_msgs__rosidl_typesupport_fastrtps_cppExport-release.cmake\n'}
[14.968585] (motion_msgs) StdoutLine: {'line': b'-- Installing: /home/diablo/diablo_ws/install/motion_msgs/share/motion_msgs/cmake/motion_msgs__rosidl_typesupport_introspection_cppExport.cmake\n'}
[14.970060] (motion_msgs) StdoutLine: {'line': b'-- Installing: /home/diablo/diablo_ws/install/motion_msgs/share/motion_msgs/cmake/motion_msgs__rosidl_typesupport_introspection_cppExport-release.cmake\n'}
[14.971523] (motion_msgs) StdoutLine: {'line': b'-- Installing: /home/diablo/diablo_ws/install/motion_msgs/share/motion_msgs/cmake/motion_msgs__rosidl_typesupport_cppExport.cmake\n'}
[14.972881] (motion_msgs) StdoutLine: {'line': b'-- Installing: /home/diablo/diablo_ws/install/motion_msgs/share/motion_msgs/cmake/motion_msgs__rosidl_typesupport_cppExport-release.cmake\n'}
[14.974459] (motion_msgs) StdoutLine: {'line': b'-- Installing: /home/diablo/diablo_ws/install/motion_msgs/share/motion_msgs/cmake/export_motion_msgs__rosidl_generator_pyExport.cmake\n'}
[14.975847] (motion_msgs) StdoutLine: {'line': b'-- Installing: /home/diablo/diablo_ws/install/motion_msgs/share/motion_msgs/cmake/export_motion_msgs__rosidl_generator_pyExport-release.cmake\n'}
[14.983221] (motion_msgs) CommandEnded: {'returncode': 0}
[14.987412] (-) TimerEvent: {}
[15.069791] (motion_msgs) JobEnded: {'identifier': 'motion_msgs', 'rc': 0}
[15.074609] (diablo_body) JobStarted: {'identifier': 'diablo_body'}
[15.089195] (-) TimerEvent: {}
[15.100271] (diablo_body) JobEnded: {'identifier': 'diablo_body', 'rc': 1}
[15.112468] (diablo_ctrl) JobSkipped: {'identifier': 'diablo_ctrl'}
[15.112744] (-) EventReactorShutdown: {}
